rule,id,symbol,entry_time,exit_time,entry_price,exit_price,stop_pct,cost,pnl,reason
baseline,closed-1,VVV/USDT,1773376987.682436,1773460799.999,6.363,6.1988,8.0,238.0952380952381,-6.144151830149,BE_STOP
baseline,closed-0,TRX/USDT,1773376987.6815863,1773935999.999,0.2896,0.29989,8.0,476.19047619047626,16.91988950276235,NO_LONG
baseline,closed-120,VVV/USDT,1773965225.795107,1774324799.999,5.7672,5.616,8.0,142.85714285714286,-3.7453183520599342,BE_STOP
baseline,closed-2,TAO/USDT,1774441801.607653,1774612799.999,358.03,324.56,8.0,116.27906976744185,-10.870207706382914,STOP_LOSS
baseline,closed-6,PURR/USDT,1774442017.1916852,1774612799.999,0.087222,0.078611,8.0,166.66666666666666,-16.454182048871445,STOP_LOSS
baseline,closed-219,MORPHO/USDT,1774510530.623234,1774612799.999,1.67,1.5096,8.0,41.666666666666664,-4.001996007984029,STOP_LOSS
baseline,closed-5,ZRO/USDT,1774441946.5160167,1774627199.999,2.219,2.0187,8.0,181.8181818181818,-16.41197918800441,STOP_LOSS
baseline,open-0,HYPE/USDT,1773232095.0530453,1775102399.999,35.49,35.19,8.0,454.54545454545456,-3.8423115346192755,BE_STOP
baseline,closed-24,POLYX/USDT,1775288053.4456906,1775318399.999,0.0559,0.051078,8.0,40.32258064516129,-3.4782734145074707,STOP_LOSS
baseline,closed-20,ALGO/USDT,1775318628.0736766,1775519999.999,0.11886,0.11847,8.0,80.64516129032258,-0.26461057465274496,BE_STOP
baseline,open-3,APE/USDT,1775175276.6262028,1775563199.999,0.0829,0.0829,8.0,41.666666666666664,0.0,BE_STOP
baseline,closed-26,AIXBT/USDT,1775657941.3443787,1775678399.999,0.02726,0.024891,8.0,40.32258064516129,-3.5041890516649703,STOP_LOSS
baseline,closed-3,TAO/USDT,1774650703.1715167,1775779199.999,313.81,304.57,8.0,166.66666666666666,-4.907428061565929,BE_STOP
baseline,closed-4,TNSR/USDT,1775720377.817925,1775807999.999,0.04687,0.04389,8.0,24.193548387096772,-1.5382285938457099,BE_STOP
baseline,closed-32,RENDER/USDT,1775246608.4542537,1775966399.999,1.9436,1.9263,8.0,166.66666666666666,-1.4835014063250458,BE_STOP
baseline,closed-10,TURBO/USDT,1776366178.3499205,1776412799.999,0.00133,0.001211,8.0,19.53125,-1.747532894736841,STOP_LOSS
baseline,closed-16,GRIFFAIN/USDT,1776441680.2020073,1776470399.999,0.01773,0.0162,8.0,39.0625,-3.370875634517768,STOP_LOSS
baseline,closed-14,LDO/USDT,1776356269.2247193,1776513599.999,0.41589,0.4075,8.0,58.59374999999999,-1.182047085767875,BE_STOP
baseline,closed-13,MOODENG/USDT,1776370082.2002487,1776513599.999,0.061019,0.056095,8.0,58.59375,-4.728291597699077,STOP_LOSS
baseline,closed-15,ZETA/USDT,1776392430.3794386,1776513599.999,0.06179,0.05586,8.0,19.53125,-1.874418392943842,STOP_LOSS
baseline,closed-27,GRASS/USDT,1776338275.5458813,1776527999.999,0.37161,0.33569,8.0,109.89010989010987,-10.622030481560628,STOP_LOSS
baseline,closed-22,ACE/USDT,1776501359.121004,1776527999.999,0.1444,0.1354,8.0,11.71875,-0.7303930055401671,BE_STOP
baseline,closed-28,AERO/USDT,1776427632.5067496,1776542399.999,0.41991,0.40542,8.0,58.59375,-2.021917643066371,BE_STOP
baseline,closed-31,VIRTUAL/USDT,1776442685.225196,1776542399.999,0.77449,0.70582,8.0,58.59375,-5.195203052976798,STOP_LOSS
baseline,closed-25,TIA/USDT,1776470858.0107574,1776542399.999,0.4314,0.39664,8.0,58.59375,-4.721183936022253,STOP_LOSS
baseline,closed-17,ZRO/USDT,1776338966.3650606,1776556799.999,1.9454,1.7817,8.0,19.53125,-1.6435003726740005,STOP_LOSS
baseline,closed-34,KAITO/USDT,1776338275.548521,1776556799.999,0.4499,0.44094,8.0,54.94505494505494,-1.094260262964422,BE_STOP
baseline,closed-9,MON/USDT,1776338349.0392292,1776556799.999,0.035808,0.032415,8.0,45.45454545454545,-4.307061905922494,STOP_LOSS
baseline,closed-38,PURR/USDT,1776348142.5372531,1776571199.999,0.080033,0.078777,8.0,78.125,-1.2260567515899774,BE_STOP
baseline,closed-37,WLD/USDT,1776474095.795278,1776571199.999,0.28456,0.261,8.0,11.71875,-0.9702479266235583,STOP_LOSS
baseline,closed-45,ZEC/USDT,1776338419.7554412,1776628799.999,345.78,303.4,8.0,39.0625,-4.787635924576321,STOP_LOSS
baseline,closed-46,TAO/USDT,1776441680.2079284,1776643199.999,260.73,239.36,8.0,78.125,-6.403295554788481,STOP_LOSS
baseline,closed-8,FET/USDT,1776338275.5433605,1776643199.999,0.2312,0.2085,8.0,27.47252747252747,-2.6973459066884664,STOP_LOSS
baseline,closed-49,CAKE/USDT,1776442685.2202237,1776643199.999,1.6391,1.5029,8.0,58.59375000000001,-4.868811390397175,STOP_LOSS
baseline,closed-29,DYDX/USDT,1776484907.512156,1776643199.999,0.14717,0.13368,8.0,58.59375,-5.370861503703203,STOP_LOSS
baseline,closed-58,COMP/USDT,1776338275.5405662,1776801599.999,22.779,22.659,8.0,82.41758241758241,-0.4341766491114609,BE_STOP
baseline,closed-63,SUPER/USDT,1776663915.8739815,1776916799.999,0.12494,0.12434,8.0,19.53125,-0.09379502161037043,BE_STOP
baseline,closed-7,TRB/USDT,1776338419.7474828,1776945599.999,17.773,17.745,8.0,58.59375000000001,-0.09230996455297011,BE_STOP
baseline,closed-68,HYPER/USDT,1777117974.2439666,1777175999.999,0.13234,0.12924,8.0,19.53125,-0.45751001209007414,BE_STOP
baseline,closed-69,HEMI/USDT,1777148562.0403845,1777262399.999,0.009872,0.008819,8.0,19.53125,-2.0833069540113454,STOP_LOSS
baseline,closed-72,LDO/USDT,1776888212.1474862,1777276799.999,0.394,0.38265,8.0,58.59375,-1.6879164022842708,BE_STOP
baseline,closed-74,SPX/USDT,1776960127.6242328,1777276799.999,0.3914,0.38611,8.0,39.0625,-0.527952542156364,BE_STOP
baseline,closed-75,TRUMP/USDT,1777153335.7161508,1777291199.999,2.5483,2.5455,8.0,19.53125,-0.021460385354939854,BE_STOP
baseline,closed-65,DOT/USDT,1775980972.484268,1777305599.999,1.2249,1.218,8.0,40.32258064516129,-0.2271416494829098,BE_STOP
baseline,closed-76,INJ/USDT,1777188940.993972,1777305599.999,3.9042,3.5434,8.0,19.53125,-1.8049472363096137,STOP_LOSS
baseline,closed-67,MON/USDT,1776960050.4621058,1777348799.999,0.03295,0.030009,8.0,39.0625,-3.486580045523519,STOP_LOSS
baseline,closed-82,MINA/USDT,1777183609.7501297,1777348799.999,0.066591,0.061162,8.0,19.53125,-1.5923346435704517,STOP_LOSS
baseline,closed-80,GRASS/USDT,1776687450.598616,1777377599.999,0.3347,0.33381,8.0,39.0625,-0.10387100388407379,BE_STOP
baseline,closed-81,ALGO/USDT,1777090682.0724192,1777478399.999,0.11172,0.11038,8.0,39.0625,-0.4685262262799821,BE_STOP
baseline,closed-87,JUP/USDT,1777263265.137944,1777478399.999,0.1981,0.18167,8.0,39.0625,-3.239762115093388,STOP_LOSS
baseline,closed-90,ACE/USDT,1776621986.14587,1777579199.999,0.1173,0.1173,8.0,11.71827,0.0,BE_STOP
baseline,closed-88,WLD/USDT,1776659553.5330515,1777622399.999,0.26257,0.23954,8.0,19.53125,-1.7130848440415893,STOP_LOSS
baseline,closed-91,AIXBT/USDT,1777537069.5531116,1777636799.999,0.03023,0.030167,8.0,39.0625,-0.08140712868011812,BE_STOP
baseline,closed-93,TRUMP/USDT,1777398443.293293,1777694399.999,2.4715,2.2732,8.0,11.71875,-0.9402501011531446,STOP_LOSS
baseline,closed-94,GMX/USDT,1776932030.135696,1777766399.999,7.0524,7.0444,8.0,39.0625,-0.04431115648573236,BE_STOP
baseline,closed-103,CC/USDT,1776338275.5379689,1777910399.999,0.14667,0.1456,8.0,54.94505494505494,-0.4008400408482167,BE_STOP
baseline,closed-71,HYPER/USDT,1777250027.1065764,1778025599.999,0.12097,0.11104,8.0,39.0625,-3.206502645283953,STOP_LOSS
baseline,closed-106,STX/USDT,1778011394.3662658,1778025599.999,0.27688,0.25326,8.0,39.0625,-3.3323325989598414,STOP_LOSS
baseline,closed-54,GRIFFAIN/USDT,1776687604.2435064,1778054399.999,0.01596,0.015371,8.0,39.0625,-1.4415922619047612,BE_STOP
baseline,closed-114,COMP/USDT,1777737408.6844754,1778212799.999,22.645,22.572,8.0,39.062625000000004,-0.12592500000000056,BE_STOP
baseline,closed-112,XMR/USDT,1777220029.4978356,1778212799.999,398.12,389.18,8.0,58.59375,-1.3157543579825153,BE_STOP
baseline,closed-116,AR/USDT,1778040684.8378124,1778342399.999,2.5154,2.4653,8.0,58.59375000000001,-1.167029846147732,BE_STOP
baseline,closed-117,ACE/USDT,1778312880.9325264,1778385599.999,0.1401,0.1377,8.0,19.531341,-0.33458400000000255,BE_STOP
baseline,closed-108,HMSTR/USDT,1777985982.784278,1778471999.999,0.000178,0.000177,8.0,19.53125,-0.10972612359550589,BE_STOP
baseline,closed-121,PURR/USDT,1777907180.30233,1778500799.999,0.069262,0.06827,8.0,19.53125,-0.27973491958072516,BE_STOP
baseline,closed-122,SKY/USDT:USDT,1776384133.7954965,1778515199.999,0.076726,0.076399,8.0,78.125,-0.3329624247321722,BE_STOP
baseline,closed-126,OP/USDT,1778276246.1016092,1778515199.999,0.17145,0.15762,8.0,58.59375,-4.7264599737532755,STOP_LOSS
baseline,closed-127,FIL/USDT,1778040139.0388875,1778558399.999,1.1152,1.1054,8.0,39.0625,-0.34326802367288384,BE_STOP
baseline,closed-125,PUMP/USDT,1778156495.6259973,1778558399.999,0.002053,0.002022,8.0,58.59375,-0.8847570628348826,BE_STOP
baseline,closed-119,LINEA/USDT,1778286505.0023654,1778558399.999,0.004307,0.003926,8.0,78.125,-6.910987926631073,STOP_LOSS
baseline,closed-129,VVV/USDT,1778544063.000116,1778572799.999,17.234,17.195,8.0,78.125,-0.1767944180109185,TRIM
baseline,closed-89,GRASS/USDT,1777464209.6407816,1778572799.999,0.346,0.34432,8.0,39.0625,-0.18966763005779685,BE_STOP
baseline,closed-118,FARTCOIN/USDT,1778068848.3786285,1778572799.999,0.25099,0.25088,8.0,58.59375,-0.025679558946570258,BE_STOP
baseline,closed-132,TURBO/USDT,1777968203.8377542,1778587199.999,0.001287,0.001284,8.0,58.59375,-0.1365821678321632,BE_STOP
baseline,closed-85,MOODENG/USDT,1776845770.4253204,1778587199.999,0.06087,0.060595,8.0,58.59375,-0.26471630113356376,BE_STOP
baseline,closed-135,YGG/USDT,1778286505.0236268,1778587199.999,0.04793,0.044095,8.0,58.59375,-4.688233491550178,STOP_LOSS
baseline,closed-133,ENA/USDT,1778288907.9717069,1778587199.999,0.13441,0.12334,8.0,58.59375,-4.825777936909455,STOP_LOSS
baseline,closed-128,UNI/USDT,1778372238.987565,1778587199.999,3.8104,3.7662,8.0,58.59375,-0.6796776585135428,BE_STOP
baseline,closed-130,KAS/USDT,1778429740.3404424,1778587199.999,0.0386,0.038521,8.0,58.59375,-0.11991985103627402,BE_STOP
baseline,closed-138,FET/USDT,1778054711.5226376,1778601599.999,0.22606,0.22395,8.0,58.59374999999999,-0.5469026475272021,BE_STOP
baseline,closed-99,LDO/USDT,1777376275.7438529,1778601599.999,0.3906,0.38864,8.0,39.0625,-0.19601254480286837,BE_STOP
baseline,closed-101,ZETA/USDT,1777563250.3521895,1778601599.999,0.05895,0.05883,8.0,19.53125,-0.039758269720102137,BE_STOP
baseline,closed-134,ZEN/USDT,1777810728.8971298,1778601599.999,6.6011,6.5389,8.0,58.59375,-0.5521096862644076,BE_STOP
baseline,closed-136,ENS/USDT,1778443738.9499888,1778601599.999,7.5691,6.8669,8.0,58.59375000000001,-5.435855154509778,STOP_LOSS
baseline,closed-142,GMX/USDT,1778183897.7016904,1778630399.999,7.2157,7.1909,8.0,39.0625,-0.13425585875244223,BE_STOP
baseline,closed-143,VVV/USDT,1778573129.6282673,1778644799.999,17.183,15.199,8.0,58.59375,-6.765407670371881,STOP_LOSS
baseline,closed-149,PURR/USDT,1778605541.2295043,1778687999.999,0.06708,0.059397,8.0,19.53125,-2.237009447674419,STOP_LOSS
baseline,closed-146,ALGO/USDT,1778011640.4313915,1778687999.999,0.11899,0.11626,8.0,78.125,-1.7924300361374899,BE_STOP
baseline,closed-97,MON/USDT,1777648071.9245172,1778687999.999,0.029378,0.028979,8.0,19.53125,-0.2652654622506629,BE_STOP
baseline,closed-153,VIRTUAL/USDT,1777867939.9666662,1778687999.999,0.77685,0.76502,8.0,58.59374999999999,-0.8922752944583926,BE_STOP
baseline,closed-144,HYPER/USDT,1778027735.9757051,1778687999.999,0.10849,0.10387,8.0,19.53125,-0.8317298829385198,BE_STOP
baseline,closed-147,SNX/USDT,1778200279.8742115,1778687999.999,0.3399,0.32673,8.0,58.59375,-2.270313879082079,BE_STOP
baseline,closed-151,BRETT/USDT,1778300975.9792583,1778687999.999,0.009479,0.009276,8.0,58.59374999999999,-1.2548297552484438,BE_STOP
baseline,closed-159,STX/USDT,1778214541.0529773,1778731199.999,0.26412,0.26076,8.0,58.59375,-0.7453998182644327,BE_STOP
baseline,closed-167,ICP/USDT,1778054711.548446,1778831999.999,2.7566,2.718,8.0,58.59375,-0.8204740441123131,BE_STOP
baseline,closed-169,GMT/USDT,1778789470.1753953,1778846399.999,0.013324,0.012245,8.0,58.59375,-4.745020733263284,STOP_LOSS
baseline,closed-171,PURR/USDT,1778797954.3954852,1778860799.999,0.069389,0.069172,8.0,19.53125,-0.06108001628500398,BE_STOP
baseline,closed-179,NEO/USDT,1778142776.6817453,1778860799.999,2.9751,2.9672,8.0,58.59375,-0.15558825753755456,BE_STOP
baseline,closed-172,ARB/USDT,1778184130.607847,1778860799.999,0.12634,0.12381,8.0,39.0625,-0.7822393936995431,BE_STOP
baseline,closed-178,IMX/USDT,1778301053.3732498,1778860799.999,0.19237,0.19053,8.0,58.59374999999999,-0.5604434163331093,BE_STOP
baseline,closed-170,SUI/USDT,1778401945.7011185,1778860799.999,1.1266,1.0881,8.0,58.59375,-2.0023605316882622,BE_STOP
baseline,closed-184,SKY/USDT,1774583431.537942,1778875199.999,0.070643,0.070418,8.0,24.999999999999996,-0.07962572370935615,BE_STOP
baseline,closed-185,MINA/USDT,1777860052.3457975,1778875199.999,0.060491,0.060468,8.0,19.53125,-0.007426208030946683,BE_STOP
baseline,closed-183,KAITO/USDT,1777521756.313358,1778903999.999,0.4445,0.44069,8.0,39.0625,-0.33482142857142827,BE_STOP
baseline,closed-187,WLFI/USDT,1778351621.9763196,1778903999.999,0.069881,0.064232,8.0,11.71875,-0.9473135580486837,STOP_LOSS
baseline,closed-195,ANIME/USDT,1775527308.6855934,1778918399.999,0.004501,0.004418,8.0,40.32258064516129,-0.7435623624857525,BE_STOP
baseline,closed-194,LDO/USDT,1778729266.8945713,1778918399.999,0.38189,0.34903,8.0,39.0625,-3.3611609363952972,STOP_LOSS
baseline,closed-188,XMR/USDT,1778616171.6672418,1778918399.999,410.28,376.77,8.0,78.125,-6.3809319245393405,STOP_LOSS
baseline,closed-196,STX/USDT,1778821086.2772062,1778918399.999,0.2628,0.24175,8.0,39.0625,-3.1288646308980184,STOP_LOSS
baseline,closed-182,ETC/USDT,1778257707.5379243,1778918399.999,9.7875,8.9182,8.0,58.59375,-5.204142720306511,STOP_LOSS
baseline,closed-158,VVV/USDT,1778683772.2146978,1778932799.999,14.256,12.696,8.0,78.125,-8.549031986531986,STOP_LOSS
baseline,closed-21,FLOKI/USDT,1776410843.7259934,1778932799.999,3.153e-05,3.1431e-05,8.0,78.125,-0.24530209324452773,BE_STOP
baseline,closed-200,TIA/USDT,1778214541.0735338,1778932799.999,0.4011,0.40026,8.0,58.59375,-0.12270942408377236,BE_STOP
baseline,closed-197,AR/USDT,1778582251.4555106,1778932799.999,2.3092,2.114,8.0,78.125,-6.604018707777595,STOP_LOSS
baseline,closed-203,LINK/USDT,1778301053.3965695,1778932799.999,10.541,9.648,8.0,58.59375000000001,-4.96387617398729,STOP_LOSS
baseline,closed-208,AERO/USDT,1776870104.3286061,1778961599.999,0.4193,0.41819,8.0,19.53125,-0.051704477700930104,BE_STOP
baseline,closed-201,MANTA/USDT,1778501315.778693,1779004799.999,0.07504,0.07494,8.0,58.59375,-0.07808335554370305,BE_STOP
baseline,closed-206,DYDX/USDT,1776787769.7733579,1779019199.999,0.13995,0.13989,8.0,58.59375,-0.02512057877813523,BE_STOP
baseline,closed-202,CAKE/USDT,1778429740.3196933,1779033599.999,1.5887,1.4586,8.0,58.59375,-4.798292235790273,STOP_LOSS
baseline,closed-211,POLYX/USDT,1778272136.726014,1779062399.999,0.053748,0.052985,8.0,58.59375,-0.8317896712435797,BE_STOP
baseline,closed-213,TURBO/USDT,1778860958.2029781,1779062399.999,0.001227,0.001115,8.0,39.0625,-3.565607171964135,STOP_LOSS
baseline,closed-212,GMX/USDT,1778630678.8668063,1779062399.999,7.2025,6.5878,8.0,19.53125,-1.6669016834432495,STOP_LOSS
baseline,closed-199,RENDER/USDT,1776537341.7600853,1779076799.999,1.787,1.7714,8.0,78.125,-0.6820089535534372,BE_STOP
baseline,closed-176,MON/USDT,1778801725.1860821,1779076799.999,0.029894,0.02708,8.0,11.71875,-1.103116428045762,STOP_LOSS
baseline,closed-215,FIL/USDT,1778823647.6918747,1779091199.999,1.02,0.93638,8.0,78.125,-6.404718137254907,STOP_LOSS
baseline,closed-216,DOGE/USDT,1777867939.9468355,1779119999.999,0.11303,0.10381,8.0,58.59375000000001,-4.779566265593206,STOP_LOSS
baseline,closed-217,W/USDT,1778868687.5313115,1779119999.999,0.01318,0.01211,8.0,19.53125,-1.5856174127465883,STOP_LOSS
baseline,closed-218,KAITO/USDT,1779034109.0460885,1779177599.999,0.49811,0.45066,8.0,19.53125,-1.8605484983236633,STOP_LOSS
baseline,closed-223,VVV/USDT,1779033642.6291392,1779191999.999,14.334,14.275,8.0,39.0625,-0.1607846728059149,BE_STOP
baseline,closed-229,XMR/USDT,1779127534.1136112,1779422399.999,387.21,381.58,8.0,19.53125,-0.28398269027142803,BE_STOP
baseline,closed-232,DYDX/USDT,1779249877.1534681,1779465599.999,0.1487,0.14844,8.0,39.0625,-0.06830026899798565,BE_STOP
baseline,closed-230,ZEN/USDT,1779278568.483516,1779465599.999,6.3773,6.3128,8.0,58.59375,-0.5926170754080862,BE_STOP
baseline,closed-237,MON/USDT,1779394866.682503,1779479999.999,0.029253,0.026533,8.0,39.0625,-3.6321061087751665,STOP_LOSS
baseline,closed-235,SPX/USDT,1779264730.7604845,1779479999.999,0.37281,0.3638,8.0,39.0625,-0.9440549475604135,BE_STOP
baseline,closed-220,HYPER/USDT,1779088126.5799108,1779479999.999,0.11488,0.10663,8.0,19.53125,-1.4026184932103063,BE_STOP
baseline,closed-234,SUI/USDT,1779322474.7654321,1779479999.999,1.0845,1.0556,8.0,39.0625,-1.04094628861226,BE_STOP
baseline,closed-209,AIXBT/USDT,1778976126.813539,1779494399.999,0.032229,0.029254,8.0,39.0625,-3.6057878773775207,STOP_LOSS
baseline,closed-224,COMP/USDT,1778687733.3699238,1779494399.999,22.617,19.647,8.0,19.53125,-2.564788101870276,STOP_LOSS
baseline,closed-245,TURBO/USDT,1779437090.04329,1779494399.999,0.001218,0.00111,8.0,39.0625,-3.463669950738912,STOP_LOSS
baseline,closed-243,FLOKI/USDT,1778990618.0513735,1779494399.999,0.031644,0.028922,8.0,39.0625,-3.3601354127164687,STOP_LOSS
baseline,closed-242,SUPER/USDT,1779226254.6535099,1779494399.999,0.11049,0.10977,8.0,19.53125,-0.12727396144447461,BE_STOP
baseline,closed-240,AR/USDT,1779293670.9670963,1779494399.999,2.2377,2.0439,8.0,39.0625,-3.3830774902801966,STOP_LOSS
baseline,closed-236,VIRTUAL/USDT,1779423653.5368202,1779523199.999,0.76334,0.6879,8.0,39.0625,-3.8605012183299743,STOP_LOSS
baseline,closed-248,TIA/USDT,1779293748.480091,1779523199.999,0.4083,0.4001,8.0,39.0625,-0.7845028165564529,BE_STOP
baseline,closed-247,STX/USDT,1779046368.1057413,1779523199.999,0.2392,0.23439,8.0,19.53125,-0.3927479619565233,BE_STOP
baseline,closed-252,FIL/USDT,1779452180.1996272,1779523199.999,1.023,0.92628,8.0,58.59374999999999,-5.539772727272723,STOP_LOSS
baseline,closed-249,MANTA/USDT,1779380668.1599226,1779523199.999,0.07492,0.07437,8.0,39.0625,-0.28676421516283734,BE_STOP
baseline,closed-250,POLYX/USDT,1779371457.0499516,1779537599.999,0.052928,0.052468,8.0,39.0625,-0.33949421856106604,BE_STOP
baseline,closed-257,GMT/USDT,1779518426.2256098,1779537599.999,0.012264,0.012084,8.0,19.53125,-0.2866621819960888,BE_STOP
baseline,closed-261,SUPER/USDT,1779583775.0115345,1779623999.999,0.12944,0.11881,8.0,19.53125,-1.6039646747527805,STOP_LOSS
baseline,closed-260,GMT/USDT,1779549791.826632,1779623999.999,0.0119,0.011813,8.0,19.53125,-0.1427914915966386,BE_STOP
baseline,closed-264,VVV/USDT,1779667493.865621,1779753599.999,19.117,17.369,8.0,39.0625,-3.5717555055709593,STOP_LOSS
baseline,closed-265,GMX/USDT,1779379343.8030367,1779767999.999,6.98,6.3722,8.0,58.59375,-5.102189290830948,STOP_LOSS
baseline,closed-266,HYPER/USDT,1779494040.94614,1779782399.999,0.1049,0.095819,8.0,39.0625,-3.381568755958051,STOP_LOSS
baseline,closed-270,ETC/USDT,1779452180.1786182,1779839999.999,9.38,8.6268,8.0,39.0625,-3.136660447761201,STOP_LOSS
baseline,closed-256,BCH/USDT,1779084611.2709715,1779839999.999,374.73,343.06,8.0,19.53125,-1.6506676473727757,STOP_LOSS
baseline,closed-275,ALGO/USDT,1779249645.582131,1779926399.999,0.11575,0.10635,8.0,78.125,-6.344492440604754,STOP_LOSS
baseline,closed-278,VIRTUAL/USDT,1779567384.146958,1779926399.999,0.75786,0.7446,8.0,39.0625,-0.6834623149394332,BE_STOP
baseline,closed-277,EIGEN/USDT,1779725268.386489,1779926399.999,0.2548,0.2281,8.0,39.0625,-4.093283948194666,STOP_LOSS
baseline,closed-292,POLYX/USDT,1779883352.465367,1779940799.999,0.0529,0.048634,8.0,39.0625,-3.150106332703217,STOP_LOSS
baseline,closed-289,AIXBT/USDT,1779917961.0039396,1779940799.999,0.0295,0.027068,8.0,39.0625,-3.220338983050846,STOP_LOSS
baseline,closed-284,AERO/USDT,1779087736.1520138,1779940799.999,0.40568,0.40159,8.0,11.71875,-0.11814653791165441,BE_STOP
baseline,closed-293,WIF/USDT,1776931487.6728902,1779940799.999,0.1803,0.17857,8.0,19.53125,-0.1874046727676085,BE_STOP
baseline,closed-294,MINA/USDT,1779048867.2561538,1779940799.999,0.059114,0.053866,8.0,19.53125,-1.7339378150691884,STOP_LOSS
baseline,closed-285,ZEN/USDT,1779739802.556133,1779940799.999,6.2987,5.7271,8.0,39.0625,-3.544878308222332,STOP_LOSS
baseline,closed-282,FIL/USDT,1779840664.905889,1779940799.999,1.017,0.98507,8.0,39.0625,-1.2264165437561418,BE_STOP
baseline,closed-280,AR/USDT,1779884302.4937804,1779940799.999,2.2268,2.1268,8.0,39.0625,-1.7541988503682422,BE_STOP
baseline,closed-286,ICP/USDT,1779739725.2246745,1779940799.999,2.732,2.7201,8.0,39.0625,-0.1701477855051278,BE_STOP
baseline,closed-255,ZORA/USDT,1779272556.200639,1779940799.999,0.011136,0.009886,8.0,11.71875,-1.3154128502155162,STOP_LOSS
baseline,closed-291,VVV/USDT,1779821530.2240384,1779955199.999,17.518,15.545,8.0,39.0625,-4.399492664687752,STOP_LOSS
baseline,closed-773,OP/USDT,1779305847.0323625,1779955199.999,0.12892,0.11778,8.0,19.53125,-1.6876987666770114,STOP_LOSS
baseline,closed-287,FLOKI/USDT,1779624990.4271636,1779969599.999,0.029687,0.027111,8.0,19.53125,-1.6947653855222842,STOP_LOSS
baseline,closed-259,DYDX/USDT,1779465768.6714635,1779969599.999,0.14785,0.14616,8.0,39.0625,-0.44650405816706007,BE_STOP
baseline,closed-297,ACE/USDT,1779055755.161081,1779969599.999,0.1173,0.1077,8.0,11.71875,-0.9590792838874677,STOP_LOSS
baseline,closed-298,DASH/USDT,1777814320.8284965,1779969599.999,39.231,38.925,8.0,39.0625,-0.30468570773113746,BE_STOP
baseline,closed-290,BTC/USDT,1776873742.6110334,1779983999.999,79309.8,72924.0,8.0,58.59375,-4.717802450012484,STOP_LOSS
baseline,closed-301,PENDLE/USDT,1777622677.5949273,1779983999.999,1.5087,1.4862,8.0,58.59375,-0.8738379896599678,BE_STOP
baseline,closed-303,TAO/USDT,1776989342.9104133,1780084799.999,254.35,249.19,8.0,58.59375000000001,-1.1886917633182585,BE_STOP
baseline,closed-306,HEMI/USDT,1780082379.7867532,1780099199.999,0.007892,0.007153,8.0,19.53125,-1.8288892232640641,STOP_LOSS
baseline,closed-304,TIA/USDT,1779659304.3443706,1780214399.999,0.4042,0.3989,8.0,39.0625,-0.5122000247402299,BE_STOP
baseline,closed-305,AR/USDT,1779998601.8490114,1780214399.999,2.2595,2.2466,8.0,39.0625,-0.2230167072361181,BE_STOP
baseline,closed-311,ASTER/USDT,1779697110.1054738,1780257599.999,0.7173,0.71615,8.0,39.0625,-0.0626263418374495,BE_STOP
baseline,closed-314,BNB/USDT,1780156970.2760699,1780300799.999,695.81,685.9,8.0,39.0625,-0.5563435061295462,BE_STOP
baseline,closed-319,CAKE/USDT,1780200315.0915463,1780329599.999,1.5459,1.4119,8.0,39.0625,-3.3859725726114247,STOP_LOSS
baseline,closed-307,HBAR/USDT,1780099864.263912,1780329599.999,0.10104,0.092206,8.0,39.0625,-3.415262519794143,STOP_LOSS
baseline,closed-315,XMR/USDT,1780142639.0777988,1780343999.999,390.32,351.34,8.0,39.0625,-3.901045936667352,STOP_LOSS
baseline,closed-322,MON/USDT,1779986104.197807,1780401599.999,0.0233,0.021201,8.0,11.71875,-1.0556934012875538,STOP_LOSS
baseline,closed-323,POLYX/USDT,1780218270.4593215,1780415999.999,0.0508,0.044766,8.0,19.53125,-2.3199126476377945,STOP_LOSS
baseline,closed-313,CC/USDT,1779293670.9882667,1780415999.999,0.15269,0.1518,8.0,39.0625,-0.22768763507760753,BE_STOP
baseline,closed-296,TRB/USDT,1779278568.4669595,1780415999.999,17.54,15.967,8.0,58.59375,-5.254730259407062,STOP_LOSS
baseline,closed-329,WIF/USDT,1779989545.0272965,1780415999.999,0.18,0.17829,8.0,19.53125,-0.18554687499999908,BE_STOP
baseline,closed-321,HEMI/USDT,1780125567.0923514,1780415999.999,0.00718,0.006538,8.0,19.53125,-1.7463875348189404,STOP_LOSS
baseline,closed-324,JUP/USDT,1780315286.9960775,1780415999.999,0.1959,0.19388,8.0,39.0625,-0.4027884124553323,BE_STOP
baseline,closed-326,EIGEN/USDT,1780372879.4081883,1780415999.999,0.2323,0.2056,8.0,39.0625,-4.489749246663799,STOP_LOSS
baseline,closed-328,ALGO/USDT,1780056271.1944377,1780430399.999,0.1151,0.11482,8.0,39.0625,-0.09502606429191793,BE_STOP
baseline,closed-332,APT/USDT,1775674070.2227201,1780444799.999,0.84,0.8238,8.0,40.32258064516129,-0.7776497695852516,BE_STOP
baseline,closed-330,GMX/USDT,1780344359.7110274,1780444799.999,6.92,6.2157,8.0,39.0625,-3.975681900289015,STOP_LOSS
baseline,closed-325,MANTA/USDT,1780027266.8163028,1780444799.999,0.08045,0.07392,8.0,39.0625,-3.170641702921065,STOP_LOSS
baseline,closed-333,BCH/USDT,1779990796.1670983,1780444799.999,303.05,268.18,8.0,19.53125,-2.2473343920145186,STOP_LOSS
baseline,closed-335,TIA/USDT,1780294463.4956298,1780459199.999,0.3878,0.35255,8.0,39.0625,-3.550678506962354,STOP_LOSS
baseline,closed-336,HYPER/USDT,1780220301.9767911,1780459199.999,0.0911,0.083524,8.0,19.53125,-1.624245334796927,STOP_LOSS
baseline,closed-310,FLOKI/USDT,1780128613.9591773,1780545599.999,0.028004,0.02576,8.0,19.53125,-1.5650665976289106,STOP_LOSS
baseline,closed-339,JUP/USDT,1780428967.944883,1780545599.999,0.1947,0.18596,8.0,39.0625,-1.7534989727786399,BE_STOP
baseline,closed-348,APT/USDT,1780450532.1929877,1780559999.999,0.8323,0.7633,8.0,19.53125,-1.619195302174697,STOP_LOSS
baseline,closed-341,DASH/USDT,1780315286.9651337,1780559999.999,39.268,35.222,8.0,39.0625,-4.024826194356729,STOP_LOSS
baseline,closed-343,FIL/USDT,1780435849.7055304,1780559999.999,0.884,0.85031,8.0,19.53125,-0.7443527290723986,BE_STOP
baseline,closed-352,VVV/USDT,1780000793.4626982,1780631999.999,16.281,15.838,8.0,19.53125,-0.5314381026963944,BE_STOP
baseline,closed-355,MORPHO/USDT,1779221028.0415614,1780631999.999,1.782,1.7439,8.0,39.0625,-0.8351746632996636,BE_STOP
baseline,closed-350,RENDER/USDT,1779495840.1183226,1780631999.999,1.8391,1.7703,8.0,39.0625,-1.4613125985536408,BE_STOP
baseline,closed-358,ALGO/USDT,1780520219.971721,1780631999.999,0.1055,0.097,8.0,19.53125,-1.5736078199052121,STOP_LOSS
baseline,closed-353,ZORA/USDT,1780140918.1112487,1780631999.999,0.010075,0.009569,8.0,19.53125,-0.9809243176178684,BE_STOP
baseline,closed-360,COMP/USDT,1779998601.883189,1780646399.999,17.835,16.375,8.0,19.53125,-1.5988575834034215,STOP_LOSS
baseline,closed-367,ZEC/USDT,1776809046.3825746,1780646399.999,310.24,308.44,8.0,11.71875,-0.06799171609076904,BE_STOP
baseline,closed-368,DASH/USDT,1780617552.2371874,1780646399.999,34.26,31.508,8.0,19.53125,-1.568884997081143,STOP_LOSS
baseline,closed-349,AR/USDT,1780413467.9145396,1780646399.999,2.24,2.1841,8.0,39.0625,-0.9748186383928609,BE_STOP
baseline,closed-351,ICP/USDT,1780560231.4405499,1780646399.999,2.727,2.4972,8.0,39.0625,-3.2917354235423564,STOP_LOSS
baseline,closed-364,BCH/USDT,1780463668.8400123,1780646399.999,253.72,225.55,8.0,11.71875,-1.301108259104524,STOP_LOSS
baseline,closed-366,GRASS/USDT,1779336374.1308303,1780660799.999,0.33487,0.33414,8.0,39.0625,-0.08515431361423749,BE_STOP
baseline,closed-356,KAITO/USDT,1779941262.478525,1780675199.999,0.4579,0.45137,8.0,39.0625,-0.5570607665429097,BE_STOP
baseline,closed-374,FET/USDT,1779112283.5234506,1780689599.999,0.1921,0.19085,8.0,19.53125,-0.12709038261322134,BE_STOP
baseline,closed-362,MON/USDT,1780596630.5717359,1780718399.999,0.020465,0.020405,8.0,11.71875,-0.03435743953090695,BE_STOP
baseline,closed-377,ZEC/USDT,1780698411.3956475,1780718399.999,368.73,362.93,8.0,11.71875,-0.1843320315678145,BE_STOP
baseline,closed-380,PAXG/USDT,1774987196.2754548,1780732799.999,4679.4,4304.1,8.0,166.66666666666666,-13.36709834594176,STOP_LOSS
baseline,closed-384,PURR/USDT,1779048317.5804737,1780747199.999,0.074363,0.089688,8.0,19.531250000000004,4.025071692239421,RISK_OFF
baseline,closed-381,INJ/USDT,1777737646.3004081,1780747199.999,3.8554,5.2001,8.0,58.59374999999999,20.43653463324168,RISK_OFF
baseline,closed-383,ONDO/USDT,1777906945.5523825,1780747199.999,0.31426,0.32349,8.0,58.59375,1.7209327069942155,RISK_OFF
baseline,closed-60,STABLE/USDT,1776338349.0425384,1780804799.999,0.025863,0.033585,8.0,22.727272727272727,6.785755712794338,RISK_OFF
baseline,closed-387,WLD/USDT,1778853980.962852,1780804799.999,0.24036,0.44838,8.0,19.53125,16.903355903644535,RISK_OFF
baseline,closed-389,ZEC/USDT,1780739715.4776342,1780833599.999,366.09,410.3,8.0,11.71875,1.4151873514709505,RISK_OFF
baseline,closed-388,WLD/USDT,1780805048.8600054,1780833599.999,0.4472,0.43538,8.0,39.0625,-1.032465898926655,RISK_OFF
baseline,closed-390,CC/USDT,1780776866.1722734,1780919999.999,0.1598,0.15694,8.0,58.59375,-1.0486741239048831,BE_STOP
baseline,closed-394,HMSTR/USDT,1780762485.204381,1780934399.999,0.000182,0.000166,8.0,39.0625,-3.4340659340659347,STOP_LOSS
baseline,closed-391,WLD/USDT,1780848740.918154,1780963199.999,0.5021,0.49701,8.0,11.71875,-0.11879792372037354,BE_STOP
baseline,closed-392,JTO/USDT,1780862572.580509,1780963199.999,0.6002,0.59869,8.0,39.0625,-0.09827453348883186,BE_STOP
baseline,closed-399,HYPER/USDT,1780884799.3267574,1780977599.999,0.0719,0.065584,8.0,19.53125,-1.715707579972184,STOP_LOSS
baseline,closed-400,STABLE/USDT,1780848740.8903265,1780991999.999,0.033945,0.030918,8.0,11.71875,-1.0450038665488297,STOP_LOSS
baseline,closed-406,VVV/USDT,1780992237.9547663,1781078399.999,15.906,14.472,8.0,39.0625,-3.5216663523198823,STOP_LOSS
baseline,closed-405,INJ/USDT,1780848740.8612041,1781078399.999,5.323,5.2575,8.0,19.53125,-0.2403338108209656,BE_STOP
baseline,closed-393,ZEC/USDT,1780848740.9524384,1781092799.999,421.07,413.8,8.0,11.718749999999998,-0.20233052105350557,BE_STOP
baseline,closed-404,PURR/USDT,1780977750.5072625,1781121599.999,0.093406,0.082263,8.0,39.0625,-4.660015818041667,STOP_LOSS
baseline,closed-412,ALGO/USDT,1780817866.7060897,1781135999.999,0.0957,0.086494,8.0,11.71875,-1.1273021159874599,STOP_LOSS
baseline,closed-402,MORPHO/USDT,1781007012.335147,1781193599.999,1.972,1.9147,8.0,39.0625,-1.1350310598377258,BE_STOP
baseline,closed-414,TRX/USDT,1774195577.9395382,1781207999.999,0.3154,0.31275,8.0,135.13513513513513,-1.1354093472039173,BE_STOP
baseline,closed-416,JTO/USDT,1781015618.4976344,1781222399.999,0.5943,0.53331,8.0,39.0625,-4.008786597677946,STOP_LOSS
baseline,closed-418,WLD/USDT,1781106138.7390845,1781279999.999,0.4682,0.463,8.0,39.0625,-0.43384237505339657,BE_STOP
baseline,closed-419,HMSTR/USDT,1781079430.8631015,1781366399.999,0.0001905,0.000182,8.0,39.0625,-1.74294619422572,BE_STOP
baseline,closed-424,TAO/USDT,1781366951.6642995,1781582399.999,264.0,262.79,8.0,19.53125,-0.08951822916666548,BE_STOP
baseline,closed-429,TRUMP/USDT,1781419887.7816548,1781625599.999,2.066,1.8757,8.0,11.71875,-1.0794182599225557,STOP_LOSS
baseline,closed-433,RENDER/USDT,1781525227.2752872,1781697599.999,1.851,1.6978,8.0,39.0625,-3.233049702863317,STOP_LOSS
baseline,closed-397,MON/USDT,1780853431.3468208,1781697599.999,0.022041,0.021798,8.0,11.71875,-0.12919814209881586,BE_STOP
baseline,closed-425,HMSTR/USDT,1781432657.3822312,1781697599.999,0.0001687,0.000168,8.0,11.71875,-0.0486255186722003,BE_STOP
baseline,closed-431,UNI/USDT,1781669798.6692238,1781726399.999,3.502,3.1943,8.0,39.0625,-3.4321905339805774,STOP_LOSS
baseline,closed-432,EIGEN/USDT,1781539897.3976665,1781726399.999,0.2247,0.2056,8.0,39.0625,-3.3203994214508255,STOP_LOSS
baseline,closed-438,INJ/USDT,1781270075.9554796,1781755199.999,5.298,5.2793,8.0,39.0625,-0.13787632125330293,BE_STOP
baseline,closed-437,ASTER/USDT,1781698028.55902,1781755199.999,0.702,0.67497,8.0,58.59375000000001,-2.256109775641028,BE_STOP
baseline,closed-436,XPL/USDT,1781714241.8100111,1781755199.999,0.1174,0.10794,8.0,39.0625,-3.147625638841569,STOP_LOSS
baseline,closed-435,JUP/USDT,1781496566.8399804,1781769599.999,0.1868,0.18668,8.0,39.0625,-0.02509368308350763,BE_STOP
baseline,closed-440,DASH/USDT,1781511128.6411324,1781783999.999,38.87,35.696,8.0,39.0625,-3.189718934911243,STOP_LOSS
baseline,closed-411,ONDO/USDT,1781006521.7861316,1781783999.999,0.3619,0.36145,8.0,39.0625,-0.048571773970710296,BE_STOP
baseline,closed-439,SPX/USDT,1781581996.958385,1781798399.999,0.3955,0.37704,8.0,19.53125,-0.9116229456384347,BE_STOP
baseline,closed-443,PENDLE/USDT,1781669798.6333141,1781798399.999,1.489,1.3666,8.0,39.0625,-3.2110476830087302,STOP_LOSS
baseline,closed-447,NEO/USDT,1780877013.1042066,1781798399.999,2.172,2.1543,8.0,19.53125,-0.15916350138121554,BE_STOP
baseline,closed-445,GMT/USDT,1780849284.8957825,1781798399.999,0.007873,0.007714,8.0,11.718749999999998,-0.23666724882509707,BE_STOP
baseline,closed-448,CC/USDT,1781198630.8665433,1781855999.999,0.15968,0.15617,8.0,58.59375,-1.2879763433116154,BE_STOP
baseline,closed-452,ADA/USDT,1781648169.7057853,1781855999.999,0.1736,0.15933,8.0,11.71875,-0.9632866503456218,STOP_LOSS
baseline,closed-444,BRETT/USDT,1781484103.0187473,1781884799.999,0.006592,0.006023,8.0,19.53125,-1.6858739760315546,STOP_LOSS
baseline,closed-430,TIA/USDT,1781655383.7623835,1782014399.999,0.4013,0.36826,8.0,39.0625,-3.216110142038376,STOP_LOSS
baseline,closed-457,ACE/USDT,1781987683.2156267,1782043199.999,0.0883,0.0873,8.0,11.719176000000001,-0.13271999999999978,BE_STOP
baseline,closed-456,TNSR/USDT,1782024916.566551,1782057599.999,0.0475,0.04332,8.0,11.71875,-1.0312500000000009,STOP_LOSS
baseline,closed-459,INJ/USDT,1781755220.4668584,1782086399.999,5.286,4.8163,8.0,58.59375000000001,-5.206485882519859,STOP_LOSS
baseline,closed-462,RESOLV/USDT,1782055831.1045032,1782086399.999,0.0213,0.020834,8.0,19.531248,-0.4273033600000018,BE_STOP
baseline,closed-466,ANIME/USDT,1781938266.5400033,1782115199.999,0.00316,0.002885,8.0,11.71875,-1.01982792721519,STOP_LOSS
baseline,closed-464,TNSR/USDT,1782079713.4583213,1782129599.999,0.0453,0.03983,8.0,39.0625,-4.716818432671083,STOP_LOSS
baseline,closed-469,HMSTR/USDT,1782129819.8315377,1782172799.999,0.0001873,0.000168,8.0,39.0625,-4.025126801922053,STOP_LOSS
baseline,closed-423,KAITO/USDT,1781381308.0824552,1782201599.999,0.4493,0.44614,8.0,39.0625,-0.27473291787224674,BE_STOP
baseline,closed-378,FLOKI/USDT,1780621776.44543,1782201599.999,2.466e-05,2.4295e-05,8.0,19.53125,-0.2890878446877533,BE_STOP
baseline,closed-472,SPX/USDT,1781839295.3156152,1782201599.999,0.361,0.35624,8.0,39.0625,-0.5150623268698057,BE_STOP
baseline,closed-475,TRUMP/USDT,1781643170.3853374,1782215999.999,1.927,1.7477,8.0,11.71875,-1.090384989621173,STOP_LOSS
baseline,closed-478,GMX/USDT,1781067878.30476,1782273599.999,5.5,5.485,8.0,19.53125,-0.05326704545454471,BE_STOP
baseline,closed-409,VVV/USDT,1781093142.842895,1782316799.999,13.346,12.732,8.0,39.0625,-1.7971208601828306,BE_STOP
baseline,closed-489,TNSR/USDT,1782292564.161693,1782316799.999,0.0373,0.03409,8.0,11.71875,-1.0085036863270775,STOP_LOSS
baseline,closed-483,TIA/USDT,1782129978.7034001,1782316799.999,0.3989,0.35794,8.0,58.59375000000001,-6.016545500125344,STOP_LOSS
baseline,closed-480,ONDO/USDT,1782083770.3642125,1782316799.999,0.3312,0.29804,8.0,78.125,-7.821935386473425,STOP_LOSS
baseline,closed-488,FIL/USDT,1781137083.6482263,1782316799.999,0.74,0.73798,8.0,19.53125,-0.05331503378378389,BE_STOP
baseline,closed-474,MNT/USDT,1780725060.4331667,1782316799.999,0.513,0.50298,8.0,11.71692,-0.2288568000000001,BE_STOP
baseline,closed-484,BONK/USDT,1780804971.9607763,1782316799.999,4.3e-06,4.191e-06,8.0,11.71875,-0.2970566860465121,BE_STOP
baseline,closed-494,SNX/USDT,1782302805.6669137,1782388799.999,0.232,0.20631,8.0,19.53125,-2.162749191810347,STOP_LOSS
baseline,closed-497,FLOKI/USDT,1782253102.0016835,1782403199.999,2.394e-05,2.1986e-05,8.0,11.71875,-0.9564927944862166,STOP_LOSS
baseline,closed-490,EIGEN/USDT,1781827637.6596103,1782403199.999,0.2232,0.2194,8.0,39.0625,-0.6650425627240152,BE_STOP
baseline,closed-498,TNSR/USDT,1782395770.280907,1782431999.999,0.04,0.03883,8.0,19.5312,-0.5712875999999978,BE_STOP
baseline,closed-503,TNSR/USDT,1782467752.901514,1782575999.999,0.0396,0.03641,8.0,78.12486,-6.293391500000012,STOP_LOSS
baseline,closed-509,GMX/USDT,1782388577.929521,1782604799.999,5.42,5.4065,8.0,11.718582000000001,-0.02918834999999863,BE_STOP
baseline,closed-510,INJ/USDT,1782547497.3253458,1782604799.999,5.051,4.6341,8.0,39.0625,-3.2241449712928136,STOP_LOSS
baseline,closed-499,XLM/USDT,1779930313.5068414,1782619199.999,0.17359,0.17347,8.0,78.125,-0.0540065671985647,BE_STOP
baseline,closed-512,ZEC/USDT,1782196007.5979333,1782633599.999,421.73,385.55,8.0,39.0625,-3.351151803286465,STOP_LOSS
baseline,closed-515,TNSR/USDT,1782576273.5325296,1782691199.999,0.0364,0.03345,8.0,19.53125,-1.5828897664835173,STOP_LOSS
baseline,closed-514,ZORA/USDT,1782449237.0781515,1782734399.999,0.007257,0.007235,8.0,11.71875,-0.03552604381976089,BE_STOP
baseline,closed-379,MANTA/USDT,1780702546.2298055,1782777599.999,0.07366,0.07332,8.0,39.0625,-0.18030477871300732,BE_STOP
baseline,closed-517,EIGEN/USDT,1782619330.2867289,1782777599.999,0.2443,0.2178,8.0,39.0625,-4.237233933688088,STOP_LOSS
baseline,closed-519,ANIME/USDT,1782725422.1525645,1782791999.999,0.003,0.002735,8.0,19.53125,-1.7252604166666674,STOP_LOSS
baseline,closed-522,POLYX/USDT,1782667354.2106571,1782820799.999,0.0356,0.03521,8.0,19.53125,-0.2139659410112368,BE_STOP
baseline,closed-523,AAVE/USDT,1782518977.869402,1782835199.999,95.72,85.424,8.0,58.59374999999999,-6.302562160468024,STOP_LOSS
baseline,closed-525,TRX/USDT,1781222789.8279817,1782849599.999,0.3163,0.31482,8.0,19.531525000000002,-0.09139000000000236,BE_STOP
baseline,closed-527,TIA/USDT,1782734495.152051,1782863999.999,0.3888,0.35544,8.0,39.0625,-3.351658950617284,STOP_LOSS
baseline,closed-531,WLD/USDT,1782734736.8752205,1782892799.999,0.4291,0.39141,8.0,39.0625,-3.431054824050337,STOP_LOSS
baseline,closed-524,MANTA/USDT,1782796789.1480525,1782892799.999,0.06722,0.06115,8.0,19.53125,-1.7636817539422789,STOP_LOSS
baseline,closed-479,DYDX/USDT,1782244900.9432364,1782950399.999,0.14497,0.1435,8.0,39.0625,-0.39609488169966167,BE_STOP
baseline,closed-536,DYDX/USDT,1782950566.199295,1783022399.999,0.14356,0.12975,8.0,39.0625,-3.7576840693786564,STOP_LOSS
baseline,closed-537,VVV/USDT,1782321978.8175585,1783223999.999,11.952,11.377,8.0,39.0625,-1.8792618390227551,BE_STOP
baseline,closed-538,XPL/USDT,1783181278.1669436,1783223999.999,0.11306,0.10382,8.0,39.0625,-3.192442066159559,STOP_LOSS
baseline,closed-521,HYPER/USDT,1782803358.4710279,1783252799.999,0.0815,0.074513,8.0,19.53125,-1.6744152607361973,STOP_LOSS
baseline,closed-540,TRUMP/USDT,1782472045.1479235,1783310399.999,1.685,1.6709,8.0,11.71875,-0.09806194362017807,BE_STOP
baseline,closed-546,MINA/USDT,1783328794.9097502,1783454399.999,0.0482,0.047161,8.0,19.531122,-0.42101319000000026,BE_STOP
baseline,closed-513,MNT/USDT,1782443601.6444745,1783454399.999,0.4252,0.42291,8.0,19.53125,-0.10518946966133705,BE_STOP
baseline,closed-545,WLD/USDT,1783008724.4264107,1783468799.999,0.3884,0.38072,8.0,19.53125,-0.3861997940267782,BE_STOP
baseline,closed-547,XPL/USDT,1783311173.1689131,1783468799.999,0.11141,0.098894,8.0,39.0625,-4.388351584238398,STOP_LOSS
baseline,closed-541,TRB/USDT,1783282670.9326565,1783483199.999,17.64,16.018,8.0,39.0625,-3.591801303854873,STOP_LOSS
baseline,closed-550,EIGEN/USDT,1783195415.784594,1783483199.999,0.2375,0.2156,8.0,39.0625,-3.601973684210524,STOP_LOSS
baseline,closed-549,AAVE/USDT,1783353963.244336,1783483199.999,96.29,88.032,8.0,58.59375,-5.0251032038633365,STOP_LOSS
baseline,closed-551,GRASS/USDT,1781165621.0111458,1783497599.999,0.35831,0.35778,8.0,39.0625,-0.05777992520443649,BE_STOP
baseline,closed-554,INJ/USDT,1783245907.8973312,1783511999.999,4.63,4.6113,8.0,39.06249999999999,-0.1577686285097199,BE_STOP
baseline,closed-555,PURR/USDT,1782763582.1987953,1783526399.999,0.09019,0.089669,8.0,39.0625,-0.2256520955760087,BE_STOP
baseline,closed-553,XLM/USDT,1782792163.6886702,1783526399.999,0.1834,0.18035,8.0,39.0625,-0.6496217284623776,BE_STOP
baseline,closed-559,EIGEN/USDT,1783498504.649774,1783814399.999,0.2303,0.226,8.0,39.0625,-0.72934759009987,BE_STOP
baseline,closed-532,TNSR/USDT,1782726984.6112034,1783828799.999,0.0348,0.03184,8.0,19.53125,-1.6612787356321836,STOP_LOSS
baseline,closed-562,ICP/USDT,1781798795.8786416,1783900799.999,2.22,2.2182,8.0,19.53125,-0.015836148648650655,BE_STOP
baseline,closed-563,AAVE/USDT,1783699588.7760444,1783958399.999,95.12,95.042,8.0,39.0625,-0.03203190706476018,BE_STOP
baseline,closed-566,GRASS/USDT,1783857784.7628722,1783972799.999,0.4004,0.36204,8.0,39.0625,-3.7423513986014005,STOP_LOSS
baseline,closed-528,SPX/USDT,1782763349.1429372,1783972799.999,0.3617,0.35266,8.0,39.0625,-0.9762925076029892,BE_STOP
baseline,closed-564,PENDLE/USDT,1782964954.9500952,1783972799.999,1.473,1.461,8.0,39.0625,-0.31822810590631434,BE_STOP
baseline,closed-567,FLOKI/USDT,1782437887.1031537,1784001599.999,2.184e-05,2.1825000000000002e-05,8.0,11.71875,-0.008048592032967004,BE_STOP
baseline,closed-570,ONDO/USDT,1782964954.9056075,1784001599.999,0.3326,0.30579,8.0,58.59375,-4.723086101924231,STOP_LOSS
baseline,closed-572,BONK/USDT,1784095661.7755017,1784231999.999,3.77e-06,3.435e-06,8.0,19.53125,-1.7355354774535787,STOP_LOSS
baseline,closed-573,SPX/USDT,1784088051.9300985,1784246399.999,0.3856,0.35145,8.0,39.0625,-3.459503047199171,STOP_LOSS
baseline,closed-576,WLD/USDT,1783978344.11361,1784260799.999,0.387,0.38352,8.0,39.0625,-0.35125968992247986,BE_STOP
baseline,closed-577,HMSTR/USDT,1782561809.6411333,1784303999.999,0.0001796,0.000178,8.0,39.0625,-0.34799554565701807,BE_STOP
baseline,closed-557,TIA/USDT,1783080734.6087062,1784347199.999,0.4033,0.36889,8.0,39.0625,-3.332855504587155,STOP_LOSS
baseline,closed-581,BONK/USDT,1784322295.6699743,1784390399.999,3.15e-06,2.7430000000000002e-06,8.0,19.53125,-2.523561507936506,STOP_LOSS
baseline,closed-582,ACE/USDT,1784391140.54845,1784419199.999,0.0728,0.0631,8.0,11.71875,-1.561426854395604,STOP_LOSS
baseline,closed-501,FIL/USDT,1782326052.0353303,1784534399.999,0.714,0.70991,8.0,19.53125,-0.11188068977590866,BE_STOP
baseline,closed-542,MORPHO/USDT,1782777709.8485007,1784735999.999,1.889,1.8501,8.0,58.59375,-1.2066156034939102,BE_STOP
baseline,closed-587,MNT/USDT,1783526333.6290555,1784822399.999,0.4127,0.4088,8.0,11.71875,-0.11074176157014823,BE_STOP
baseline,closed-590,GRASS/USDT,1784707267.7851388,1784836799.999,0.38645,0.35424,8.0,19.53125,-1.6278989843446765,STOP_LOSS
baseline,closed-589,JUP/USDT,1781845006.1253214,1784836799.999,0.1866,0.18652,8.0,39.062844,-0.01674720000000012,BE_STOP
baseline,closed-575,EIGEN/USDT,1783972876.986496,1784851199.999,0.239,0.2168,8.0,39.0625,-3.6283995815899592,STOP_LOSS
baseline,closed-592,SPX/USDT,1784693278.8365808,1784908799.999,0.3687,0.33847,8.0,39.0625,-3.2027647816653153,STOP_LOSS
baseline,closed-585,JTO/USDT,1784620884.6568456,1784908799.999,0.6063,0.58859,8.0,39.0625,-1.1410141431634526,BE_STOP
baseline,closed-588,WLD/USDT,1784563727.2436152,1784951999.999,0.3744,0.34387,8.0,39.061152,-3.1851948999999995,STOP_LOSS
baseline,closed-599,PUMP/USDT,1784491398.7413979,1784980799.999,0.001787,0.00177,8.0,39.0625,-0.3716074426412955,BE_STOP
baseline,closed-597,STX/USDT,1784867931.568794,1784995199.999,0.1484,0.13626,8.0,19.53125,-1.5977720687331562,STOP_LOSS
baseline,closed-603,POLYX/USDT,1784722098.1613133,1785167999.999,0.038,0.034618,8.0,19.53125,-1.7382812499999971,STOP_LOSS
baseline,closed-600,TNSR/USDT,1784881629.385052,1785196799.999,0.0339,0.03055,8.0,19.53125,-1.9300792772861357,STOP_LOSS
baseline,closed-607,NEO/USDT,1784430110.1912744,1785211199.999,2.054,1.8791,8.0,19.53125,-1.663104004381692,STOP_LOSS
baseline,closed-586,XLM/USDT,1783843469.8249702,1785239999.999,0.1855,0.17032,8.0,39.06259,-3.1966044,STOP_LOSS
baseline,closed-613,GMX/USDT,1784405001.5358257,1785398399.999,6.47,6.4693,8.0,39.0625,-0.004226236476044011,BE_STOP
baseline,closed-614,ACE/USDT,1784425433.8558912,1785441599.999,0.0633,0.0633,8.0,11.71875,0.0,BE_STOP
baseline,closed-612,AAVE/USDT,1784187686.8724587,1785542399.999,94.88,93.666,8.0,39.0625,-0.4998089692242807,BE_STOP
baseline,closed-617,LDO/USDT,1784088212.0616543,1785571199.999,0.3356,0.33253,8.0,58.59375,-0.5360036129320672,BE_STOP
baseline,closed-593,VVV/USDT,1784361783.1890852,1785614399.999,11.686,11.615,8.0,19.5308118,-0.1186622999999987,BE_STOP
baseline,closed-619,HYPER/USDT,1785631351.6740508,1785830399.999,0.0644,0.059188,8.0,11.71875,-0.9484180900621122,STOP_LOSS
baseline,closed-621,INJ/USDT,1785556959.1757183,1785902399.999,4.844,4.8169,8.0,78.125,-0.4370742155243579,BE_STOP
baseline,closed-622,VVV/USDT,1785787566.5668435,1785931199.999,12.454,11.219,8.0,39.0625,-3.8736299582463505,STOP_LOSS
baseline,closed-624,JUP/USDT,1785369741.2278616,1786046399.999,0.1981,0.1811,8.0,39.0625,-3.352158001009588,STOP_LOSS
baseline,closed-623,HMSTR/USDT,1785960268.6308312,1786334399.999,0.0001961,0.000195,8.0,19.53125,-0.1095582610912793,BE_STOP
baseline,closed-630,GRIFFAIN/USDT,1786305971.8689485,1786377599.999,0.011439,0.01113,8.0,58.59375000000001,-1.5827842250196678,BE_STOP
baseline,closed-633,SNX/USDT,1782439840.2201767,1786521599.999,0.2,0.19918,8.0,19.532,-0.08008120000000202,BE_STOP
baseline,closed-634,KAITO/USDT,1782489700.1778343,1786535999.999,0.5354,0.49282,8.0,39.0625,-3.1066142136720227,BE_STOP
baseline,closed-635,BONK/USDT,1786118688.6852303,1786535999.999,2.46e-06,2.262e-06,8.0,19.53125,-1.5720274390243896,STOP_LOSS
baseline,closed-639,ONDO/USDT,1784132258.6563902,1786564799.999,0.3306,0.3306,8.0,39.0625,0.0,BE_STOP
baseline,closed-637,KAITO/USDT,1786539289.400969,1786593599.999,0.4905,0.44346,8.0,19.53125,-1.873088685015289,STOP_LOSS
baseline,closed-638,HMSTR/USDT,1786337725.4918458,1786622399.999,0.0001941,0.000176,8.0,78.125,-7.285226687274602,STOP_LOSS
baseline,closed-645,UNI/USDT,1783541496.437711,1786708799.999,3.312,3.2008,8.0,58.59375,-1.9672780797101395,BE_STOP
baseline,closed-646,INJ/USDT,1786594563.1878557,1786723199.999,4.677,4.2187,8.0,58.59375,-5.741611209108396,STOP_LOSS
baseline,closed-648,KAITO/USDT,1786684508.3852868,1786838399.999,0.4135,0.37233,8.0,11.71875,-1.1667737303506651,STOP_LOSS
baseline,closed-649,STABLE/USDT,1786183822.3444536,1786867199.999,0.03279,0.030016,8.0,19.53125,-1.6523234980176869,STOP_LOSS
baseline,closed-650,HEMI/USDT,1786853877.180719,1786881599.999,0.007899,0.006649,8.0,58.59375,-9.272336688188373,STOP_LOSS
baseline,closed-654,WLD/USDT,1786930216.0583718,1787025599.999,0.36777,0.32797,8.0,78.125,-8.454672757429917,STOP_LOSS
baseline,closed-657,HEMI/USDT,1786987757.442123,1787068799.999,0.007213,0.006532,8.0,58.59375,-5.532003847220301,STOP_LOSS
baseline,closed-656,JTO/USDT,1786348922.4082553,1787068799.999,0.5649,0.55795,8.0,39.0625,-0.480588378474066,BE_STOP
baseline,closed-655,GMX/USDT,1786075388.889229,1787126399.999,6.46,6.4531,8.0,58.59375,-0.06258465557275328,BE_STOP
baseline,closed-672,TURBO/USDT,1787306088.5451221,1787342399.999,0.001081,0.00099,8.0,39.0625,-3.2883325624421826,STOP_LOSS
baseline,closed-671,TAO/USDT,1787355248.0483787,1787385599.999,233.0,229.21,8.0,58.59375,-0.9530914699570773,BE_STOP
baseline,closed-676,FIL/USDT,1787375150.025655,1787385599.999,0.85667,0.78649,8.0,39.0625,-3.2000726650869074,STOP_LOSS
baseline,closed-670,ICP/USDT,1787316031.7026362,1787385599.999,2.4679,2.4618,8.0,58.59374999999999,-0.14482834596215177,BE_STOP
baseline,closed-710,ETC/USDT,1787355247.9277246,1787385599.999,8.298,8.2239,8.0,58.59375,-0.5232341377440336,BE_STOP
baseline,closed-673,WLFI/USDT,1787375150.3591092,1787385599.999,0.0719,0.060126,8.0,58.59375,-9.595032162726014,STOP_LOSS
baseline,closed-675,ZEN/USDT,1787355248.110739,1787399999.999,5.3395,5.2021,8.0,58.59375,-1.5077781159284624,BE_STOP
baseline,closed-679,HMSTR/USDT,1787316031.6526325,1787399999.999,0.000192,0.000191,8.0,58.593792,-0.30517600000000217,BE_STOP
baseline,closed-664,SUI/USDT,1787355247.5039132,1787399999.999,0.85385,0.83049,8.0,58.59375,-1.6030333196697353,BE_STOP
baseline,closed-678,ASTER/USDT,1787217826.342816,1787399999.999,0.67359,0.66153,8.0,39.0625,-0.6993775887409286,BE_STOP
baseline,closed-668,EIGEN/USDT,1787335674.933256,1787399999.999,0.2159,0.2114,8.0,39.0625,-0.8141790180639201,BE_STOP
baseline,closed-677,TNSR/USDT,1787375150.3003032,1787414399.999,0.0384,0.0346,8.0,58.59374999999999,-5.798339843749995,STOP_LOSS
baseline,closed-681,TIA/USDT,1787316031.8481514,1787414399.999,0.3764,0.37512,8.0,58.59374999999999,-0.19925611052072284,BE_STOP
baseline,closed-680,KAS/USDT,1787375150.0972967,1787414399.999,0.031633,0.029086,8.0,58.59375,-4.717803599089561,STOP_LOSS
baseline,closed-662,KAITO/USDT,1787221072.8077412,1787443199.999,0.34704,0.34677,8.0,11.71875,-0.009117284751037312,BE_STOP
baseline,closed-684,SUPER/USDT,1787375150.237171,1787457599.999,0.1058,0.09696,8.0,58.59374999999999,-4.895734877126652,STOP_LOSS
baseline,closed-682,ARB/USDT,1787316031.607199,1787457599.999,0.09681,0.0959,8.0,39.0625,-0.3671818510484447,BE_STOP
baseline,closed-674,XPL/USDT,1787316031.9495687,1787457599.999,0.10111,0.09194,8.0,58.59375,-5.314060800118687,STOP_LOSS
baseline,closed-692,ZRO/USDT,1787437410.9899712,1787543999.999,1.181,1.165,8.0,58.59375,-0.7938187976291259,BE_STOP
baseline,closed-696,JTO/USDT,1787464052.961138,1787601599.999,0.56371,0.56088,8.0,39.0625,-0.1961059321282238,BE_STOP
baseline,closed-695,GRASS/USDT,1787559050.7811475,1787687999.999,0.3778,0.34003,8.0,58.59374999999999,-5.857824080201167,STOP_LOSS
baseline,closed-703,ZEN/USDT,1787456013.774626,1787687999.999,5.265,5.239,8.0,58.59375000000001,-0.289351851851848,BE_STOP
baseline,closed-665,ALGO/USDT,1787355247.8064127,1787702399.999,0.097594,0.089043,8.0,58.59375,-5.133872535709165,STOP_LOSS
baseline,closed-709,DASH/USDT,1787348509.3227394,1787702399.999,38.079,37.881,8.0,58.59375,-0.3046708815882806,BE_STOP
baseline,closed-707,LTC/USDT,1787316031.752325,1787702399.999,50.44,49.942,8.0,58.59375,-0.5785029242664531,BE_STOP
baseline,closed-708,TURBO/USDT,1787376753.4304183,1787759999.999,0.000988,0.000968,8.0,58.59375,-1.18610829959514,BE_STOP
baseline,closed-715,SUPER/USDT,1787518614.9741669,1787759999.999,0.1075,0.10617,8.0,58.59394999999999,-0.7249298,BE_STOP
baseline,closed-667,DOGE/USDT,1787355247.865448,1787759999.999,0.092489,0.084495,8.0,58.59375000000001,-5.0643691411951695,STOP_LOSS
baseline,closed-718,ARB/USDT,1787603982.510226,1787759999.999,0.09665,0.08883,8.0,39.0625,-3.1605664769787873,STOP_LOSS
baseline,closed-659,XLM/USDT,1787237441.916199,1787759999.999,0.1809,0.17915,8.0,19.53125,-0.18894244057490348,BE_STOP
baseline,closed-720,JTO/USDT,1787647630.5436575,1787759999.999,0.56107,0.51069,8.0,19.53125,-1.7537640134029615,STOP_LOSS
baseline,closed-721,XPL/USDT,1787649878.6262581,1787759999.999,0.09388,0.084816,8.0,78.125,-7.542873881550916,STOP_LOSS
baseline,closed-663,AVAX/USDT,1787355247.4307506,1787759999.999,7.8877,7.2244,8.0,39.0625,-3.2848810489749827,STOP_LOSS
baseline,closed-726,STABLE/USDT,1787555196.2889938,1787774399.999,0.029603,0.026398,8.0,19.53125,-2.1145713694557986,STOP_LOSS
baseline,closed-719,EIGEN/USDT,1787653734.2918935,1787774399.999,0.2152,0.197,8.0,39.0625,-3.303612918215612,STOP_LOSS
baseline,closed-725,COMP/USDT,1787198553.4763155,1787932799.999,18.94,17.867,8.0,58.59375,-3.3194875263991532,BE_STOP
baseline,closed-731,TIA/USDT,1787414948.078544,1787932799.999,0.3755,0.34488,8.0,58.59375,-4.7780043275632424,STOP_LOSS
baseline,closed-724,SYRUP/USDT,1787296143.531936,1787932799.999,0.183,0.17921,8.0,58.59375,-1.2134989754098293,BE_STOP
baseline,closed-732,ZRO/USDT,1787644743.3121128,1787975999.999,1.0744,1.071,8.0,78.125,-0.24723101265822917,BE_STOP
baseline,closed-686,AR/USDT,1787276574.8004525,1787975999.999,2.062,2.0616,8.0,58.59375,-0.011366391852566955,BE_STOP
baseline,closed-734,TURBO/USDT,1787885437.0485935,1788134399.999,0.000982,0.000936,8.0,78.124974,-3.659622000000006,BE_STOP
baseline,closed-690,WLD/USDT,1787276574.9872198,1788134399.999,0.371,0.36171,8.0,78.125,-1.9562836927223757,BE_STOP
baseline,closed-736,ONDO/USDT,1787179310.9892206,1788134399.999,0.34686,0.34392,8.0,39.0625,-0.3310953987199425,BE_STOP
baseline,closed-669,HBAR/USDT,1787355247.990655,1788134399.999,0.080468,0.073438,8.0,58.59375,-5.1189797497141685,STOP_LOSS
baseline,closed-742,ZORA/USDT,1788143655.4969327,1788235199.999,0.008656,0.008528,8.0,19.53125,-0.28881700554528583,BE_STOP
baseline,closed-641,GRIFFAIN/USDT,1786463111.6804478,1788249599.999,0.011284,0.011137,8.0,78.125,-1.0177574441687463,BE_STOP
baseline,closed-746,TRX/USDT,1783267758.6527386,1788263999.999,0.3298,0.32827,8.0,39.0625,-0.18121778350514967,BE_STOP
baseline,closed-745,PAXG/USDT,1786392464.4821825,1788263999.999,4379.06,4379.0,8.0,39.0625,-0.0005352176037825077,BE_STOP
baseline,closed-740,TAO/USDT,1787692577.2622232,1788292799.999,225.9,222.49,8.0,78.125,-1.1793105356352336,BE_STOP
baseline,closed-755,ANIME/USDT,1788137884.9913085,1788292799.999,0.002988,0.002722,8.0,19.53125,-1.7387257362784492,STOP_LOSS
baseline,closed-747,MON/USDT,1787237121.7899277,1788292799.999,0.02598,0.025924,8.0,78.125,-0.16839876828329825,BE_STOP
baseline,closed-691,FARTCOIN/USDT,1787257012.0257638,1788307199.999,0.16936,0.16781,8.0,58.59375,-0.5362559783892383,BE_STOP
baseline,closed-751,GRASS/USDT,1787782118.7022953,1788321599.999,0.37537,0.34379,8.0,58.59375,-4.929511215600608,STOP_LOSS
baseline,closed-754,ENS/USDT,1787330533.7404306,1788364799.999,5.3742,5.3206,8.0,58.59375,-0.5843893044546228,BE_STOP
baseline,closed-756,INJ/USDT,1787257012.0682034,1788379199.999,4.7554,4.7483,8.0,39.0625,-0.058321855154136806,BE_STOP
baseline,closed-760,WLD/USDT,1788445106.2243848,1788537599.999,0.3775,0.37526,8.0,58.59555,-0.3476928000000028,BE_STOP
baseline,closed-761,XPL/USDT,1788445106.2824805,1788595199.999,0.0932,0.093129,8.0,39.0625,-0.02975791309012786,BE_STOP
baseline,closed-765,FARTCOIN/USDT,1788509300.8572931,1788767999.999,0.17199,0.16999,8.0,39.0625,-0.4542415256700988,BE_STOP
baseline,closed-767,GRIFFAIN/USDT,1788495178.9890077,1788796799.999,0.012499,0.01143,8.0,78.125,-6.681784542763424,STOP_LOSS
baseline,closed-768,MON/USDT,1788668078.9320529,1788868799.999,0.02559,0.02546,8.0,19.53125,-0.09922088706526165,BE_STOP
reset,closed-1,VVV/USDT,1773376987.682436,1773460799.999,6.363,6.1988,8.0,238.0952380952381,-6.144151830149,BE_STOP
reset,closed-0,TRX/USDT,1773376987.6815863,1773935999.999,0.2896,0.29989,8.0,476.19047619047626,16.91988950276235,NO_LONG
reset,closed-120,VVV/USDT,1773965225.795107,1774324799.999,5.7672,5.616,8.0,142.85714285714286,-3.7453183520599342,BE_STOP
reset,closed-2,TAO/USDT,1774441801.607653,1774612799.999,358.03,324.56,8.0,116.27906976744185,-10.870207706382914,STOP_LOSS
reset,closed-6,PURR/USDT,1774442017.1916852,1774612799.999,0.087222,0.078611,8.0,166.66666666666666,-16.454182048871445,STOP_LOSS
reset,closed-219,MORPHO/USDT,1774510530.623234,1774612799.999,1.67,1.5096,8.0,41.666666666666664,-4.001996007984029,STOP_LOSS
reset,closed-5,ZRO/USDT,1774441946.5160167,1774627199.999,2.219,2.0187,8.0,181.8181818181818,-16.41197918800441,STOP_LOSS
reset,open-0,HYPE/USDT,1773232095.0530453,1775102399.999,35.49,35.19,8.0,454.54545454545456,-3.8423115346192755,BE_STOP
reset,closed-24,POLYX/USDT,1775288053.4456906,1775318399.999,0.0559,0.051078,8.0,40.32258064516129,-3.4782734145074707,STOP_LOSS
reset,closed-20,ALGO/USDT,1775318628.0736766,1775519999.999,0.11886,0.11847,8.0,80.64516129032258,-0.26461057465274496,BE_STOP
reset,open-3,APE/USDT,1775175276.6262028,1775563199.999,0.0829,0.0829,8.0,41.666666666666664,0.0,BE_STOP
reset,closed-26,AIXBT/USDT,1775657941.3443787,1775678399.999,0.02726,0.024891,8.0,40.32258064516129,-3.5041890516649703,STOP_LOSS
reset,closed-3,TAO/USDT,1774650703.1715167,1775779199.999,313.81,304.57,8.0,166.66666666666666,-4.907428061565929,BE_STOP
reset,closed-4,TNSR/USDT,1775720377.817925,1775807999.999,0.04687,0.04389,8.0,24.193548387096772,-1.5382285938457099,BE_STOP
reset,closed-32,RENDER/USDT,1775246608.4542537,1775966399.999,1.9436,1.9263,8.0,166.66666666666666,-1.4835014063250458,BE_STOP
reset,closed-10,TURBO/USDT,1776366178.3499205,1776412799.999,0.00133,0.001211,8.0,19.53125,-1.747532894736841,STOP_LOSS
reset,closed-16,GRIFFAIN/USDT,1776441680.2020073,1776470399.999,0.01773,0.0162,8.0,39.0625,-3.370875634517768,STOP_LOSS
reset,closed-14,LDO/USDT,1776356269.2247193,1776513599.999,0.41589,0.4075,8.0,58.59374999999999,-1.182047085767875,BE_STOP
reset,closed-13,MOODENG/USDT,1776370082.2002487,1776513599.999,0.061019,0.056095,8.0,58.59375,-4.728291597699077,STOP_LOSS
reset,closed-15,ZETA/USDT,1776392430.3794386,1776513599.999,0.06179,0.05586,8.0,19.53125,-1.874418392943842,STOP_LOSS
reset,closed-27,GRASS/USDT,1776338275.5458813,1776527999.999,0.37161,0.33569,8.0,109.89010989010987,-10.622030481560628,STOP_LOSS
reset,closed-22,ACE/USDT,1776501359.121004,1776527999.999,0.1444,0.1354,8.0,11.71875,-0.7303930055401671,BE_STOP
reset,closed-28,AERO/USDT,1776427632.5067496,1776542399.999,0.41991,0.40542,8.0,58.59375,-2.021917643066371,BE_STOP
reset,closed-31,VIRTUAL/USDT,1776442685.225196,1776542399.999,0.77449,0.70582,8.0,58.59375,-5.195203052976798,STOP_LOSS
reset,closed-25,TIA/USDT,1776470858.0107574,1776542399.999,0.4314,0.39664,8.0,58.59375,-4.721183936022253,STOP_LOSS
reset,closed-17,ZRO/USDT,1776338966.3650606,1776556799.999,1.9454,1.7817,8.0,19.53125,-1.6435003726740005,STOP_LOSS
reset,closed-34,KAITO/USDT,1776338275.548521,1776556799.999,0.4499,0.44094,8.0,54.94505494505494,-1.094260262964422,BE_STOP
reset,closed-9,MON/USDT,1776338349.0392292,1776556799.999,0.035808,0.032415,8.0,45.45454545454545,-4.307061905922494,STOP_LOSS
reset,closed-38,PURR/USDT,1776348142.5372531,1776571199.999,0.080033,0.078777,8.0,78.125,-1.2260567515899774,BE_STOP
reset,closed-37,WLD/USDT,1776474095.795278,1776571199.999,0.28456,0.261,8.0,11.71875,-0.9702479266235583,STOP_LOSS
reset,closed-45,ZEC/USDT,1776338419.7554412,1776628799.999,345.78,303.4,8.0,39.0625,-4.787635924576321,STOP_LOSS
reset,closed-46,TAO/USDT,1776441680.2079284,1776643199.999,260.73,239.36,8.0,78.125,-6.403295554788481,STOP_LOSS
reset,closed-8,FET/USDT,1776338275.5433605,1776643199.999,0.2312,0.2085,8.0,27.47252747252747,-2.6973459066884664,STOP_LOSS
reset,closed-49,CAKE/USDT,1776442685.2202237,1776643199.999,1.6391,1.5029,8.0,58.59375000000001,-4.868811390397175,STOP_LOSS
reset,closed-29,DYDX/USDT,1776484907.512156,1776643199.999,0.14717,0.13368,8.0,58.59375,-5.370861503703203,STOP_LOSS
reset,closed-58,COMP/USDT,1776338275.5405662,1776801599.999,22.779,22.659,8.0,82.41758241758241,-0.4341766491114609,BE_STOP
reset,closed-63,SUPER/USDT,1776663915.8739815,1776916799.999,0.12494,0.12434,8.0,19.53125,-0.09379502161037043,BE_STOP
reset,closed-7,TRB/USDT,1776338419.7474828,1776945599.999,17.773,17.745,8.0,58.59375000000001,-0.09230996455297011,BE_STOP
reset,closed-68,HYPER/USDT,1777117974.2439666,1777175999.999,0.13234,0.12924,8.0,19.53125,-0.45751001209007414,BE_STOP
reset,closed-69,HEMI/USDT,1777148562.0403845,1777262399.999,0.009872,0.008819,8.0,19.53125,-2.0833069540113454,STOP_LOSS
reset,closed-72,LDO/USDT,1776888212.1474862,1777276799.999,0.394,0.38265,8.0,58.59375,-1.6879164022842708,BE_STOP
reset,closed-74,SPX/USDT,1776960127.6242328,1777276799.999,0.3914,0.38611,8.0,39.0625,-0.527952542156364,BE_STOP
reset,closed-75,TRUMP/USDT,1777153335.7161508,1777291199.999,2.5483,2.5455,8.0,19.53125,-0.021460385354939854,BE_STOP
reset,closed-65,DOT/USDT,1775980972.484268,1777305599.999,1.2249,1.218,8.0,40.32258064516129,-0.2271416494829098,BE_STOP
reset,closed-76,INJ/USDT,1777188940.993972,1777305599.999,3.9042,3.5434,8.0,19.53125,-1.8049472363096137,STOP_LOSS
reset,closed-67,MON/USDT,1776960050.4621058,1777348799.999,0.03295,0.030009,8.0,39.0625,-3.486580045523519,STOP_LOSS
reset,closed-82,MINA/USDT,1777183609.7501297,1777348799.999,0.066591,0.061162,8.0,19.53125,-1.5923346435704517,STOP_LOSS
reset,closed-80,GRASS/USDT,1776687450.598616,1777377599.999,0.3347,0.33381,8.0,39.0625,-0.10387100388407379,BE_STOP
reset,closed-81,ALGO/USDT,1777090682.0724192,1777478399.999,0.11172,0.11038,8.0,39.0625,-0.4685262262799821,BE_STOP
reset,closed-87,JUP/USDT,1777263265.137944,1777478399.999,0.1981,0.18167,8.0,39.0625,-3.239762115093388,STOP_LOSS
reset,closed-90,ACE/USDT,1776621986.14587,1777579199.999,0.1173,0.1173,8.0,11.71827,0.0,BE_STOP
reset,closed-88,WLD/USDT,1776659553.5330515,1777622399.999,0.26257,0.23954,8.0,19.53125,-1.7130848440415893,STOP_LOSS
reset,closed-91,AIXBT/USDT,1777537069.5531116,1777636799.999,0.03023,0.030167,8.0,39.0625,-0.08140712868011812,BE_STOP
reset,closed-93,TRUMP/USDT,1777398443.293293,1777694399.999,2.4715,2.2732,8.0,11.71875,-0.9402501011531446,STOP_LOSS
reset,closed-94,GMX/USDT,1776932030.135696,1777766399.999,7.0524,7.0444,8.0,39.0625,-0.04431115648573236,BE_STOP
reset,closed-103,CC/USDT,1776338275.5379689,1777910399.999,0.14667,0.1456,8.0,54.94505494505494,-0.4008400408482167,BE_STOP
reset,closed-106,STX/USDT,1778011394.3662658,1778025599.999,0.27688,0.25326,8.0,39.0625,-3.3323325989598414,STOP_LOSS
reset,closed-114,COMP/USDT,1777737408.6844754,1778212799.999,22.645,22.572,8.0,39.062625000000004,-0.12592500000000056,BE_STOP
reset,closed-112,XMR/USDT,1777220029.4978356,1778212799.999,398.12,389.18,8.0,58.59375,-1.3157543579825153,BE_STOP
reset,closed-116,AR/USDT,1778040684.8378124,1778342399.999,2.5154,2.4653,8.0,58.59375000000001,-1.167029846147732,BE_STOP
reset,closed-117,ACE/USDT,1778312880.9325264,1778385599.999,0.1401,0.1377,8.0,19.531341,-0.33458400000000255,BE_STOP
reset,closed-108,HMSTR/USDT,1777985982.784278,1778471999.999,0.000178,0.000177,8.0,19.53125,-0.10972612359550589,BE_STOP
reset,closed-121,PURR/USDT,1777907180.30233,1778500799.999,0.069262,0.06827,8.0,19.53125,-0.27973491958072516,BE_STOP
reset,closed-122,SKY/USDT:USDT,1776384133.7954965,1778515199.999,0.076726,0.076399,8.0,78.125,-0.3329624247321722,BE_STOP
reset,closed-126,OP/USDT,1778276246.1016092,1778515199.999,0.17145,0.15762,8.0,58.59375,-4.7264599737532755,STOP_LOSS
reset,closed-127,FIL/USDT,1778040139.0388875,1778558399.999,1.1152,1.1054,8.0,39.0625,-0.34326802367288384,BE_STOP
reset,closed-125,PUMP/USDT,1778156495.6259973,1778558399.999,0.002053,0.002022,8.0,58.59375,-0.8847570628348826,BE_STOP
reset,closed-119,LINEA/USDT,1778286505.0023654,1778558399.999,0.004307,0.003926,8.0,78.125,-6.910987926631073,STOP_LOSS
reset,closed-129,VVV/USDT,1778544063.000116,1778572799.999,17.234,17.195,8.0,78.125,-0.1767944180109185,TRIM
reset,closed-89,GRASS/USDT,1777464209.6407816,1778572799.999,0.346,0.34432,8.0,39.0625,-0.18966763005779685,BE_STOP
reset,closed-118,FARTCOIN/USDT,1778068848.3786285,1778572799.999,0.25099,0.25088,8.0,58.59375,-0.025679558946570258,BE_STOP
reset,closed-132,TURBO/USDT,1777968203.8377542,1778587199.999,0.001287,0.001284,8.0,58.59375,-0.1365821678321632,BE_STOP
reset,closed-85,MOODENG/USDT,1776845770.4253204,1778587199.999,0.06087,0.060595,8.0,58.59375,-0.26471630113356376,BE_STOP
reset,closed-135,YGG/USDT,1778286505.0236268,1778587199.999,0.04793,0.044095,8.0,58.59375,-4.688233491550178,STOP_LOSS
reset,closed-133,ENA/USDT,1778288907.9717069,1778587199.999,0.13441,0.12334,8.0,58.59375,-4.825777936909455,STOP_LOSS
reset,closed-128,UNI/USDT,1778372238.987565,1778587199.999,3.8104,3.7662,8.0,58.59375,-0.6796776585135428,BE_STOP
reset,closed-130,KAS/USDT,1778429740.3404424,1778587199.999,0.0386,0.038521,8.0,58.59375,-0.11991985103627402,BE_STOP
reset,closed-138,FET/USDT,1778054711.5226376,1778601599.999,0.22606,0.22395,8.0,58.59374999999999,-0.5469026475272021,BE_STOP
reset,closed-99,LDO/USDT,1777376275.7438529,1778601599.999,0.3906,0.38864,8.0,39.0625,-0.19601254480286837,BE_STOP
reset,closed-101,ZETA/USDT,1777563250.3521895,1778601599.999,0.05895,0.05883,8.0,19.53125,-0.039758269720102137,BE_STOP
reset,closed-134,ZEN/USDT,1777810728.8971298,1778601599.999,6.6011,6.5389,8.0,58.59375,-0.5521096862644076,BE_STOP
reset,closed-136,ENS/USDT,1778443738.9499888,1778601599.999,7.5691,6.8669,8.0,58.59375000000001,-5.435855154509778,STOP_LOSS
reset,closed-142,GMX/USDT,1778183897.7016904,1778630399.999,7.2157,7.1909,8.0,39.0625,-0.13425585875244223,BE_STOP
reset,closed-149,PURR/USDT,1778605541.2295043,1778687999.999,0.06708,0.059397,8.0,19.53125,-2.237009447674419,STOP_LOSS
reset,closed-146,ALGO/USDT,1778011640.4313915,1778687999.999,0.11899,0.11626,8.0,78.125,-1.7924300361374899,BE_STOP
reset,closed-97,MON/USDT,1777648071.9245172,1778687999.999,0.029378,0.028979,8.0,19.53125,-0.2652654622506629,BE_STOP
reset,closed-153,VIRTUAL/USDT,1777867939.9666662,1778687999.999,0.77685,0.76502,8.0,58.59374999999999,-0.8922752944583926,BE_STOP
reset,closed-144,HYPER/USDT,1778027735.9757051,1778687999.999,0.10849,0.10387,8.0,19.53125,-0.8317298829385198,BE_STOP
reset,closed-147,SNX/USDT,1778200279.8742115,1778687999.999,0.3399,0.32673,8.0,58.59375,-2.270313879082079,BE_STOP
reset,closed-151,BRETT/USDT,1778300975.9792583,1778687999.999,0.009479,0.009276,8.0,58.59374999999999,-1.2548297552484438,BE_STOP
reset,closed-150,VVV/USDT,1778638618.0104995,1778731199.999,15.562,13.257,8.0,78.125,-11.571656920704278,STOP_LOSS
reset,closed-159,STX/USDT,1778214541.0529773,1778731199.999,0.26412,0.26076,8.0,58.59375,-0.7453998182644327,BE_STOP
reset,closed-167,ICP/USDT,1778054711.548446,1778831999.999,2.7566,2.718,8.0,58.59375,-0.8204740441123131,BE_STOP
reset,closed-169,GMT/USDT,1778789470.1753953,1778846399.999,0.013324,0.012245,8.0,58.59375,-4.745020733263284,STOP_LOSS
reset,closed-171,PURR/USDT,1778797954.3954852,1778860799.999,0.069389,0.069172,8.0,19.53125,-0.06108001628500398,BE_STOP
reset,closed-179,NEO/USDT,1778142776.6817453,1778860799.999,2.9751,2.9672,8.0,58.59375,-0.15558825753755456,BE_STOP
reset,closed-172,ARB/USDT,1778184130.607847,1778860799.999,0.12634,0.12381,8.0,39.0625,-0.7822393936995431,BE_STOP
reset,closed-178,IMX/USDT,1778301053.3732498,1778860799.999,0.19237,0.19053,8.0,58.59374999999999,-0.5604434163331093,BE_STOP
reset,closed-170,SUI/USDT,1778401945.7011185,1778860799.999,1.1266,1.0881,8.0,58.59375,-2.0023605316882622,BE_STOP
reset,closed-184,SKY/USDT,1774583431.537942,1778875199.999,0.070643,0.070418,8.0,24.999999999999996,-0.07962572370935615,BE_STOP
reset,closed-185,MINA/USDT,1777860052.3457975,1778875199.999,0.060491,0.060468,8.0,19.53125,-0.007426208030946683,BE_STOP
reset,closed-183,KAITO/USDT,1777521756.313358,1778903999.999,0.4445,0.44069,8.0,39.0625,-0.33482142857142827,BE_STOP
reset,closed-187,WLFI/USDT,1778351621.9763196,1778903999.999,0.069881,0.064232,8.0,11.71875,-0.9473135580486837,STOP_LOSS
reset,closed-195,ANIME/USDT,1775527308.6855934,1778918399.999,0.004501,0.004418,8.0,40.32258064516129,-0.7435623624857525,BE_STOP
reset,closed-188,XMR/USDT,1778616171.6672418,1778918399.999,410.28,376.77,8.0,78.125,-6.3809319245393405,STOP_LOSS
reset,closed-196,STX/USDT,1778821086.2772062,1778918399.999,0.2628,0.24175,8.0,39.0625,-3.1288646308980184,STOP_LOSS
reset,closed-182,ETC/USDT,1778257707.5379243,1778918399.999,9.7875,8.9182,8.0,58.59375,-5.204142720306511,STOP_LOSS
reset,closed-21,FLOKI/USDT,1776410843.7259934,1778932799.999,3.153e-05,3.1431e-05,8.0,78.125,-0.24530209324452773,BE_STOP
reset,closed-200,TIA/USDT,1778214541.0735338,1778932799.999,0.4011,0.40026,8.0,58.59375,-0.12270942408377236,BE_STOP
reset,closed-203,LINK/USDT,1778301053.3965695,1778932799.999,10.541,9.648,8.0,58.59375000000001,-4.96387617398729,STOP_LOSS
reset,closed-208,AERO/USDT,1776870104.3286061,1778961599.999,0.4193,0.41819,8.0,19.53125,-0.051704477700930104,BE_STOP
reset,closed-201,MANTA/USDT,1778501315.778693,1779004799.999,0.07504,0.07494,8.0,58.59375,-0.07808335554370305,BE_STOP
reset,closed-206,DYDX/USDT,1776787769.7733579,1779019199.999,0.13995,0.13989,8.0,58.59375,-0.02512057877813523,BE_STOP
reset,closed-202,CAKE/USDT,1778429740.3196933,1779033599.999,1.5887,1.4586,8.0,58.59375,-4.798292235790273,STOP_LOSS
reset,closed-211,POLYX/USDT,1778272136.726014,1779062399.999,0.053748,0.052985,8.0,58.59375,-0.8317896712435797,BE_STOP
reset,closed-213,TURBO/USDT,1778860958.2029781,1779062399.999,0.001227,0.001115,8.0,39.0625,-3.565607171964135,STOP_LOSS
reset,closed-199,RENDER/USDT,1776537341.7600853,1779076799.999,1.787,1.7714,8.0,78.125,-0.6820089535534372,BE_STOP
reset,closed-176,MON/USDT,1778801725.1860821,1779076799.999,0.029894,0.02708,8.0,11.71875,-1.103116428045762,STOP_LOSS
reset,closed-215,FIL/USDT,1778823647.6918747,1779091199.999,1.02,0.93638,8.0,78.125,-6.404718137254907,STOP_LOSS
reset,closed-216,DOGE/USDT,1777867939.9468355,1779119999.999,0.11303,0.10381,8.0,58.59375000000001,-4.779566265593206,STOP_LOSS
reset,closed-217,W/USDT,1778868687.5313115,1779119999.999,0.01318,0.01211,8.0,19.53125,-1.5856174127465883,STOP_LOSS
reset,closed-218,KAITO/USDT,1779034109.0460885,1779177599.999,0.49811,0.45066,8.0,19.53125,-1.8605484983236633,STOP_LOSS
reset,closed-223,VVV/USDT,1779033642.6291392,1779191999.999,14.334,14.275,8.0,39.0625,-0.1607846728059149,BE_STOP
reset,closed-229,XMR/USDT,1779127534.1136112,1779422399.999,387.21,381.58,8.0,19.53125,-0.28398269027142803,BE_STOP
reset,closed-232,DYDX/USDT,1779249877.1534681,1779465599.999,0.1487,0.14844,8.0,39.0625,-0.06830026899798565,BE_STOP
reset,closed-230,ZEN/USDT,1779278568.483516,1779465599.999,6.3773,6.3128,8.0,58.59375,-0.5926170754080862,BE_STOP
reset,closed-237,MON/USDT,1779394866.682503,1779479999.999,0.029253,0.026533,8.0,39.0625,-3.6321061087751665,STOP_LOSS
reset,closed-235,SPX/USDT,1779264730.7604845,1779479999.999,0.37281,0.3638,8.0,39.0625,-0.9440549475604135,BE_STOP
reset,closed-220,HYPER/USDT,1779088126.5799108,1779479999.999,0.11488,0.10663,8.0,19.53125,-1.4026184932103063,BE_STOP
reset,closed-234,SUI/USDT,1779322474.7654321,1779479999.999,1.0845,1.0556,8.0,39.0625,-1.04094628861226,BE_STOP
reset,closed-209,AIXBT/USDT,1778976126.813539,1779494399.999,0.032229,0.029254,8.0,39.0625,-3.6057878773775207,STOP_LOSS
reset,closed-224,COMP/USDT,1778687733.3699238,1779494399.999,22.617,19.647,8.0,19.53125,-2.564788101870276,STOP_LOSS
reset,closed-245,TURBO/USDT,1779437090.04329,1779494399.999,0.001218,0.00111,8.0,39.0625,-3.463669950738912,STOP_LOSS
reset,closed-243,FLOKI/USDT,1778990618.0513735,1779494399.999,0.031644,0.028922,8.0,39.0625,-3.3601354127164687,STOP_LOSS
reset,closed-242,SUPER/USDT,1779226254.6535099,1779494399.999,0.11049,0.10977,8.0,19.53125,-0.12727396144447461,BE_STOP
reset,closed-240,AR/USDT,1779293670.9670963,1779494399.999,2.2377,2.0439,8.0,39.0625,-3.3830774902801966,STOP_LOSS
reset,closed-236,VIRTUAL/USDT,1779423653.5368202,1779523199.999,0.76334,0.6879,8.0,39.0625,-3.8605012183299743,STOP_LOSS
reset,closed-248,TIA/USDT,1779293748.480091,1779523199.999,0.4083,0.4001,8.0,39.0625,-0.7845028165564529,BE_STOP
reset,closed-247,STX/USDT,1779046368.1057413,1779523199.999,0.2392,0.23439,8.0,19.53125,-0.3927479619565233,BE_STOP
reset,closed-252,FIL/USDT,1779452180.1996272,1779523199.999,1.023,0.92628,8.0,58.59374999999999,-5.539772727272723,STOP_LOSS
reset,closed-249,MANTA/USDT,1779380668.1599226,1779523199.999,0.07492,0.07437,8.0,39.0625,-0.28676421516283734,BE_STOP
reset,closed-250,POLYX/USDT,1779371457.0499516,1779537599.999,0.052928,0.052468,8.0,39.0625,-0.33949421856106604,BE_STOP
reset,closed-257,GMT/USDT,1779518426.2256098,1779537599.999,0.012264,0.012084,8.0,19.53125,-0.2866621819960888,BE_STOP
reset,closed-261,SUPER/USDT,1779583775.0115345,1779623999.999,0.12944,0.11881,8.0,19.53125,-1.6039646747527805,STOP_LOSS
reset,closed-264,VVV/USDT,1779667493.865621,1779753599.999,19.117,17.369,8.0,39.0625,-3.5717555055709593,STOP_LOSS
reset,closed-265,GMX/USDT,1779379343.8030367,1779767999.999,6.98,6.3722,8.0,58.59375,-5.102189290830948,STOP_LOSS
reset,closed-267,GMT/USDT,1779605711.4328637,1779796799.999,0.011883,0.010901,8.0,19.53125,-1.6140442228393501,STOP_LOSS
reset,closed-270,ETC/USDT,1779452180.1786182,1779839999.999,9.38,8.6268,8.0,39.0625,-3.136660447761201,STOP_LOSS
reset,closed-256,BCH/USDT,1779084611.2709715,1779839999.999,374.73,343.06,8.0,19.53125,-1.6506676473727757,STOP_LOSS
reset,closed-275,ALGO/USDT,1779249645.582131,1779926399.999,0.11575,0.10635,8.0,78.125,-6.344492440604754,STOP_LOSS
reset,closed-278,VIRTUAL/USDT,1779567384.146958,1779926399.999,0.75786,0.7446,8.0,39.0625,-0.6834623149394332,BE_STOP
reset,closed-277,EIGEN/USDT,1779725268.386489,1779926399.999,0.2548,0.2281,8.0,39.0625,-4.093283948194666,STOP_LOSS
reset,closed-292,POLYX/USDT,1779883352.465367,1779940799.999,0.0529,0.048634,8.0,39.0625,-3.150106332703217,STOP_LOSS
reset,closed-289,AIXBT/USDT,1779917961.0039396,1779940799.999,0.0295,0.027068,8.0,39.0625,-3.220338983050846,STOP_LOSS
reset,closed-284,AERO/USDT,1779087736.1520138,1779940799.999,0.40568,0.40159,8.0,11.71875,-0.11814653791165441,BE_STOP
reset,closed-293,WIF/USDT,1776931487.6728902,1779940799.999,0.1803,0.17857,8.0,19.53125,-0.1874046727676085,BE_STOP
reset,closed-294,MINA/USDT,1779048867.2561538,1779940799.999,0.059114,0.053866,8.0,19.53125,-1.7339378150691884,STOP_LOSS
reset,closed-285,ZEN/USDT,1779739802.556133,1779940799.999,6.2987,5.7271,8.0,39.0625,-3.544878308222332,STOP_LOSS
reset,closed-282,FIL/USDT,1779840664.905889,1779940799.999,1.017,0.98507,8.0,39.0625,-1.2264165437561418,BE_STOP
reset,closed-280,AR/USDT,1779884302.4937804,1779940799.999,2.2268,2.1268,8.0,39.0625,-1.7541988503682422,BE_STOP
reset,closed-286,ICP/USDT,1779739725.2246745,1779940799.999,2.732,2.7201,8.0,39.0625,-0.1701477855051278,BE_STOP
reset,closed-255,ZORA/USDT,1779272556.200639,1779940799.999,0.011136,0.009886,8.0,11.71875,-1.3154128502155162,STOP_LOSS
reset,closed-773,OP/USDT,1779305847.0323625,1779955199.999,0.12892,0.11778,8.0,19.53125,-1.6876987666770114,STOP_LOSS
reset,closed-287,FLOKI/USDT,1779624990.4271636,1779969599.999,0.029687,0.027111,8.0,19.53125,-1.6947653855222842,STOP_LOSS
reset,closed-297,ACE/USDT,1779055755.161081,1779969599.999,0.1173,0.1077,8.0,11.71875,-0.9590792838874677,STOP_LOSS
reset,closed-298,DASH/USDT,1777814320.8284965,1779969599.999,39.231,38.925,8.0,39.0625,-0.30468570773113746,BE_STOP
reset,closed-290,BTC/USDT,1776873742.6110334,1779983999.999,79309.8,72924.0,8.0,58.59375,-4.717802450012484,STOP_LOSS
reset,closed-301,PENDLE/USDT,1777622677.5949273,1779983999.999,1.5087,1.4862,8.0,58.59375,-0.8738379896599678,BE_STOP
reset,closed-303,TAO/USDT,1776989342.9104133,1780084799.999,254.35,249.19,8.0,58.59375000000001,-1.1886917633182585,BE_STOP
reset,closed-306,HEMI/USDT,1780082379.7867532,1780099199.999,0.007892,0.007153,8.0,19.53125,-1.8288892232640641,STOP_LOSS
reset,closed-304,TIA/USDT,1779659304.3443706,1780214399.999,0.4042,0.3989,8.0,39.0625,-0.5122000247402299,BE_STOP
reset,closed-305,AR/USDT,1779998601.8490114,1780214399.999,2.2595,2.2466,8.0,39.0625,-0.2230167072361181,BE_STOP
reset,closed-311,ASTER/USDT,1779697110.1054738,1780257599.999,0.7173,0.71615,8.0,39.0625,-0.0626263418374495,BE_STOP
reset,closed-314,BNB/USDT,1780156970.2760699,1780300799.999,695.81,685.9,8.0,39.0625,-0.5563435061295462,BE_STOP
reset,closed-319,CAKE/USDT,1780200315.0915463,1780329599.999,1.5459,1.4119,8.0,39.0625,-3.3859725726114247,STOP_LOSS
reset,closed-307,HBAR/USDT,1780099864.263912,1780329599.999,0.10104,0.092206,8.0,39.0625,-3.415262519794143,STOP_LOSS
reset,closed-315,XMR/USDT,1780142639.0777988,1780343999.999,390.32,351.34,8.0,39.0625,-3.901045936667352,STOP_LOSS
reset,closed-322,MON/USDT,1779986104.197807,1780401599.999,0.0233,0.021201,8.0,11.71875,-1.0556934012875538,STOP_LOSS
reset,closed-323,POLYX/USDT,1780218270.4593215,1780415999.999,0.0508,0.044766,8.0,19.53125,-2.3199126476377945,STOP_LOSS
reset,closed-313,CC/USDT,1779293670.9882667,1780415999.999,0.15269,0.1518,8.0,39.0625,-0.22768763507760753,BE_STOP
reset,closed-296,TRB/USDT,1779278568.4669595,1780415999.999,17.54,15.967,8.0,58.59375,-5.254730259407062,STOP_LOSS
reset,closed-329,WIF/USDT,1779989545.0272965,1780415999.999,0.18,0.17829,8.0,19.53125,-0.18554687499999908,BE_STOP
reset,closed-321,HEMI/USDT,1780125567.0923514,1780415999.999,0.00718,0.006538,8.0,19.53125,-1.7463875348189404,STOP_LOSS
reset,closed-324,JUP/USDT,1780315286.9960775,1780415999.999,0.1959,0.19388,8.0,39.0625,-0.4027884124553323,BE_STOP
reset,closed-326,EIGEN/USDT,1780372879.4081883,1780415999.999,0.2323,0.2056,8.0,39.0625,-4.489749246663799,STOP_LOSS
reset,closed-328,ALGO/USDT,1780056271.1944377,1780430399.999,0.1151,0.11482,8.0,39.0625,-0.09502606429191793,BE_STOP
reset,closed-332,APT/USDT,1775674070.2227201,1780444799.999,0.84,0.8238,8.0,40.32258064516129,-0.7776497695852516,BE_STOP
reset,closed-330,GMX/USDT,1780344359.7110274,1780444799.999,6.92,6.2157,8.0,39.0625,-3.975681900289015,STOP_LOSS
reset,closed-325,MANTA/USDT,1780027266.8163028,1780444799.999,0.08045,0.07392,8.0,39.0625,-3.170641702921065,STOP_LOSS
reset,closed-333,BCH/USDT,1779990796.1670983,1780444799.999,303.05,268.18,8.0,19.53125,-2.2473343920145186,STOP_LOSS
reset,closed-335,TIA/USDT,1780294463.4956298,1780459199.999,0.3878,0.35255,8.0,39.0625,-3.550678506962354,STOP_LOSS
reset,closed-336,HYPER/USDT,1780220301.9767911,1780459199.999,0.0911,0.083524,8.0,19.53125,-1.624245334796927,STOP_LOSS
reset,closed-310,FLOKI/USDT,1780128613.9591773,1780545599.999,0.028004,0.02576,8.0,19.53125,-1.5650665976289106,STOP_LOSS
reset,closed-341,DASH/USDT,1780315286.9651337,1780559999.999,39.268,35.222,8.0,39.0625,-4.024826194356729,STOP_LOSS
reset,closed-343,FIL/USDT,1780435849.7055304,1780559999.999,0.884,0.85031,8.0,19.53125,-0.7443527290723986,BE_STOP
reset,closed-352,VVV/USDT,1780000793.4626982,1780631999.999,16.281,15.838,8.0,19.53125,-0.5314381026963944,BE_STOP
reset,closed-355,MORPHO/USDT,1779221028.0415614,1780631999.999,1.782,1.7439,8.0,39.0625,-0.8351746632996636,BE_STOP
reset,closed-350,RENDER/USDT,1779495840.1183226,1780631999.999,1.8391,1.7703,8.0,39.0625,-1.4613125985536408,BE_STOP
reset,closed-358,ALGO/USDT,1780520219.971721,1780631999.999,0.1055,0.097,8.0,19.53125,-1.5736078199052121,STOP_LOSS
reset,closed-353,ZORA/USDT,1780140918.1112487,1780631999.999,0.010075,0.009569,8.0,19.53125,-0.9809243176178684,BE_STOP
reset,closed-360,COMP/USDT,1779998601.883189,1780646399.999,17.835,16.375,8.0,19.53125,-1.5988575834034215,STOP_LOSS
reset,closed-367,ZEC/USDT,1776809046.3825746,1780646399.999,310.24,308.44,8.0,11.71875,-0.06799171609076904,BE_STOP
reset,closed-368,DASH/USDT,1780617552.2371874,1780646399.999,34.26,31.508,8.0,19.53125,-1.568884997081143,STOP_LOSS
reset,closed-359,AR/USDT,1780565512.3713336,1780646399.999,2.239,2.1841,8.0,39.0624896,-0.9578073600000004,BE_STOP
reset,closed-351,ICP/USDT,1780560231.4405499,1780646399.999,2.727,2.4972,8.0,39.0625,-3.2917354235423564,STOP_LOSS
reset,closed-364,BCH/USDT,1780463668.8400123,1780646399.999,253.72,225.55,8.0,11.71875,-1.301108259104524,STOP_LOSS
reset,closed-366,GRASS/USDT,1779336374.1308303,1780660799.999,0.33487,0.33414,8.0,39.0625,-0.08515431361423749,BE_STOP
reset,closed-356,KAITO/USDT,1779941262.478525,1780675199.999,0.4579,0.45137,8.0,39.0625,-0.5570607665429097,BE_STOP
reset,closed-374,FET/USDT,1779112283.5234506,1780689599.999,0.1921,0.19085,8.0,19.53125,-0.12709038261322134,BE_STOP
reset,closed-362,MON/USDT,1780596630.5717359,1780718399.999,0.020465,0.020405,8.0,11.71875,-0.03435743953090695,BE_STOP
reset,closed-377,ZEC/USDT,1780698411.3956475,1780718399.999,368.73,362.93,8.0,11.71875,-0.1843320315678145,BE_STOP
reset,closed-380,PAXG/USDT,1774987196.2754548,1780732799.999,4679.4,4304.1,8.0,166.66666666666666,-13.36709834594176,STOP_LOSS
reset,closed-384,PURR/USDT,1779048317.5804737,1780747199.999,0.074363,0.089688,8.0,19.531250000000004,4.025071692239421,RISK_OFF
reset,closed-381,INJ/USDT,1777737646.3004081,1780747199.999,3.8554,5.2001,8.0,58.59374999999999,20.43653463324168,RISK_OFF
reset,closed-383,ONDO/USDT,1777906945.5523825,1780747199.999,0.31426,0.32349,8.0,58.59375,1.7209327069942155,RISK_OFF
reset,closed-60,STABLE/USDT,1776338349.0425384,1780804799.999,0.025863,0.033585,8.0,22.727272727272727,6.785755712794338,RISK_OFF
reset,closed-387,WLD/USDT,1778853980.962852,1780804799.999,0.24036,0.44838,8.0,19.53125,16.903355903644535,RISK_OFF
reset,closed-389,ZEC/USDT,1780739715.4776342,1780833599.999,366.09,410.3,8.0,11.71875,1.4151873514709505,RISK_OFF
reset,closed-390,CC/USDT,1780776866.1722734,1780919999.999,0.1598,0.15694,8.0,58.59375,-1.0486741239048831,BE_STOP
reset,closed-394,HMSTR/USDT,1780762485.204381,1780934399.999,0.000182,0.000166,8.0,39.0625,-3.4340659340659347,STOP_LOSS
reset,closed-391,WLD/USDT,1780848740.918154,1780963199.999,0.5021,0.49701,8.0,11.71875,-0.11879792372037354,BE_STOP
reset,closed-392,JTO/USDT,1780862572.580509,1780963199.999,0.6002,0.59869,8.0,39.0625,-0.09827453348883186,BE_STOP
reset,closed-399,HYPER/USDT,1780884799.3267574,1780977599.999,0.0719,0.065584,8.0,19.53125,-1.715707579972184,STOP_LOSS
reset,closed-400,STABLE/USDT,1780848740.8903265,1780991999.999,0.033945,0.030918,8.0,11.71875,-1.0450038665488297,STOP_LOSS
reset,closed-406,VVV/USDT,1780992237.9547663,1781078399.999,15.906,14.472,8.0,39.0625,-3.5216663523198823,STOP_LOSS
reset,closed-405,INJ/USDT,1780848740.8612041,1781078399.999,5.323,5.2575,8.0,19.53125,-0.2403338108209656,BE_STOP
reset,closed-393,ZEC/USDT,1780848740.9524384,1781092799.999,421.07,413.8,8.0,11.718749999999998,-0.20233052105350557,BE_STOP
reset,closed-404,PURR/USDT,1780977750.5072625,1781121599.999,0.093406,0.082263,8.0,39.0625,-4.660015818041667,STOP_LOSS
reset,closed-412,ALGO/USDT,1780817866.7060897,1781135999.999,0.0957,0.086494,8.0,11.71875,-1.1273021159874599,STOP_LOSS
reset,closed-402,MORPHO/USDT,1781007012.335147,1781193599.999,1.972,1.9147,8.0,39.0625,-1.1350310598377258,BE_STOP
reset,closed-414,TRX/USDT,1774195577.9395382,1781207999.999,0.3154,0.31275,8.0,135.13513513513513,-1.1354093472039173,BE_STOP
reset,closed-419,HMSTR/USDT,1781079430.8631015,1781366399.999,0.0001905,0.000182,8.0,39.0625,-1.74294619422572,BE_STOP
reset,closed-424,TAO/USDT,1781366951.6642995,1781582399.999,264.0,262.79,8.0,19.53125,-0.08951822916666548,BE_STOP
reset,closed-429,TRUMP/USDT,1781419887.7816548,1781625599.999,2.066,1.8757,8.0,11.71875,-1.0794182599225557,STOP_LOSS
reset,closed-433,RENDER/USDT,1781525227.2752872,1781697599.999,1.851,1.6978,8.0,39.0625,-3.233049702863317,STOP_LOSS
reset,closed-397,MON/USDT,1780853431.3468208,1781697599.999,0.022041,0.021798,8.0,11.71875,-0.12919814209881586,BE_STOP
reset,closed-425,HMSTR/USDT,1781432657.3822312,1781697599.999,0.0001687,0.000168,8.0,11.71875,-0.0486255186722003,BE_STOP
reset,closed-431,UNI/USDT,1781669798.6692238,1781726399.999,3.502,3.1943,8.0,39.0625,-3.4321905339805774,STOP_LOSS
reset,closed-432,EIGEN/USDT,1781539897.3976665,1781726399.999,0.2247,0.2056,8.0,39.0625,-3.3203994214508255,STOP_LOSS
reset,closed-437,ASTER/USDT,1781698028.55902,1781755199.999,0.702,0.67497,8.0,58.59375000000001,-2.256109775641028,BE_STOP
reset,closed-436,XPL/USDT,1781714241.8100111,1781755199.999,0.1174,0.10794,8.0,39.0625,-3.147625638841569,STOP_LOSS
reset,closed-435,JUP/USDT,1781496566.8399804,1781769599.999,0.1868,0.18668,8.0,39.0625,-0.02509368308350763,BE_STOP
reset,closed-440,DASH/USDT,1781511128.6411324,1781783999.999,38.87,35.696,8.0,39.0625,-3.189718934911243,STOP_LOSS
reset,closed-411,ONDO/USDT,1781006521.7861316,1781783999.999,0.3619,0.36145,8.0,39.0625,-0.048571773970710296,BE_STOP
reset,closed-439,SPX/USDT,1781581996.958385,1781798399.999,0.3955,0.37704,8.0,19.53125,-0.9116229456384347,BE_STOP
reset,closed-443,PENDLE/USDT,1781669798.6333141,1781798399.999,1.489,1.3666,8.0,39.0625,-3.2110476830087302,STOP_LOSS
reset,closed-447,NEO/USDT,1780877013.1042066,1781798399.999,2.172,2.1543,8.0,19.53125,-0.15916350138121554,BE_STOP
reset,closed-445,GMT/USDT,1780849284.8957825,1781798399.999,0.007873,0.007714,8.0,11.718749999999998,-0.23666724882509707,BE_STOP
reset,closed-452,ADA/USDT,1781648169.7057853,1781855999.999,0.1736,0.15933,8.0,11.71875,-0.9632866503456218,STOP_LOSS
reset,closed-444,BRETT/USDT,1781484103.0187473,1781884799.999,0.006592,0.006023,8.0,19.53125,-1.6858739760315546,STOP_LOSS
reset,closed-430,TIA/USDT,1781655383.7623835,1782014399.999,0.4013,0.36826,8.0,39.0625,-3.216110142038376,STOP_LOSS
reset,closed-457,ACE/USDT,1781987683.2156267,1782043199.999,0.0883,0.0873,8.0,11.719176000000001,-0.13271999999999978,BE_STOP
reset,closed-456,TNSR/USDT,1782024916.566551,1782057599.999,0.0475,0.04332,8.0,11.71875,-1.0312500000000009,STOP_LOSS
reset,closed-462,RESOLV/USDT,1782055831.1045032,1782086399.999,0.0213,0.020834,8.0,19.531248,-0.4273033600000018,BE_STOP
reset,closed-466,ANIME/USDT,1781938266.5400033,1782115199.999,0.00316,0.002885,8.0,11.71875,-1.01982792721519,STOP_LOSS
reset,closed-469,HMSTR/USDT,1782129819.8315377,1782172799.999,0.0001873,0.000168,8.0,39.0625,-4.025126801922053,STOP_LOSS
reset,closed-423,KAITO/USDT,1781381308.0824552,1782201599.999,0.4493,0.44614,8.0,39.0625,-0.27473291787224674,BE_STOP
reset,closed-378,FLOKI/USDT,1780621776.44543,1782201599.999,2.466e-05,2.4295e-05,8.0,19.53125,-0.2890878446877533,BE_STOP
reset,closed-475,TRUMP/USDT,1781643170.3853374,1782215999.999,1.927,1.7477,8.0,11.71875,-1.090384989621173,STOP_LOSS
reset,closed-478,GMX/USDT,1781067878.30476,1782273599.999,5.5,5.485,8.0,19.53125,-0.05326704545454471,BE_STOP
reset,closed-481,VVV/USDT,1782213327.6637526,1782316799.999,13.217,12.732,8.0,39.0625,-1.4334048952107172,BE_STOP
reset,closed-489,TNSR/USDT,1782292564.161693,1782316799.999,0.0373,0.03409,8.0,11.71875,-1.0085036863270775,STOP_LOSS
reset,closed-483,TIA/USDT,1782129978.7034001,1782316799.999,0.3989,0.35794,8.0,58.59375000000001,-6.016545500125344,STOP_LOSS
reset,closed-487,SPX/USDT,1782197260.4713876,1782316799.999,0.3602,0.33056,8.0,78.125,-6.42872015546918,STOP_LOSS
reset,closed-488,FIL/USDT,1781137083.6482263,1782316799.999,0.74,0.73798,8.0,19.53125,-0.05331503378378389,BE_STOP
reset,closed-474,MNT/USDT,1780725060.4331667,1782316799.999,0.513,0.50298,8.0,11.71692,-0.2288568000000001,BE_STOP
reset,closed-484,BONK/USDT,1780804971.9607763,1782316799.999,4.3e-06,4.191e-06,8.0,11.71875,-0.2970566860465121,BE_STOP
reset,closed-494,SNX/USDT,1782302805.6669137,1782388799.999,0.232,0.20631,8.0,19.53125,-2.162749191810347,STOP_LOSS
reset,closed-497,FLOKI/USDT,1782253102.0016835,1782403199.999,2.394e-05,2.1986e-05,8.0,11.71875,-0.9564927944862166,STOP_LOSS
reset,closed-490,EIGEN/USDT,1781827637.6596103,1782403199.999,0.2232,0.2194,8.0,39.0625,-0.6650425627240152,BE_STOP
reset,closed-498,TNSR/USDT,1782395770.280907,1782431999.999,0.04,0.03883,8.0,19.5312,-0.5712875999999978,BE_STOP
reset,closed-503,TNSR/USDT,1782467752.901514,1782575999.999,0.0396,0.03641,8.0,78.12486,-6.293391500000012,STOP_LOSS
reset,closed-509,GMX/USDT,1782388577.929521,1782604799.999,5.42,5.4065,8.0,11.718582000000001,-0.02918834999999863,BE_STOP
reset,closed-510,INJ/USDT,1782547497.3253458,1782604799.999,5.051,4.6341,8.0,39.0625,-3.2241449712928136,STOP_LOSS
reset,closed-499,XLM/USDT,1779930313.5068414,1782619199.999,0.17359,0.17347,8.0,78.125,-0.0540065671985647,BE_STOP
reset,closed-512,ZEC/USDT,1782196007.5979333,1782633599.999,421.73,385.55,8.0,39.0625,-3.351151803286465,STOP_LOSS
reset,closed-514,ZORA/USDT,1782449237.0781515,1782734399.999,0.007257,0.007235,8.0,11.71875,-0.03552604381976089,BE_STOP
reset,closed-379,MANTA/USDT,1780702546.2298055,1782777599.999,0.07366,0.07332,8.0,39.0625,-0.18030477871300732,BE_STOP
reset,closed-517,EIGEN/USDT,1782619330.2867289,1782777599.999,0.2443,0.2178,8.0,39.0625,-4.237233933688088,STOP_LOSS
reset,closed-519,ANIME/USDT,1782725422.1525645,1782791999.999,0.003,0.002735,8.0,19.53125,-1.7252604166666674,STOP_LOSS
reset,closed-522,POLYX/USDT,1782667354.2106571,1782820799.999,0.0356,0.03521,8.0,19.53125,-0.2139659410112368,BE_STOP
reset,closed-523,AAVE/USDT,1782518977.869402,1782835199.999,95.72,85.424,8.0,58.59374999999999,-6.302562160468024,STOP_LOSS
reset,closed-525,TRX/USDT,1781222789.8279817,1782849599.999,0.3163,0.31482,8.0,19.531525000000002,-0.09139000000000236,BE_STOP
reset,closed-527,TIA/USDT,1782734495.152051,1782863999.999,0.3888,0.35544,8.0,39.0625,-3.351658950617284,STOP_LOSS
reset,closed-531,WLD/USDT,1782734736.8752205,1782892799.999,0.4291,0.39141,8.0,39.0625,-3.431054824050337,STOP_LOSS
reset,closed-479,DYDX/USDT,1782244900.9432364,1782950399.999,0.14497,0.1435,8.0,39.0625,-0.39609488169966167,BE_STOP
reset,closed-538,XPL/USDT,1783181278.1669436,1783223999.999,0.11306,0.10382,8.0,39.0625,-3.192442066159559,STOP_LOSS
reset,closed-521,HYPER/USDT,1782803358.4710279,1783252799.999,0.0815,0.074513,8.0,19.53125,-1.6744152607361973,STOP_LOSS
reset,closed-540,TRUMP/USDT,1782472045.1479235,1783310399.999,1.685,1.6709,8.0,11.71875,-0.09806194362017807,BE_STOP
reset,closed-544,VVV/USDT,1783210498.5423172,1783411199.999,11.951,10.962,8.0,19.53125,-1.6163004141912818,STOP_LOSS
reset,closed-546,MINA/USDT,1783328794.9097502,1783454399.999,0.0482,0.047161,8.0,19.531122,-0.42101319000000026,BE_STOP
reset,closed-513,MNT/USDT,1782443601.6444745,1783454399.999,0.4252,0.42291,8.0,19.53125,-0.10518946966133705,BE_STOP
reset,closed-545,WLD/USDT,1783008724.4264107,1783468799.999,0.3884,0.38072,8.0,19.53125,-0.3861997940267782,BE_STOP
reset,closed-547,XPL/USDT,1783311173.1689131,1783468799.999,0.11141,0.098894,8.0,39.0625,-4.388351584238398,STOP_LOSS
reset,closed-541,TRB/USDT,1783282670.9326565,1783483199.999,17.64,16.018,8.0,39.0625,-3.591801303854873,STOP_LOSS
reset,closed-550,EIGEN/USDT,1783195415.784594,1783483199.999,0.2375,0.2156,8.0,39.0625,-3.601973684210524,STOP_LOSS
reset,closed-549,AAVE/USDT,1783353963.244336,1783483199.999,96.29,88.032,8.0,58.59375,-5.0251032038633365,STOP_LOSS
reset,closed-551,GRASS/USDT,1781165621.0111458,1783497599.999,0.35831,0.35778,8.0,39.0625,-0.05777992520443649,BE_STOP
reset,closed-555,PURR/USDT,1782763582.1987953,1783526399.999,0.09019,0.089669,8.0,39.0625,-0.2256520955760087,BE_STOP
reset,closed-553,XLM/USDT,1782792163.6886702,1783526399.999,0.1834,0.18035,8.0,39.0625,-0.6496217284623776,BE_STOP
reset,closed-559,EIGEN/USDT,1783498504.649774,1783814399.999,0.2303,0.226,8.0,39.0625,-0.72934759009987,BE_STOP
reset,closed-532,TNSR/USDT,1782726984.6112034,1783828799.999,0.0348,0.03184,8.0,19.53125,-1.6612787356321836,STOP_LOSS
reset,closed-562,ICP/USDT,1781798795.8786416,1783900799.999,2.22,2.2182,8.0,19.53125,-0.015836148648650655,BE_STOP
reset,closed-563,AAVE/USDT,1783699588.7760444,1783958399.999,95.12,95.042,8.0,39.0625,-0.03203190706476018,BE_STOP
reset,closed-566,GRASS/USDT,1783857784.7628722,1783972799.999,0.4004,0.36204,8.0,39.0625,-3.7423513986014005,STOP_LOSS
reset,closed-528,SPX/USDT,1782763349.1429372,1783972799.999,0.3617,0.35266,8.0,39.0625,-0.9762925076029892,BE_STOP
reset,closed-564,PENDLE/USDT,1782964954.9500952,1783972799.999,1.473,1.461,8.0,39.0625,-0.31822810590631434,BE_STOP
reset,closed-567,FLOKI/USDT,1782437887.1031537,1784001599.999,2.184e-05,2.1825000000000002e-05,8.0,11.71875,-0.008048592032967004,BE_STOP
reset,closed-570,ONDO/USDT,1782964954.9056075,1784001599.999,0.3326,0.30579,8.0,58.59375,-4.723086101924231,STOP_LOSS
reset,closed-572,BONK/USDT,1784095661.7755017,1784231999.999,3.77e-06,3.435e-06,8.0,19.53125,-1.7355354774535787,STOP_LOSS
reset,closed-573,SPX/USDT,1784088051.9300985,1784246399.999,0.3856,0.35145,8.0,39.0625,-3.459503047199171,STOP_LOSS
reset,closed-576,WLD/USDT,1783978344.11361,1784260799.999,0.387,0.38352,8.0,39.0625,-0.35125968992247986,BE_STOP
reset,closed-577,HMSTR/USDT,1782561809.6411333,1784303999.999,0.0001796,0.000178,8.0,39.0625,-0.34799554565701807,BE_STOP
reset,closed-557,TIA/USDT,1783080734.6087062,1784347199.999,0.4033,0.36889,8.0,39.0625,-3.332855504587155,STOP_LOSS
reset,closed-581,BONK/USDT,1784322295.6699743,1784390399.999,3.15e-06,2.7430000000000002e-06,8.0,19.53125,-2.523561507936506,STOP_LOSS
reset,closed-582,ACE/USDT,1784391140.54845,1784419199.999,0.0728,0.0631,8.0,11.71875,-1.561426854395604,STOP_LOSS
reset,closed-542,MORPHO/USDT,1782777709.8485007,1784735999.999,1.889,1.8501,8.0,58.59375,-1.2066156034939102,BE_STOP
reset,closed-587,MNT/USDT,1783526333.6290555,1784822399.999,0.4127,0.4088,8.0,11.71875,-0.11074176157014823,BE_STOP
reset,closed-590,GRASS/USDT,1784707267.7851388,1784836799.999,0.38645,0.35424,8.0,19.53125,-1.6278989843446765,STOP_LOSS
reset,closed-589,JUP/USDT,1781845006.1253214,1784836799.999,0.1866,0.18652,8.0,39.062844,-0.01674720000000012,BE_STOP
reset,closed-575,EIGEN/USDT,1783972876.986496,1784851199.999,0.239,0.2168,8.0,39.0625,-3.6283995815899592,STOP_LOSS
reset,closed-592,SPX/USDT,1784693278.8365808,1784908799.999,0.3687,0.33847,8.0,39.0625,-3.2027647816653153,STOP_LOSS
reset,closed-585,JTO/USDT,1784620884.6568456,1784908799.999,0.6063,0.58859,8.0,39.0625,-1.1410141431634526,BE_STOP
reset,closed-588,WLD/USDT,1784563727.2436152,1784951999.999,0.3744,0.34387,8.0,39.061152,-3.1851948999999995,STOP_LOSS
reset,closed-599,PUMP/USDT,1784491398.7413979,1784980799.999,0.001787,0.00177,8.0,39.0625,-0.3716074426412955,BE_STOP
reset,closed-597,STX/USDT,1784867931.568794,1784995199.999,0.1484,0.13626,8.0,19.53125,-1.5977720687331562,STOP_LOSS
reset,closed-603,POLYX/USDT,1784722098.1613133,1785167999.999,0.038,0.034618,8.0,19.53125,-1.7382812499999971,STOP_LOSS
reset,closed-600,TNSR/USDT,1784881629.385052,1785196799.999,0.0339,0.03055,8.0,19.53125,-1.9300792772861357,STOP_LOSS
reset,closed-607,NEO/USDT,1784430110.1912744,1785211199.999,2.054,1.8791,8.0,19.53125,-1.663104004381692,STOP_LOSS
reset,closed-586,XLM/USDT,1783843469.8249702,1785239999.999,0.1855,0.17032,8.0,39.06259,-3.1966044,STOP_LOSS
reset,closed-613,GMX/USDT,1784405001.5358257,1785398399.999,6.47,6.4693,8.0,39.0625,-0.004226236476044011,BE_STOP
reset,closed-616,AAVE/USDT,1785359597.9603548,1785542399.999,94.75,93.666,8.0,39.0625,-0.4468997361477571,BE_STOP
reset,closed-617,LDO/USDT,1784088212.0616543,1785571199.999,0.3356,0.33253,8.0,58.59375,-0.5360036129320672,BE_STOP
reset,closed-593,VVV/USDT,1784361783.1890852,1785614399.999,11.686,11.615,8.0,19.5308118,-0.1186622999999987,BE_STOP
reset,closed-619,HYPER/USDT,1785631351.6740508,1785830399.999,0.0644,0.059188,8.0,11.71875,-0.9484180900621122,STOP_LOSS
reset,closed-621,INJ/USDT,1785556959.1757183,1785902399.999,4.844,4.8169,8.0,78.125,-0.4370742155243579,BE_STOP
reset,closed-622,VVV/USDT,1785787566.5668435,1785931199.999,12.454,11.219,8.0,39.0625,-3.8736299582463505,STOP_LOSS
reset,closed-624,JUP/USDT,1785369741.2278616,1786046399.999,0.1981,0.1811,8.0,39.0625,-3.352158001009588,STOP_LOSS
reset,closed-623,HMSTR/USDT,1785960268.6308312,1786334399.999,0.0001961,0.000195,8.0,19.53125,-0.1095582610912793,BE_STOP
reset,closed-630,GRIFFAIN/USDT,1786305971.8689485,1786377599.999,0.011439,0.01113,8.0,58.59375000000001,-1.5827842250196678,BE_STOP
reset,closed-633,SNX/USDT,1782439840.2201767,1786521599.999,0.2,0.19918,8.0,19.532,-0.08008120000000202,BE_STOP
reset,closed-634,KAITO/USDT,1782489700.1778343,1786535999.999,0.5354,0.49282,8.0,39.0625,-3.1066142136720227,BE_STOP
reset,closed-635,BONK/USDT,1786118688.6852303,1786535999.999,2.46e-06,2.262e-06,8.0,19.53125,-1.5720274390243896,STOP_LOSS
reset,closed-639,ONDO/USDT,1784132258.6563902,1786564799.999,0.3306,0.3306,8.0,39.0625,0.0,BE_STOP
reset,closed-645,UNI/USDT,1783541496.437711,1786708799.999,3.312,3.2008,8.0,58.59375,-1.9672780797101395,BE_STOP
reset,closed-646,INJ/USDT,1786594563.1878557,1786723199.999,4.677,4.2187,8.0,58.59375,-5.741611209108396,STOP_LOSS
reset,closed-648,KAITO/USDT,1786684508.3852868,1786838399.999,0.4135,0.37233,8.0,11.71875,-1.1667737303506651,STOP_LOSS
reset,closed-649,STABLE/USDT,1786183822.3444536,1786867199.999,0.03279,0.030016,8.0,19.53125,-1.6523234980176869,STOP_LOSS
reset,closed-650,HEMI/USDT,1786853877.180719,1786881599.999,0.007899,0.006649,8.0,58.59375,-9.272336688188373,STOP_LOSS
reset,closed-654,WLD/USDT,1786930216.0583718,1787025599.999,0.36777,0.32797,8.0,78.125,-8.454672757429917,STOP_LOSS
reset,closed-657,HEMI/USDT,1786987757.442123,1787068799.999,0.007213,0.006532,8.0,58.59375,-5.532003847220301,STOP_LOSS
reset,closed-656,JTO/USDT,1786348922.4082553,1787068799.999,0.5649,0.55795,8.0,39.0625,-0.480588378474066,BE_STOP
reset,closed-655,GMX/USDT,1786075388.889229,1787126399.999,6.46,6.4531,8.0,58.59375,-0.06258465557275328,BE_STOP
reset,closed-672,TURBO/USDT,1787306088.5451221,1787342399.999,0.001081,0.00099,8.0,39.0625,-3.2883325624421826,STOP_LOSS
reset,closed-671,TAO/USDT,1787355248.0483787,1787385599.999,233.0,229.21,8.0,58.59375,-0.9530914699570773,BE_STOP
reset,closed-676,FIL/USDT,1787375150.025655,1787385599.999,0.85667,0.78649,8.0,39.0625,-3.2000726650869074,STOP_LOSS
reset,closed-670,ICP/USDT,1787316031.7026362,1787385599.999,2.4679,2.4618,8.0,58.59374999999999,-0.14482834596215177,BE_STOP
reset,closed-710,ETC/USDT,1787355247.9277246,1787385599.999,8.298,8.2239,8.0,58.59375,-0.5232341377440336,BE_STOP
reset,closed-673,WLFI/USDT,1787375150.3591092,1787385599.999,0.0719,0.060126,8.0,58.59375,-9.595032162726014,STOP_LOSS
reset,closed-675,ZEN/USDT,1787355248.110739,1787399999.999,5.3395,5.2021,8.0,58.59375,-1.5077781159284624,BE_STOP
reset,closed-679,HMSTR/USDT,1787316031.6526325,1787399999.999,0.000192,0.000191,8.0,58.593792,-0.30517600000000217,BE_STOP
reset,closed-664,SUI/USDT,1787355247.5039132,1787399999.999,0.85385,0.83049,8.0,58.59375,-1.6030333196697353,BE_STOP
reset,closed-678,ASTER/USDT,1787217826.342816,1787399999.999,0.67359,0.66153,8.0,39.0625,-0.6993775887409286,BE_STOP
reset,closed-668,EIGEN/USDT,1787335674.933256,1787399999.999,0.2159,0.2114,8.0,39.0625,-0.8141790180639201,BE_STOP
reset,closed-677,TNSR/USDT,1787375150.3003032,1787414399.999,0.0384,0.0346,8.0,58.59374999999999,-5.798339843749995,STOP_LOSS
reset,closed-681,TIA/USDT,1787316031.8481514,1787414399.999,0.3764,0.37512,8.0,58.59374999999999,-0.19925611052072284,BE_STOP
reset,closed-680,KAS/USDT,1787375150.0972967,1787414399.999,0.031633,0.029086,8.0,58.59375,-4.717803599089561,STOP_LOSS
reset,closed-662,KAITO/USDT,1787221072.8077412,1787443199.999,0.34704,0.34677,8.0,11.71875,-0.009117284751037312,BE_STOP
reset,closed-684,SUPER/USDT,1787375150.237171,1787457599.999,0.1058,0.09696,8.0,58.59374999999999,-4.895734877126652,STOP_LOSS
reset,closed-682,ARB/USDT,1787316031.607199,1787457599.999,0.09681,0.0959,8.0,39.0625,-0.3671818510484447,BE_STOP
reset,closed-674,XPL/USDT,1787316031.9495687,1787457599.999,0.10111,0.09194,8.0,58.59375,-5.314060800118687,STOP_LOSS
reset,closed-692,ZRO/USDT,1787437410.9899712,1787543999.999,1.181,1.165,8.0,58.59375,-0.7938187976291259,BE_STOP
reset,closed-695,GRASS/USDT,1787559050.7811475,1787687999.999,0.3778,0.34003,8.0,58.59374999999999,-5.857824080201167,STOP_LOSS
reset,closed-665,ALGO/USDT,1787355247.8064127,1787702399.999,0.097594,0.089043,8.0,58.59375,-5.133872535709165,STOP_LOSS
reset,closed-709,DASH/USDT,1787348509.3227394,1787702399.999,38.079,37.881,8.0,58.59375,-0.3046708815882806,BE_STOP
reset,closed-707,LTC/USDT,1787316031.752325,1787702399.999,50.44,49.942,8.0,58.59375,-0.5785029242664531,BE_STOP
reset,closed-715,SUPER/USDT,1787518614.9741669,1787759999.999,0.1075,0.10617,8.0,58.59394999999999,-0.7249298,BE_STOP
reset,closed-667,DOGE/USDT,1787355247.865448,1787759999.999,0.092489,0.084495,8.0,58.59375000000001,-5.0643691411951695,STOP_LOSS
reset,closed-718,ARB/USDT,1787603982.510226,1787759999.999,0.09665,0.08883,8.0,39.0625,-3.1605664769787873,STOP_LOSS
reset,closed-659,XLM/USDT,1787237441.916199,1787759999.999,0.1809,0.17915,8.0,19.53125,-0.18894244057490348,BE_STOP
reset,closed-720,JTO/USDT,1787647630.5436575,1787759999.999,0.56107,0.51069,8.0,19.53125,-1.7537640134029615,STOP_LOSS
reset,closed-721,XPL/USDT,1787649878.6262581,1787759999.999,0.09388,0.084816,8.0,78.125,-7.542873881550916,STOP_LOSS
reset,closed-663,AVAX/USDT,1787355247.4307506,1787759999.999,7.8877,7.2244,8.0,39.0625,-3.2848810489749827,STOP_LOSS
reset,closed-726,STABLE/USDT,1787555196.2889938,1787774399.999,0.029603,0.026398,8.0,19.53125,-2.1145713694557986,STOP_LOSS
reset,closed-719,EIGEN/USDT,1787653734.2918935,1787774399.999,0.2152,0.197,8.0,39.0625,-3.303612918215612,STOP_LOSS
reset,closed-725,COMP/USDT,1787198553.4763155,1787932799.999,18.94,17.867,8.0,58.59375,-3.3194875263991532,BE_STOP
reset,closed-724,SYRUP/USDT,1787296143.531936,1787932799.999,0.183,0.17921,8.0,58.59375,-1.2134989754098293,BE_STOP
reset,closed-686,AR/USDT,1787276574.8004525,1787975999.999,2.062,2.0616,8.0,58.59375,-0.011366391852566955,BE_STOP
reset,closed-723,TURBO/USDT,1787691612.4212477,1788134399.999,0.000987,0.000936,8.0,58.59375,-3.0276405775076043,BE_STOP
reset,closed-690,WLD/USDT,1787276574.9872198,1788134399.999,0.371,0.36171,8.0,78.125,-1.9562836927223757,BE_STOP
reset,closed-736,ONDO/USDT,1787179310.9892206,1788134399.999,0.34686,0.34392,8.0,39.0625,-0.3310953987199425,BE_STOP
reset,closed-669,HBAR/USDT,1787355247.990655,1788134399.999,0.080468,0.073438,8.0,58.59375,-5.1189797497141685,STOP_LOSS
reset,closed-742,ZORA/USDT,1788143655.4969327,1788235199.999,0.008656,0.008528,8.0,19.53125,-0.28881700554528583,BE_STOP
reset,closed-641,GRIFFAIN/USDT,1786463111.6804478,1788249599.999,0.011284,0.011137,8.0,78.125,-1.0177574441687463,BE_STOP
reset,closed-746,TRX/USDT,1783267758.6527386,1788263999.999,0.3298,0.32827,8.0,39.0625,-0.18121778350514967,BE_STOP
reset,closed-745,PAXG/USDT,1786392464.4821825,1788263999.999,4379.06,4379.0,8.0,39.0625,-0.0005352176037825077,BE_STOP
reset,closed-740,TAO/USDT,1787692577.2622232,1788292799.999,225.9,222.49,8.0,78.125,-1.1793105356352336,BE_STOP
reset,closed-755,ANIME/USDT,1788137884.9913085,1788292799.999,0.002988,0.002722,8.0,19.53125,-1.7387257362784492,STOP_LOSS
reset,closed-747,MON/USDT,1787237121.7899277,1788292799.999,0.02598,0.025924,8.0,78.125,-0.16839876828329825,BE_STOP
reset,closed-691,FARTCOIN/USDT,1787257012.0257638,1788307199.999,0.16936,0.16781,8.0,58.59375,-0.5362559783892383,BE_STOP
reset,closed-751,GRASS/USDT,1787782118.7022953,1788321599.999,0.37537,0.34379,8.0,58.59375,-4.929511215600608,STOP_LOSS
reset,closed-754,ENS/USDT,1787330533.7404306,1788364799.999,5.3742,5.3206,8.0,58.59375,-0.5843893044546228,BE_STOP
reset,closed-756,INJ/USDT,1787257012.0682034,1788379199.999,4.7554,4.7483,8.0,39.0625,-0.058321855154136806,BE_STOP
reset,closed-762,ZRO/USDT,1787970773.8208308,1788537599.999,1.0737,1.0551,8.0,78.125,-1.3533808326348251,BE_STOP
reset,closed-760,WLD/USDT,1788445106.2243848,1788537599.999,0.3775,0.37526,8.0,58.59555,-0.3476928000000028,BE_STOP
reset,closed-761,XPL/USDT,1788445106.2824805,1788595199.999,0.0932,0.093129,8.0,39.0625,-0.02975791309012786,BE_STOP
reset,closed-765,FARTCOIN/USDT,1788509300.8572931,1788767999.999,0.17199,0.16999,8.0,39.0625,-0.4542415256700988,BE_STOP
reset,closed-767,GRIFFAIN/USDT,1788495178.9890077,1788796799.999,0.012499,0.01143,8.0,78.125,-6.681784542763424,STOP_LOSS
reset,closed-768,MON/USDT,1788668078.9320529,1788868799.999,0.02559,0.02546,8.0,19.53125,-0.09922088706526165,BE_STOP
reset6,closed-1,VVV/USDT,1773376987.682436,1773460799.999,6.363,6.1988,6.0,238.0952380952381,-6.144151830149,BE_STOP
reset6,closed-0,TRX/USDT,1773376987.6815863,1773935999.999,0.2896,0.29989,6.0,476.19047619047626,16.91988950276235,NO_LONG
reset6,closed-120,VVV/USDT,1773965225.795107,1774324799.999,5.7672,5.616,6.0,142.85714285714286,-3.7453183520599342,BE_STOP
reset6,closed-5,ZRO/USDT,1774441946.5160167,1774511999.999,2.219,2.0657,6.0,181.8181818181818,-12.560940636650393,STOP_LOSS
reset6,closed-6,PURR/USDT,1774442017.1916852,1774511999.999,0.087222,0.081566,6.0,166.66666666666666,-10.807670847569025,STOP_LOSS
reset6,closed-2,TAO/USDT,1774441801.607653,1774526399.999,358.03,334.53,6.0,116.27906976744185,-7.6322043949805405,STOP_LOSS
reset6,closed-219,MORPHO/USDT,1774510530.623234,1774569599.999,1.67,1.5566,6.0,41.666666666666664,-2.8293413173652673,STOP_LOSS
reset6,open-0,HYPE/USDT,1773232095.0530453,1775102399.999,35.49,35.19,6.0,454.54545454545456,-3.8423115346192755,BE_STOP
reset6,closed-24,POLYX/USDT,1775288053.4456906,1775303999.999,0.0559,0.051916,6.0,40.32258064516129,-2.873795371919905,STOP_LOSS
reset6,closed-20,ALGO/USDT,1775318628.0736766,1775519999.999,0.11886,0.11847,6.0,80.64516129032258,-0.26461057465274496,BE_STOP
reset6,open-3,APE/USDT,1775175276.6262028,1775563199.999,0.0829,0.0829,6.0,41.666666666666664,0.0,BE_STOP
reset6,closed-26,AIXBT/USDT,1775657941.3443787,1775678399.999,0.02726,0.024891,6.0,40.32258064516129,-3.5041890516649703,STOP_LOSS
reset6,closed-3,TAO/USDT,1774650703.1715167,1775779199.999,313.81,304.57,6.0,166.66666666666666,-4.907428061565929,BE_STOP
reset6,closed-4,TNSR/USDT,1775720377.817925,1775807999.999,0.04687,0.04389,6.0,24.193548387096772,-1.5382285938457099,STOP_LOSS
reset6,closed-32,RENDER/USDT,1775246608.4542537,1775966399.999,1.9436,1.9263,6.0,166.66666666666666,-1.4835014063250458,BE_STOP
reset6,closed-65,DOT/USDT,1775980972.484268,1776239999.999,1.2249,1.147,6.0,40.32258064516129,-2.5643963035823902,STOP_LOSS
reset6,closed-9,MON/USDT,1776338349.0392292,1776412799.999,0.035808,0.033277,6.0,45.45454545454545,-3.212842229263137,STOP_LOSS
reset6,closed-10,TURBO/USDT,1776366178.3499205,1776412799.999,0.00133,0.001211,6.0,19.53125,-1.747532894736841,STOP_LOSS
reset6,closed-13,MOODENG/USDT,1776370082.2002487,1776412799.999,0.061019,0.056534,6.0,58.59375,-4.306740011307947,STOP_LOSS
reset6,closed-16,GRIFFAIN/USDT,1776441680.2020073,1776470399.999,0.01773,0.0162,6.0,39.0625,-3.370875634517768,STOP_LOSS
reset6,closed-15,ZETA/USDT,1776392430.3794386,1776484799.999,0.06179,0.0574,6.0,19.53125,-1.3876385742029456,STOP_LOSS
reset6,closed-45,ZEC/USDT,1776338419.7554412,1776513599.999,345.78,323.25,6.0,39.0625,-2.5451967291341284,STOP_LOSS
reset6,closed-14,LDO/USDT,1776356269.2247193,1776513599.999,0.41589,0.4075,6.0,58.59374999999999,-1.182047085767875,BE_STOP
reset6,closed-23,MOODENG/USDT,1776499803.5761616,1776513599.999,0.060308,0.056095,6.0,58.59375,-4.093245817304503,STOP_LOSS
reset6,closed-31,VIRTUAL/USDT,1776442685.225196,1776513599.999,0.77449,0.71714,6.0,58.59375,-4.338792705522348,STOP_LOSS
reset6,closed-25,TIA/USDT,1776470858.0107574,1776513599.999,0.4314,0.403,6.0,58.59375,-3.8573539638386616,STOP_LOSS
reset6,closed-27,GRASS/USDT,1776338275.5458813,1776527999.999,0.37161,0.33569,6.0,109.89010989010987,-10.622030481560628,STOP_LOSS
reset6,closed-49,CAKE/USDT,1776442685.2202237,1776527999.999,1.6391,1.5393,6.0,58.59375000000001,-3.5676018851808986,STOP_LOSS
reset6,closed-22,ACE/USDT,1776501359.121004,1776527999.999,0.1444,0.1354,6.0,11.71875,-0.7303930055401671,STOP_LOSS
reset6,closed-28,AERO/USDT,1776427632.5067496,1776542399.999,0.41991,0.40542,6.0,58.59375,-2.021917643066371,BE_STOP
reset6,closed-37,WLD/USDT,1776474095.795278,1776542399.999,0.28456,0.26586,6.0,11.71875,-0.7701034052572386,STOP_LOSS
reset6,closed-46,TAO/USDT,1776441680.2079284,1776556799.999,260.73,243.03,6.0,78.125,-5.303618685997018,STOP_LOSS
reset6,closed-17,ZRO/USDT,1776338966.3650606,1776556799.999,1.9454,1.7817,6.0,19.53125,-1.6435003726740005,STOP_LOSS
reset6,closed-8,FET/USDT,1776338275.5433605,1776556799.999,0.2312,0.2144,6.0,27.47252747252747,-1.9962736225711974,STOP_LOSS
reset6,closed-34,KAITO/USDT,1776338275.548521,1776556799.999,0.4499,0.44094,6.0,54.94505494505494,-1.094260262964422,BE_STOP
reset6,closed-38,PURR/USDT,1776348142.5372531,1776571199.999,0.080033,0.078777,6.0,78.125,-1.2260567515899774,BE_STOP
reset6,closed-29,DYDX/USDT,1776484907.512156,1776643199.999,0.14717,0.13368,6.0,58.59375,-5.370861503703203,STOP_LOSS
reset6,closed-58,COMP/USDT,1776338275.5405662,1776801599.999,22.779,22.659,6.0,82.41758241758241,-0.4341766491114609,BE_STOP
reset6,closed-77,FET/USDT,1776604923.9345534,1776801599.999,0.2205,0.20481,6.0,19.53125,-1.3897746598639464,STOP_LOSS
reset6,closed-59,ZEC/USDT,1776618704.6572251,1776801599.999,312.49,308.5,6.0,11.71875,-0.1496297881532216,BE_STOP
reset6,closed-206,DYDX/USDT,1776787769.7733579,1776801599.999,0.13995,0.13115,6.0,58.59375,-3.684351554126472,STOP_LOSS
reset6,closed-63,SUPER/USDT,1776663915.8739815,1776916799.999,0.12494,0.12434,6.0,19.53125,-0.09379502161037043,BE_STOP
reset6,closed-7,TRB/USDT,1776338419.7474828,1776945599.999,17.773,17.745,6.0,58.59375000000001,-0.09230996455297011,BE_STOP
reset6,closed-67,MON/USDT,1776960050.4621058,1777003199.999,0.03295,0.030825,6.0,39.0625,-2.519205235204853,STOP_LOSS
reset6,closed-85,MOODENG/USDT,1776845770.4253204,1777147199.999,0.06087,0.057124,6.0,58.59375,-3.6059173238048325,STOP_LOSS
reset6,closed-72,LDO/USDT,1776888212.1474862,1777175999.999,0.394,0.36718,6.0,58.59375,-3.9885390228426383,STOP_LOSS
reset6,closed-68,HYPER/USDT,1777117974.2439666,1777175999.999,0.13234,0.12924,6.0,19.53125,-0.45751001209007414,BE_STOP
reset6,closed-69,HEMI/USDT,1777148562.0403845,1777175999.999,0.009872,0.009097,6.0,19.53125,-1.5332980905591602,STOP_LOSS
reset6,closed-76,INJ/USDT,1777188940.993972,1777204799.999,3.9042,3.654,6.0,19.53125,-1.2516568695251267,STOP_LOSS
reset6,closed-74,SPX/USDT,1776960127.6242328,1777276799.999,0.3914,0.38611,6.0,39.0625,-0.527952542156364,BE_STOP
reset6,closed-87,JUP/USDT,1777263265.137944,1777276799.999,0.1981,0.18608,6.0,39.0625,-2.370172892478548,STOP_LOSS
reset6,closed-75,TRUMP/USDT,1777153335.7161508,1777291199.999,2.5483,2.5455,6.0,19.53125,-0.021460385354939854,BE_STOP
reset6,closed-82,MINA/USDT,1777183609.7501297,1777319999.999,0.066591,0.062027,6.0,19.53125,-1.3386287185956045,STOP_LOSS
reset6,closed-80,GRASS/USDT,1776687450.598616,1777377599.999,0.3347,0.33381,6.0,39.0625,-0.10387100388407379,BE_STOP
reset6,closed-199,RENDER/USDT,1776537341.7600853,1777478399.999,1.787,1.6769,6.0,78.125,-4.813409345271399,STOP_LOSS
reset6,closed-81,ALGO/USDT,1777090682.0724192,1777478399.999,0.11172,0.11038,6.0,39.0625,-0.4685262262799821,BE_STOP
reset6,closed-88,WLD/USDT,1776659553.5330515,1777478399.999,0.26257,0.24596,6.0,19.53125,-1.235533619606201,STOP_LOSS
reset6,closed-112,XMR/USDT,1777220029.4978356,1777492799.999,398.12,372.46,6.0,58.59375,-3.7765387948357314,STOP_LOSS
reset6,closed-89,GRASS/USDT,1777464209.6407816,1777564799.999,0.346,0.31974,6.0,39.0625,-2.964685693641611,STOP_LOSS
reset6,closed-90,ACE/USDT,1776621986.14587,1777579199.999,0.1173,0.1173,6.0,11.71827,0.0,BE_STOP
reset6,closed-79,LDO/USDT,1777270526.911403,1777593599.999,0.3911,0.36526,6.0,39.0625,-2.580861672206599,STOP_LOSS
reset6,closed-91,AIXBT/USDT,1777537069.5531116,1777636799.999,0.03023,0.030167,6.0,39.0625,-0.08140712868011812,BE_STOP
reset6,closed-93,TRUMP/USDT,1777398443.293293,1777636799.999,2.4715,2.3195,6.0,11.71875,-0.7207161642727071,STOP_LOSS
reset6,closed-94,GMX/USDT,1776932030.135696,1777766399.999,7.0524,7.0444,6.0,39.0625,-0.04431115648573236,BE_STOP
reset6,closed-103,CC/USDT,1776338275.5379689,1777910399.999,0.14667,0.1456,6.0,54.94505494505494,-0.4008400408482167,BE_STOP
reset6,closed-106,STX/USDT,1778011394.3662658,1778025599.999,0.27688,0.25326,6.0,39.0625,-3.3323325989598414,STOP_LOSS
reset6,closed-114,COMP/USDT,1777737408.6844754,1778212799.999,22.645,22.572,6.0,39.062625000000004,-0.12592500000000056,BE_STOP
reset6,closed-116,AR/USDT,1778040684.8378124,1778342399.999,2.5154,2.4653,6.0,58.59375000000001,-1.167029846147732,BE_STOP
reset6,closed-117,ACE/USDT,1778312880.9325264,1778385599.999,0.1401,0.1377,6.0,19.531341,-0.33458400000000255,BE_STOP
reset6,closed-119,LINEA/USDT,1778286505.0023654,1778385599.999,0.004307,0.004026,6.0,78.125,-5.09708033433945,STOP_LOSS
reset6,closed-126,OP/USDT,1778276246.1016092,1778399999.999,0.17145,0.1605,6.0,58.59375,-3.7422080052493385,STOP_LOSS
reset6,closed-108,HMSTR/USDT,1777985982.784278,1778471999.999,0.000178,0.000177,6.0,19.53125,-0.10972612359550589,BE_STOP
reset6,closed-121,PURR/USDT,1777907180.30233,1778500799.999,0.069262,0.06827,6.0,19.53125,-0.27973491958072516,BE_STOP
reset6,closed-122,SKY/USDT:USDT,1776384133.7954965,1778515199.999,0.076726,0.076399,6.0,78.125,-0.3329624247321722,BE_STOP
reset6,closed-127,FIL/USDT,1778040139.0388875,1778558399.999,1.1152,1.1054,6.0,39.0625,-0.34326802367288384,BE_STOP
reset6,closed-125,PUMP/USDT,1778156495.6259973,1778558399.999,0.002053,0.002022,6.0,58.59375,-0.8847570628348826,BE_STOP
reset6,closed-135,YGG/USDT,1778286505.0236268,1778558399.999,0.04793,0.044865,6.0,58.59375,-3.7469193354892534,STOP_LOSS
reset6,closed-129,VVV/USDT,1778544063.000116,1778572799.999,17.234,17.195,6.0,78.125,-0.1767944180109185,TRIM
reset6,closed-118,FARTCOIN/USDT,1778068848.3786285,1778572799.999,0.25099,0.25088,6.0,58.59375,-0.025679558946570258,BE_STOP
reset6,closed-133,ENA/USDT,1778288907.9717069,1778572799.999,0.13441,0.12613,6.0,58.59375,-3.6095249609404094,STOP_LOSS
reset6,closed-132,TURBO/USDT,1777968203.8377542,1778587199.999,0.001287,0.001284,6.0,58.59375,-0.1365821678321632,BE_STOP
reset6,closed-102,MOODENG/USDT,1777464604.6298974,1778587199.999,0.06075,0.060595,6.0,58.59375,-0.14949845679012055,BE_STOP
reset6,closed-128,UNI/USDT,1778372238.987565,1778587199.999,3.8104,3.7662,6.0,58.59375,-0.6796776585135428,BE_STOP
reset6,closed-130,KAS/USDT,1778429740.3404424,1778587199.999,0.0386,0.038521,6.0,58.59375,-0.11991985103627402,BE_STOP
reset6,closed-136,ENS/USDT,1778443738.9499888,1778587199.999,7.5691,7.052,6.0,58.59375000000001,-4.002963116486768,STOP_LOSS
reset6,closed-138,FET/USDT,1778054711.5226376,1778601599.999,0.22606,0.22395,6.0,58.59374999999999,-0.5469026475272021,BE_STOP
reset6,closed-101,ZETA/USDT,1777563250.3521895,1778601599.999,0.05895,0.05883,6.0,19.53125,-0.039758269720102137,BE_STOP
reset6,closed-134,ZEN/USDT,1777810728.8971298,1778601599.999,6.6011,6.5389,6.0,58.59375,-0.5521096862644076,BE_STOP
reset6,closed-142,GMX/USDT,1778183897.7016904,1778630399.999,7.2157,7.1909,6.0,39.0625,-0.13425585875244223,BE_STOP
reset6,closed-150,VVV/USDT,1778638618.0104995,1778687999.999,15.562,14.566,6.0,78.125,-5.00016064773165,STOP_LOSS
reset6,closed-149,PURR/USDT,1778605541.2295043,1778687999.999,0.06708,0.059397,6.0,19.53125,-2.237009447674419,STOP_LOSS
reset6,closed-146,ALGO/USDT,1778011640.4313915,1778687999.999,0.11899,0.11626,6.0,78.125,-1.7924300361374899,BE_STOP
reset6,closed-156,GRASS/USDT,1777781215.8021033,1778687999.999,0.32731,0.32557,6.0,78.125,-0.41531728330938994,BE_STOP
reset6,closed-97,MON/USDT,1777648071.9245172,1778687999.999,0.029378,0.028979,6.0,19.53125,-0.2652654622506629,BE_STOP
reset6,closed-153,VIRTUAL/USDT,1777867939.9666662,1778687999.999,0.77685,0.76502,6.0,58.59374999999999,-0.8922752944583926,BE_STOP
reset6,closed-144,HYPER/USDT,1778027735.9757051,1778687999.999,0.10849,0.10387,6.0,19.53125,-0.8317298829385198,BE_STOP
reset6,closed-147,SNX/USDT,1778200279.8742115,1778687999.999,0.3399,0.32673,6.0,58.59375,-2.270313879082079,BE_STOP
reset6,closed-182,ETC/USDT,1778257707.5379243,1778687999.999,9.7875,9.1373,6.0,58.59375,-3.89248084291188,STOP_LOSS
reset6,closed-151,BRETT/USDT,1778300975.9792583,1778687999.999,0.009479,0.009276,6.0,58.59374999999999,-1.2548297552484438,BE_STOP
reset6,closed-139,XMR/USDT,1778193829.4074852,1778702399.999,396.96,392.25,6.0,39.0625,-0.4634834114268429,BE_STOP
reset6,closed-160,LDO/USDT,1778040684.8561368,1778731199.999,0.38222,0.37998,6.0,58.59375000000001,-0.34338862435247,BE_STOP
reset6,closed-159,STX/USDT,1778214541.0529773,1778731199.999,0.26412,0.26076,6.0,58.59375,-0.7453998182644327,BE_STOP
reset6,closed-167,ICP/USDT,1778054711.548446,1778831999.999,2.7566,2.718,6.0,58.59375,-0.8204740441123131,BE_STOP
reset6,closed-169,GMT/USDT,1778789470.1753953,1778831999.999,0.013324,0.012368,6.0,58.59375,-4.204114755328729,STOP_LOSS
reset6,closed-176,MON/USDT,1778801725.1860821,1778846399.999,0.029894,0.028054,6.0,11.71875,-0.7212985883454873,STOP_LOSS
reset6,closed-171,PURR/USDT,1778797954.3954852,1778860799.999,0.069389,0.069172,6.0,19.53125,-0.06108001628500398,BE_STOP
reset6,closed-179,NEO/USDT,1778142776.6817453,1778860799.999,2.9751,2.9672,6.0,58.59375,-0.15558825753755456,BE_STOP
reset6,closed-172,ARB/USDT,1778184130.607847,1778860799.999,0.12634,0.12381,6.0,39.0625,-0.7822393936995431,BE_STOP
reset6,closed-178,IMX/USDT,1778301053.3732498,1778860799.999,0.19237,0.19053,6.0,58.59374999999999,-0.5604434163331093,BE_STOP
reset6,closed-187,WLFI/USDT,1778351621.9763196,1778860799.999,0.069881,0.065625,6.0,11.71875,-0.7137133126314728,STOP_LOSS
reset6,closed-170,SUI/USDT,1778401945.7011185,1778860799.999,1.1266,1.0881,6.0,58.59375,-2.0023605316882622,BE_STOP
reset6,closed-184,SKY/USDT,1774583431.537942,1778875199.999,0.070643,0.070418,6.0,24.999999999999996,-0.07962572370935615,BE_STOP
reset6,closed-185,MINA/USDT,1777860052.3457975,1778875199.999,0.060491,0.060468,6.0,19.53125,-0.007426208030946683,BE_STOP
reset6,closed-202,CAKE/USDT,1778429740.3196933,1778889599.999,1.5887,1.4928,6.0,58.59375,-3.5369425473657743,STOP_LOSS
reset6,closed-183,KAITO/USDT,1777521756.313358,1778903999.999,0.4445,0.44069,6.0,39.0625,-0.33482142857142827,BE_STOP
reset6,closed-195,ANIME/USDT,1775527308.6855934,1778918399.999,0.004501,0.004418,6.0,40.32258064516129,-0.7435623624857525,BE_STOP
reset6,closed-196,STX/USDT,1778821086.2772062,1778918399.999,0.2628,0.24175,6.0,39.0625,-3.1288646308980184,STOP_LOSS
reset6,closed-203,LINK/USDT,1778301053.3965695,1778918399.999,10.541,9.8157,6.0,58.59375000000001,-4.031690245232904,STOP_LOSS
reset6,closed-21,FLOKI/USDT,1776410843.7259934,1778932799.999,3.153e-05,3.1431e-05,6.0,78.125,-0.24530209324452773,BE_STOP
reset6,closed-200,TIA/USDT,1778214541.0735338,1778932799.999,0.4011,0.40026,6.0,58.59375,-0.12270942408377236,BE_STOP
reset6,closed-208,AERO/USDT,1776870104.3286061,1778961599.999,0.4193,0.41819,6.0,19.53125,-0.051704477700930104,BE_STOP
reset6,closed-201,MANTA/USDT,1778501315.778693,1779004799.999,0.07504,0.07494,6.0,58.59375,-0.07808335554370305,BE_STOP
reset6,closed-211,POLYX/USDT,1778272136.726014,1779062399.999,0.053748,0.052985,6.0,58.59375,-0.8317896712435797,BE_STOP
reset6,closed-224,COMP/USDT,1778687733.3699238,1779062399.999,22.617,21.141,6.0,19.53125,-1.2746219657779576,STOP_LOSS
reset6,closed-213,TURBO/USDT,1778860958.2029781,1779062399.999,0.001227,0.001115,6.0,39.0625,-3.565607171964135,STOP_LOSS
reset6,closed-215,FIL/USDT,1778823647.6918747,1779062399.999,1.02,0.94171,6.0,78.125,-5.9964767156862715,STOP_LOSS
reset6,closed-218,KAITO/USDT,1779034109.0460885,1779091199.999,0.49811,0.45879,6.0,19.53125,-1.5417653731103573,STOP_LOSS
reset6,closed-216,DOGE/USDT,1777867939.9468355,1779091199.999,0.11303,0.10424,6.0,58.59375000000001,-4.556658077501553,STOP_LOSS
reset6,closed-217,W/USDT,1778868687.5313115,1779091199.999,0.01318,0.01217,6.0,19.53125,-1.4967042867981795,STOP_LOSS
reset6,closed-209,AIXBT/USDT,1778976126.813539,1779119999.999,0.032229,0.030173,6.0,39.0625,-2.491932731390986,STOP_LOSS
reset6,closed-221,MON/USDT,1778861115.419801,1779119999.999,0.028556,0.026231,6.0,11.71875,-0.954128510645749,STOP_LOSS
reset6,closed-243,FLOKI/USDT,1778990618.0513735,1779119999.999,0.031644,0.029735,6.0,39.0625,-2.3565387593224574,STOP_LOSS
reset6,closed-223,VVV/USDT,1779033642.6291392,1779191999.999,14.334,14.275,6.0,39.0625,-0.1607846728059149,BE_STOP
reset6,closed-229,XMR/USDT,1779127534.1136112,1779422399.999,387.21,381.58,6.0,19.53125,-0.28398269027142803,BE_STOP
reset6,closed-232,DYDX/USDT,1779249877.1534681,1779465599.999,0.1487,0.14844,6.0,39.0625,-0.06830026899798565,BE_STOP
reset6,closed-230,ZEN/USDT,1779278568.483516,1779465599.999,6.3773,6.3128,6.0,58.59375,-0.5926170754080862,BE_STOP
reset6,closed-237,MON/USDT,1779394866.682503,1779479999.999,0.029253,0.026533,6.0,39.0625,-3.6321061087751665,STOP_LOSS
reset6,closed-245,TURBO/USDT,1779437090.04329,1779479999.999,0.001218,0.001128,6.0,39.0625,-2.886391625615756,STOP_LOSS
reset6,closed-235,SPX/USDT,1779264730.7604845,1779479999.999,0.37281,0.3638,6.0,39.0625,-0.9440549475604135,BE_STOP
reset6,closed-220,HYPER/USDT,1779088126.5799108,1779479999.999,0.11488,0.10663,6.0,19.53125,-1.4026184932103063,STOP_LOSS
reset6,closed-240,AR/USDT,1779293670.9670963,1779479999.999,2.2377,2.0978,6.0,39.0625,-2.44216997363364,STOP_LOSS
reset6,closed-234,SUI/USDT,1779322474.7654321,1779479999.999,1.0845,1.0556,6.0,39.0625,-1.04094628861226,BE_STOP
reset6,closed-241,COMP/USDT,1779230623.658495,1779494399.999,22.616,19.647,6.0,78.125,-10.256151618323319,STOP_LOSS
reset6,closed-236,VIRTUAL/USDT,1779423653.5368202,1779494399.999,0.76334,0.71538,6.0,39.0625,-2.4542634998820985,STOP_LOSS
reset6,closed-242,SUPER/USDT,1779226254.6535099,1779494399.999,0.11049,0.10977,6.0,19.53125,-0.12727396144447461,BE_STOP
reset6,closed-252,FIL/USDT,1779452180.1996272,1779494399.999,1.023,0.96081,6.0,58.59374999999999,-3.562018878299113,STOP_LOSS
reset6,closed-270,ETC/USDT,1779452180.1786182,1779494399.999,9.38,8.7797,6.0,39.0625,-2.499916711087421,STOP_LOSS
reset6,closed-246,RENDER/USDT,1779048162.8418307,1779523199.999,1.8399,1.7837,6.0,78.125,-2.38633893146367,BE_STOP
reset6,closed-276,AIXBT/USDT,1779490603.801345,1779523199.999,0.0295,0.027599,6.0,39.062425,-2.517209149999998,STOP_LOSS
reset6,closed-248,TIA/USDT,1779293748.480091,1779523199.999,0.4083,0.4001,6.0,39.0625,-0.7845028165564529,BE_STOP
reset6,closed-294,MINA/USDT,1779048867.2561538,1779523199.999,0.059114,0.055335,6.0,19.53125,-1.248580602733701,STOP_LOSS
reset6,closed-247,STX/USDT,1779046368.1057413,1779523199.999,0.2392,0.23439,6.0,19.53125,-0.3927479619565233,BE_STOP
reset6,closed-249,MANTA/USDT,1779380668.1599226,1779523199.999,0.07492,0.07437,6.0,39.0625,-0.28676421516283734,BE_STOP
reset6,closed-250,POLYX/USDT,1779371457.0499516,1779537599.999,0.052928,0.052468,6.0,39.0625,-0.33949421856106604,BE_STOP
reset6,closed-257,GMT/USDT,1779518426.2256098,1779537599.999,0.012264,0.012084,6.0,19.53125,-0.2866621819960888,BE_STOP
reset6,closed-256,BCH/USDT,1779084611.2709715,1779537599.999,374.73,345.54,6.0,19.53125,-1.5214079136978615,STOP_LOSS
reset6,closed-261,SUPER/USDT,1779583775.0115345,1779623999.999,0.12944,0.11881,6.0,19.53125,-1.6039646747527805,STOP_LOSS
reset6,closed-264,VVV/USDT,1779667493.865621,1779739199.999,19.117,17.671,6.0,39.0625,-2.954667311816711,STOP_LOSS
reset6,closed-265,GMX/USDT,1779379343.8030367,1779753599.999,6.98,6.4779,6.0,58.59375,-4.214888520773642,STOP_LOSS
reset6,closed-267,GMT/USDT,1779605711.4328637,1779767999.999,0.011883,0.010944,6.0,19.53125,-1.543368151981821,STOP_LOSS
reset6,closed-275,ALGO/USDT,1779249645.582131,1779839999.999,0.11575,0.10847,6.0,78.125,-4.913606911447089,STOP_LOSS
reset6,closed-255,ZORA/USDT,1779272556.200639,1779883199.999,0.011136,0.010414,6.0,11.71875,-0.7597824622844829,STOP_LOSS
reset6,closed-278,VIRTUAL/USDT,1779567384.146958,1779926399.999,0.75786,0.7446,6.0,39.0625,-0.6834623149394332,BE_STOP
reset6,closed-290,BTC/USDT,1776873742.6110334,1779926399.999,79309.8,74420.0,6.0,58.59375,-3.6125638792431713,STOP_LOSS
reset6,closed-285,ZEN/USDT,1779739802.556133,1779926399.999,6.2987,5.8973,6.0,39.0625,-2.4893529617222567,STOP_LOSS
reset6,closed-277,EIGEN/USDT,1779725268.386489,1779926399.999,0.2548,0.2281,6.0,39.0625,-4.093283948194666,STOP_LOSS
reset6,closed-380,PAXG/USDT,1774987196.2754548,1779940799.999,4679.4,4377.7,6.0,166.66666666666666,-10.745679645538592,STOP_LOSS
reset6,closed-292,POLYX/USDT,1779883352.465367,1779940799.999,0.0529,0.048634,6.0,39.0625,-3.150106332703217,STOP_LOSS
reset6,closed-289,AIXBT/USDT,1779917961.0039396,1779940799.999,0.0295,0.027068,6.0,39.0625,-3.220338983050846,STOP_LOSS
reset6,closed-296,TRB/USDT,1779278568.4669595,1779940799.999,17.54,16.363,6.0,58.59375,-3.931861103192704,STOP_LOSS
reset6,closed-287,FLOKI/USDT,1779624990.4271636,1779940799.999,0.029687,0.027419,6.0,19.53125,-1.492130393775054,STOP_LOSS
reset6,closed-284,AERO/USDT,1779087736.1520138,1779940799.999,0.40568,0.40159,6.0,11.71875,-0.11814653791165441,BE_STOP
reset6,closed-293,WIF/USDT,1776931487.6728902,1779940799.999,0.1803,0.17857,6.0,19.53125,-0.1874046727676085,BE_STOP
reset6,closed-282,FIL/USDT,1779840664.905889,1779940799.999,1.017,0.98507,6.0,39.0625,-1.2264165437561418,BE_STOP
reset6,closed-280,AR/USDT,1779884302.4937804,1779940799.999,2.2268,2.1268,6.0,39.0625,-1.7541988503682422,BE_STOP
reset6,closed-286,ICP/USDT,1779739725.2246745,1779940799.999,2.732,2.7201,6.0,39.0625,-0.1701477855051278,BE_STOP
reset6,closed-773,OP/USDT,1779305847.0323625,1779940799.999,0.12892,0.11965,6.0,19.53125,-1.4043956523425374,STOP_LOSS
reset6,closed-311,ASTER/USDT,1779697110.1054738,1779940799.999,0.7173,0.66527,6.0,39.0625,-2.8334335354802738,STOP_LOSS
reset6,closed-297,ACE/USDT,1779055755.161081,1779955199.999,0.1173,0.1091,6.0,11.71875,-0.8192135549872116,STOP_LOSS
reset6,closed-298,DASH/USDT,1777814320.8284965,1779969599.999,39.231,38.925,6.0,39.0625,-0.30468570773113746,BE_STOP
reset6,closed-301,PENDLE/USDT,1777622677.5949273,1779983999.999,1.5087,1.4862,6.0,58.59375,-0.8738379896599678,BE_STOP
reset6,closed-303,TAO/USDT,1776989342.9104133,1780084799.999,254.35,249.19,6.0,58.59375000000001,-1.1886917633182585,BE_STOP
reset6,closed-306,HEMI/USDT,1780082379.7867532,1780099199.999,0.007892,0.007153,6.0,19.53125,-1.8288892232640641,STOP_LOSS
reset6,closed-304,TIA/USDT,1779659304.3443706,1780214399.999,0.4042,0.3989,6.0,39.0625,-0.5122000247402299,BE_STOP
reset6,closed-305,AR/USDT,1779998601.8490114,1780214399.999,2.2595,2.2466,6.0,39.0625,-0.2230167072361181,BE_STOP
reset6,closed-315,XMR/USDT,1780142639.0777988,1780228799.999,390.32,364.58,6.0,39.0625,-2.5760113496618158,STOP_LOSS
reset6,closed-307,HBAR/USDT,1780099864.263912,1780243199.999,0.10104,0.094831,6.0,39.0625,-2.400426192596993,STOP_LOSS
reset6,closed-319,CAKE/USDT,1780200315.0915463,1780300799.999,1.5459,1.4361,6.0,39.0625,-2.7744760333786154,STOP_LOSS
reset6,closed-314,BNB/USDT,1780156970.2760699,1780300799.999,695.81,685.9,6.0,39.0625,-0.5563435061295462,BE_STOP
reset6,closed-333,BCH/USDT,1779990796.1670983,1780315199.999,303.05,279.81,6.0,19.53125,-1.4977932684375523,STOP_LOSS
reset6,closed-323,POLYX/USDT,1780218270.4593215,1780387199.999,0.0508,0.047385,6.0,19.53125,-1.3129767470472444,STOP_LOSS
reset6,closed-326,EIGEN/USDT,1780372879.4081883,1780387199.999,0.2323,0.2178,6.0,39.0625,-2.438253336203189,STOP_LOSS
reset6,closed-322,MON/USDT,1779986104.197807,1780401599.999,0.0233,0.021201,6.0,11.71875,-1.0556934012875538,STOP_LOSS
reset6,closed-313,CC/USDT,1779293670.9882667,1780415999.999,0.15269,0.1518,6.0,39.0625,-0.22768763507760753,BE_STOP
reset6,closed-329,WIF/USDT,1779989545.0272965,1780415999.999,0.18,0.17829,6.0,19.53125,-0.18554687499999908,BE_STOP
reset6,closed-330,GMX/USDT,1780344359.7110274,1780415999.999,6.92,6.4309,6.0,39.0625,-2.7609058887283213,STOP_LOSS
reset6,closed-321,HEMI/USDT,1780125567.0923514,1780415999.999,0.00718,0.006538,6.0,19.53125,-1.7463875348189404,STOP_LOSS
reset6,closed-324,JUP/USDT,1780315286.9960775,1780415999.999,0.1959,0.19388,6.0,39.0625,-0.4027884124553323,BE_STOP
reset6,closed-325,MANTA/USDT,1780027266.8163028,1780415999.999,0.08045,0.07486,6.0,39.0625,-2.7142246737103806,STOP_LOSS
reset6,closed-347,ASTER/USDT,1780245875.7516365,1780415999.999,0.71434,0.66109,6.0,39.0625,-2.911888071506566,STOP_LOSS
reset6,closed-328,ALGO/USDT,1780056271.1944377,1780430399.999,0.1151,0.11482,6.0,39.0625,-0.09502606429191793,BE_STOP
reset6,closed-332,APT/USDT,1775674070.2227201,1780444799.999,0.84,0.8238,6.0,40.32258064516129,-0.7776497695852516,BE_STOP
reset6,closed-335,TIA/USDT,1780294463.4956298,1780444799.999,0.3878,0.35943,6.0,39.0625,-2.8576666451779213,STOP_LOSS
reset6,closed-336,HYPER/USDT,1780220301.9767911,1780444799.999,0.0911,0.084858,6.0,19.53125,-1.3382443743139412,STOP_LOSS
reset6,closed-310,FLOKI/USDT,1780128613.9591773,1780459199.999,0.028004,0.026015,6.0,19.53125,-1.3872181206256267,STOP_LOSS
reset6,closed-341,DASH/USDT,1780315286.9651337,1780559999.999,39.268,35.222,6.0,39.0625,-4.024826194356729,STOP_LOSS
reset6,closed-343,FIL/USDT,1780435849.7055304,1780559999.999,0.884,0.85031,6.0,19.53125,-0.7443527290723986,BE_STOP
reset6,closed-352,VVV/USDT,1780000793.4626982,1780631999.999,16.281,15.838,6.0,19.53125,-0.5314381026963944,BE_STOP
reset6,closed-355,MORPHO/USDT,1779221028.0415614,1780631999.999,1.782,1.7439,6.0,39.0625,-0.8351746632996636,BE_STOP
reset6,closed-354,RENDER/USDT,1780574562.2184181,1780631999.999,1.853,1.7703,6.0,39.0625,-1.7433722342147846,BE_STOP
reset6,closed-358,ALGO/USDT,1780520219.971721,1780631999.999,0.1055,0.097,6.0,19.53125,-1.5736078199052121,STOP_LOSS
reset6,closed-360,COMP/USDT,1779998601.883189,1780631999.999,17.835,16.511,6.0,19.53125,-1.4499229044014592,STOP_LOSS
reset6,closed-351,ICP/USDT,1780560231.4405499,1780631999.999,2.727,2.5344,6.0,39.0625,-2.758869636963692,STOP_LOSS
reset6,closed-353,ZORA/USDT,1780140918.1112487,1780631999.999,0.010075,0.009569,6.0,19.53125,-0.9809243176178684,BE_STOP
reset6,closed-368,DASH/USDT,1780617552.2371874,1780646399.999,34.26,31.508,6.0,19.53125,-1.568884997081143,STOP_LOSS
reset6,closed-359,AR/USDT,1780565512.3713336,1780646399.999,2.239,2.1841,6.0,39.0624896,-0.9578073600000004,BE_STOP
reset6,closed-364,BCH/USDT,1780463668.8400123,1780646399.999,253.72,225.55,6.0,11.71875,-1.301108259104524,STOP_LOSS
reset6,closed-366,GRASS/USDT,1779336374.1308303,1780660799.999,0.33487,0.33414,6.0,39.0625,-0.08515431361423749,BE_STOP
reset6,closed-356,KAITO/USDT,1779941262.478525,1780675199.999,0.4579,0.45137,6.0,39.0625,-0.5570607665429097,BE_STOP
reset6,closed-374,FET/USDT,1779112283.5234506,1780689599.999,0.1921,0.19085,6.0,19.53125,-0.12709038261322134,BE_STOP
reset6,closed-378,FLOKI/USDT,1780621776.44543,1780689599.999,2.466e-05,2.3036e-05,6.0,19.53125,-1.286242903487428,STOP_LOSS
reset6,closed-362,MON/USDT,1780596630.5717359,1780718399.999,0.020465,0.020405,6.0,11.71875,-0.03435743953090695,BE_STOP
reset6,closed-377,ZEC/USDT,1780698411.3956475,1780718399.999,368.73,362.93,6.0,11.71875,-0.1843320315678145,BE_STOP
reset6,closed-384,PURR/USDT,1779048317.5804737,1780747199.999,0.074363,0.089688,6.0,19.531250000000004,4.025071692239421,RISK_OFF
reset6,closed-381,INJ/USDT,1777737646.3004081,1780747199.999,3.8554,5.2001,6.0,58.59374999999999,20.43653463324168,RISK_OFF
reset6,closed-383,ONDO/USDT,1777906945.5523825,1780747199.999,0.31426,0.32349,6.0,58.59375,1.7209327069942155,RISK_OFF
reset6,closed-60,STABLE/USDT,1776338349.0425384,1780804799.999,0.025863,0.033585,6.0,22.727272727272727,6.785755712794338,RISK_OFF
reset6,closed-387,WLD/USDT,1778853980.962852,1780804799.999,0.24036,0.44838,6.0,19.53125,16.903355903644535,RISK_OFF
reset6,closed-389,ZEC/USDT,1780739715.4776342,1780833599.999,366.09,410.3,6.0,11.71875,1.4151873514709505,RISK_OFF
reset6,closed-391,WLD/USDT,1780848740.918154,1780862399.999,0.5021,0.46559,6.0,11.71875,-0.8521242033459465,STOP_LOSS
reset6,closed-390,CC/USDT,1780776866.1722734,1780919999.999,0.1598,0.15694,6.0,58.59375,-1.0486741239048831,BE_STOP
reset6,closed-394,HMSTR/USDT,1780762485.204381,1780934399.999,0.000182,0.000166,6.0,39.0625,-3.4340659340659347,STOP_LOSS
reset6,closed-392,JTO/USDT,1780862572.580509,1780963199.999,0.6002,0.59869,6.0,39.0625,-0.09827453348883186,BE_STOP
reset6,closed-397,MON/USDT,1780853431.3468208,1780977599.999,0.022041,0.020324,6.0,11.71875,-0.9128938682455442,STOP_LOSS
reset6,closed-399,HYPER/USDT,1780884799.3267574,1780977599.999,0.0719,0.065584,6.0,19.53125,-1.715707579972184,STOP_LOSS
reset6,closed-400,STABLE/USDT,1780848740.8903265,1780991999.999,0.033945,0.030918,6.0,11.71875,-1.0450038665488297,STOP_LOSS
reset6,closed-402,MORPHO/USDT,1781007012.335147,1781020799.999,1.972,1.8396,6.0,39.0625,-2.6226546653144047,STOP_LOSS
reset6,closed-412,ALGO/USDT,1780817866.7060897,1781020799.999,0.0957,0.088701,6.0,11.71875,-0.8570483934169275,STOP_LOSS
reset6,closed-404,PURR/USDT,1780977750.5072625,1781035199.999,0.093406,0.087173,6.0,39.0625,-2.6066479937049025,STOP_LOSS
reset6,closed-406,VVV/USDT,1780992237.9547663,1781063999.999,15.906,14.87,6.0,39.0625,-2.544244310323154,STOP_LOSS
reset6,closed-405,INJ/USDT,1780848740.8612041,1781078399.999,5.323,5.2575,6.0,19.53125,-0.2403338108209656,BE_STOP
reset6,closed-393,ZEC/USDT,1780848740.9524384,1781092799.999,421.07,413.8,6.0,11.718749999999998,-0.20233052105350557,BE_STOP
reset6,closed-408,WLD/USDT,1780891442.2119427,1781107199.999,0.4802,0.46682,6.0,39.0625,-1.0884136817992507,BE_STOP
reset6,closed-411,ONDO/USDT,1781006521.7861316,1781121599.999,0.3619,0.33455,6.0,39.0625,-2.952084484664271,STOP_LOSS
reset6,closed-414,TRX/USDT,1774195577.9395382,1781207999.999,0.3154,0.31275,6.0,135.13513513513513,-1.1354093472039173,BE_STOP
reset6,closed-419,HMSTR/USDT,1781079430.8631015,1781366399.999,0.0001905,0.000182,6.0,39.0625,-1.74294619422572,BE_STOP
reset6,closed-425,HMSTR/USDT,1781432657.3822312,1781510399.999,0.0001687,0.000158,6.0,11.71875,-0.7432757854179028,STOP_LOSS
reset6,closed-424,TAO/USDT,1781366951.6642995,1781582399.999,264.0,262.79,6.0,19.53125,-0.08951822916666548,BE_STOP
reset6,closed-429,TRUMP/USDT,1781419887.7816548,1781596799.999,2.066,1.9394,6.0,11.71875,-0.71809958857696,STOP_LOSS
reset6,closed-433,RENDER/USDT,1781525227.2752872,1781625599.999,1.851,1.726,6.0,39.0625,-2.637932198811454,STOP_LOSS
reset6,closed-432,EIGEN/USDT,1781539897.3976665,1781625599.999,0.2247,0.2109,6.0,39.0625,-2.3990320427236345,STOP_LOSS
reset6,closed-431,UNI/USDT,1781669798.6692238,1781697599.999,3.502,3.2351,6.0,39.0625,-2.9770934466019376,STOP_LOSS
reset6,closed-440,DASH/USDT,1781511128.6411324,1781726399.999,38.87,36.3,6.0,39.0625,-2.582727682016979,STOP_LOSS
reset6,closed-437,ASTER/USDT,1781698028.55902,1781755199.999,0.702,0.67497,6.0,58.59375000000001,-2.256109775641028,BE_STOP
reset6,closed-436,XPL/USDT,1781714241.8100111,1781755199.999,0.1174,0.10794,6.0,39.0625,-3.147625638841569,STOP_LOSS
reset6,closed-435,JUP/USDT,1781496566.8399804,1781769599.999,0.1868,0.18668,6.0,39.0625,-0.02509368308350763,BE_STOP
reset6,closed-453,MON/USDT,1781678652.6327553,1781798399.999,0.022163,0.020598,6.0,19.53125,-1.3791637526508125,STOP_LOSS
reset6,closed-430,TIA/USDT,1781655383.7623835,1781798399.999,0.4013,0.37039,6.0,39.0625,-3.0087761649638667,STOP_LOSS
reset6,closed-439,SPX/USDT,1781581996.958385,1781798399.999,0.3955,0.37704,6.0,19.53125,-0.9116229456384347,BE_STOP
reset6,closed-475,TRUMP/USDT,1781643170.3853374,1781798399.999,1.927,1.8074,6.0,11.71875,-0.7273287493513242,STOP_LOSS
reset6,closed-443,PENDLE/USDT,1781669798.6333141,1781798399.999,1.489,1.3666,6.0,39.0625,-3.2110476830087302,STOP_LOSS
reset6,closed-447,NEO/USDT,1780877013.1042066,1781798399.999,2.172,2.1543,6.0,19.53125,-0.15916350138121554,BE_STOP
reset6,closed-445,GMT/USDT,1780849284.8957825,1781798399.999,0.007873,0.007714,6.0,11.718749999999998,-0.23666724882509707,BE_STOP
reset6,closed-452,ADA/USDT,1781648169.7057853,1781798399.999,0.1736,0.16022,6.0,11.71875,-0.9032078052995398,STOP_LOSS
reset6,closed-444,BRETT/USDT,1781484103.0187473,1781841599.999,0.006592,0.006123,6.0,19.53125,-1.3895868097694173,STOP_LOSS
reset6,closed-466,ANIME/USDT,1781938266.5400033,1782028799.999,0.00316,0.002949,6.0,11.71875,-0.7824861550632914,STOP_LOSS
reset6,closed-457,ACE/USDT,1781987683.2156267,1782043199.999,0.0883,0.0873,6.0,11.719176000000001,-0.13271999999999978,BE_STOP
reset6,closed-456,TNSR/USDT,1782024916.566551,1782057599.999,0.0475,0.04332,6.0,11.71875,-1.0312500000000009,STOP_LOSS
reset6,closed-462,RESOLV/USDT,1782055831.1045032,1782086399.999,0.0213,0.020834,6.0,19.531248,-0.4273033600000018,BE_STOP
reset6,closed-469,HMSTR/USDT,1782129819.8315377,1782172799.999,0.0001873,0.000168,6.0,39.0625,-4.025126801922053,STOP_LOSS
reset6,closed-423,KAITO/USDT,1781381308.0824552,1782201599.999,0.4493,0.44614,6.0,39.0625,-0.27473291787224674,BE_STOP
reset6,closed-476,FLOKI/USDT,1781024495.8729692,1782215999.999,2.39e-05,2.3706e-05,6.0,11.71875,-0.09512290794979217,BE_STOP
reset6,closed-483,TIA/USDT,1782129978.7034001,1782215999.999,0.3989,0.37431,6.0,58.59375000000001,-3.611983736525446,STOP_LOSS
reset6,closed-478,GMX/USDT,1781067878.30476,1782273599.999,5.5,5.485,6.0,19.53125,-0.05326704545454471,BE_STOP
reset6,closed-481,VVV/USDT,1782213327.6637526,1782316799.999,13.217,12.732,6.0,39.0625,-1.4334048952107172,BE_STOP
reset6,closed-489,TNSR/USDT,1782292564.161693,1782316799.999,0.0373,0.03409,6.0,11.71875,-1.0085036863270775,STOP_LOSS
reset6,closed-487,SPX/USDT,1782197260.4713876,1782316799.999,0.3602,0.33056,6.0,78.125,-6.42872015546918,STOP_LOSS
reset6,closed-488,FIL/USDT,1781137083.6482263,1782316799.999,0.74,0.73798,6.0,19.53125,-0.05331503378378389,BE_STOP
reset6,closed-474,MNT/USDT,1780725060.4331667,1782316799.999,0.513,0.50298,6.0,11.71692,-0.2288568000000001,BE_STOP
reset6,closed-484,BONK/USDT,1780804971.9607763,1782316799.999,4.3e-06,4.191e-06,6.0,11.71875,-0.2970566860465121,BE_STOP
reset6,closed-494,SNX/USDT,1782302805.6669137,1782331199.999,0.232,0.21575,6.0,19.53125,-1.368029364224139,STOP_LOSS
reset6,open-11,ADA/USDT,1782241541.382184,1782331199.999,0.1503,0.14103,6.0,11.71875,-0.7227732035928139,STOP_LOSS
reset6,closed-497,FLOKI/USDT,1782253102.0016835,1782403199.999,2.394e-05,2.1986e-05,6.0,11.71875,-0.9564927944862166,STOP_LOSS
reset6,closed-490,EIGEN/USDT,1781827637.6596103,1782403199.999,0.2232,0.2194,6.0,39.0625,-0.6650425627240152,BE_STOP
reset6,closed-498,TNSR/USDT,1782395770.280907,1782431999.999,0.04,0.03883,6.0,19.5312,-0.5712875999999978,BE_STOP
reset6,closed-503,TNSR/USDT,1782467752.901514,1782547199.999,0.0396,0.03709,6.0,78.12486,-4.951853500000012,STOP_LOSS
reset6,closed-512,ZEC/USDT,1782196007.5979333,1782604799.999,421.73,395.89,6.0,39.0625,-2.393415218267616,STOP_LOSS
reset6,closed-509,GMX/USDT,1782388577.929521,1782604799.999,5.42,5.4065,6.0,11.718582000000001,-0.02918834999999863,BE_STOP
reset6,closed-510,INJ/USDT,1782547497.3253458,1782604799.999,5.051,4.6341,6.0,39.0625,-3.2241449712928136,STOP_LOSS
reset6,closed-499,XLM/USDT,1779930313.5068414,1782619199.999,0.17359,0.17347,6.0,78.125,-0.0540065671985647,BE_STOP
reset6,closed-523,AAVE/USDT,1782518977.869402,1782647999.999,95.72,89.362,6.0,58.59374999999999,-3.8919668042206443,STOP_LOSS
reset6,closed-515,TNSR/USDT,1782576273.5325296,1782676799.999,0.0364,0.0335,6.0,19.53125,-1.5560611263736253,STOP_LOSS
reset6,closed-517,EIGEN/USDT,1782619330.2867289,1782676799.999,0.2443,0.2261,6.0,39.0625,-2.9101002865329497,STOP_LOSS
reset6,closed-514,ZORA/USDT,1782449237.0781515,1782734399.999,0.007257,0.007235,6.0,11.71875,-0.03552604381976089,BE_STOP
reset6,closed-519,ANIME/USDT,1782725422.1525645,1782777599.999,0.003,0.002787,6.0,19.53125,-1.3867187500000013,STOP_LOSS
reset6,closed-379,MANTA/USDT,1780702546.2298055,1782777599.999,0.07366,0.07332,6.0,39.0625,-0.18030477871300732,BE_STOP
reset6,closed-522,POLYX/USDT,1782667354.2106571,1782820799.999,0.0356,0.03521,6.0,19.53125,-0.2139659410112368,BE_STOP
reset6,closed-527,TIA/USDT,1782734495.152051,1782820799.999,0.3888,0.36527,6.0,39.0625,-2.364044817386832,STOP_LOSS
reset6,closed-521,HYPER/USDT,1782803358.4710279,1782820799.999,0.0815,0.076385,6.0,19.53125,-1.2257956288343588,STOP_LOSS
reset6,closed-528,SPX/USDT,1782763349.1429372,1782835199.999,0.3617,0.33681,6.0,39.0625,-2.6880443046723834,STOP_LOSS
reset6,closed-525,TRX/USDT,1781222789.8279817,1782849599.999,0.3163,0.31482,6.0,19.531525000000002,-0.09139000000000236,BE_STOP
reset6,closed-531,WLD/USDT,1782734736.8752205,1782892799.999,0.4291,0.39141,6.0,39.0625,-3.431054824050337,STOP_LOSS
reset6,closed-555,PURR/USDT,1782763582.1987953,1782935999.999,0.09019,0.084657,6.0,39.0625,-2.3964165927486483,STOP_LOSS
reset6,closed-479,DYDX/USDT,1782244900.9432364,1782950399.999,0.14497,0.1435,6.0,39.0625,-0.39609488169966167,BE_STOP
reset6,closed-538,XPL/USDT,1783181278.1669436,1783223999.999,0.11306,0.10382,6.0,39.0625,-3.192442066159559,STOP_LOSS
reset6,closed-540,TRUMP/USDT,1782472045.1479235,1783310399.999,1.685,1.6709,6.0,11.71875,-0.09806194362017807,BE_STOP
reset6,closed-557,TIA/USDT,1783080734.6087062,1783339199.999,0.4033,0.37881,6.0,39.0625,-2.3720322960575246,STOP_LOSS
reset6,closed-550,EIGEN/USDT,1783195415.784594,1783396799.999,0.2375,0.2221,6.0,39.0625,-2.532894736842106,STOP_LOSS
reset6,closed-544,VVV/USDT,1783210498.5423172,1783411199.999,11.951,10.962,6.0,19.53125,-1.6163004141912818,STOP_LOSS
reset6,closed-541,TRB/USDT,1783282670.9326565,1783454399.999,17.64,16.546,6.0,39.0625,-2.422583616780048,STOP_LOSS
reset6,closed-546,MINA/USDT,1783328794.9097502,1783454399.999,0.0482,0.047161,6.0,19.531122,-0.42101319000000026,BE_STOP
reset6,closed-513,MNT/USDT,1782443601.6444745,1783454399.999,0.4252,0.42291,6.0,19.53125,-0.10518946966133705,BE_STOP
reset6,closed-547,XPL/USDT,1783311173.1689131,1783454399.999,0.11141,0.10415,6.0,39.0625,-2.5454963647787405,STOP_LOSS
reset6,closed-545,WLD/USDT,1783008724.4264107,1783468799.999,0.3884,0.38072,6.0,19.53125,-0.3861997940267782,BE_STOP
reset6,closed-549,AAVE/USDT,1783353963.244336,1783468799.999,96.29,89.929,6.0,58.59375,-3.870753388202305,STOP_LOSS
reset6,closed-551,GRASS/USDT,1781165621.0111458,1783497599.999,0.35831,0.35778,6.0,39.0625,-0.05777992520443649,BE_STOP
reset6,closed-532,TNSR/USDT,1782726984.6112034,1783511999.999,0.0348,0.03235,6.0,19.53125,-1.375044899425287,STOP_LOSS
reset6,closed-570,ONDO/USDT,1782964954.9056075,1783526399.999,0.3326,0.31108,6.0,58.59375,-3.791153036680692,STOP_LOSS
reset6,closed-553,XLM/USDT,1782792163.6886702,1783526399.999,0.1834,0.18035,6.0,39.0625,-0.6496217284623776,BE_STOP
reset6,closed-548,SPX/USDT,1782964954.8542264,1783569599.999,0.3698,0.36518,6.0,39.0625,-0.48801717144402684,BE_STOP
reset6,closed-559,EIGEN/USDT,1783498504.649774,1783814399.999,0.2303,0.226,6.0,39.0625,-0.72934759009987,BE_STOP
reset6,closed-562,ICP/USDT,1781798795.8786416,1783900799.999,2.22,2.2182,6.0,19.53125,-0.015836148648650655,BE_STOP
reset6,closed-565,PURR/USDT,1783501736.5366185,1783958399.999,0.09017,0.081841,6.0,78.125,-7.216403737384941,STOP_LOSS
reset6,closed-566,GRASS/USDT,1783857784.7628722,1783958399.999,0.4004,0.37347,6.0,39.0625,-2.6272555569430533,STOP_LOSS
reset6,closed-563,AAVE/USDT,1783699588.7760444,1783958399.999,95.12,95.042,6.0,39.0625,-0.03203190706476018,BE_STOP
reset6,closed-564,PENDLE/USDT,1782964954.9500952,1783972799.999,1.473,1.461,6.0,39.0625,-0.31822810590631434,BE_STOP
reset6,closed-569,SPX/USDT,1783745770.6786392,1783987199.999,0.3676,0.34433,6.0,39.0625,-2.4727540125135974,STOP_LOSS
reset6,closed-567,FLOKI/USDT,1782437887.1031537,1784001599.999,2.184e-05,2.1825000000000002e-05,6.0,11.71875,-0.008048592032967004,BE_STOP
reset6,closed-572,BONK/USDT,1784095661.7755017,1784188799.999,3.77e-06,3.54e-06,6.0,19.53125,-1.191561671087533,STOP_LOSS
reset6,closed-573,SPX/USDT,1784088051.9300985,1784203199.999,0.3856,0.36206,6.0,39.0625,-2.3846764782157677,STOP_LOSS
reset6,closed-560,TIA/USDT,1783694096.9113834,1784246399.999,0.3998,0.39713,6.0,78.125,-0.5217452476238144,BE_STOP
reset6,closed-576,WLD/USDT,1783978344.11361,1784260799.999,0.387,0.38352,6.0,39.0625,-0.35125968992247986,BE_STOP
reset6,closed-577,HMSTR/USDT,1782561809.6411333,1784303999.999,0.0001796,0.000178,6.0,39.0625,-0.34799554565701807,BE_STOP
reset6,closed-581,BONK/USDT,1784322295.6699743,1784375999.999,3.15e-06,2.959e-06,6.0,19.53125,-1.1842757936507928,STOP_LOSS
reset6,closed-582,ACE/USDT,1784391140.54845,1784404799.999,0.0728,0.0683,6.0,11.71875,-0.724373282967033,STOP_LOSS
reset6,closed-542,MORPHO/USDT,1782777709.8485007,1784735999.999,1.889,1.8501,6.0,58.59375,-1.2066156034939102,BE_STOP
reset6,closed-587,MNT/USDT,1783526333.6290555,1784822399.999,0.4127,0.4088,6.0,11.71875,-0.11074176157014823,BE_STOP
reset6,closed-590,GRASS/USDT,1784707267.7851388,1784836799.999,0.38645,0.35424,6.0,19.53125,-1.6278989843446765,STOP_LOSS
reset6,closed-592,SPX/USDT,1784693278.8365808,1784836799.999,0.3687,0.34363,6.0,39.0625,-2.6560804854895617,STOP_LOSS
reset6,closed-589,JUP/USDT,1781845006.1253214,1784836799.999,0.1866,0.18652,6.0,39.062844,-0.01674720000000012,BE_STOP
reset6,closed-575,EIGEN/USDT,1783972876.986496,1784836799.999,0.239,0.2242,6.0,39.0625,-2.4189330543933005,STOP_LOSS
reset6,closed-585,JTO/USDT,1784620884.6568456,1784908799.999,0.6063,0.58859,6.0,39.0625,-1.1410141431634526,BE_STOP
reset6,closed-603,POLYX/USDT,1784722098.1613133,1784937599.999,0.038,0.035555,6.0,19.53125,-1.25668174342105,STOP_LOSS
reset6,closed-588,WLD/USDT,1784563727.2436152,1784937599.999,0.3744,0.34677,6.0,39.061152,-2.8826379000000006,STOP_LOSS
reset6,closed-597,STX/USDT,1784867931.568794,1784951999.999,0.1484,0.13784,6.0,19.53125,-1.389824797843667,STOP_LOSS
reset6,closed-599,PUMP/USDT,1784491398.7413979,1784980799.999,0.001787,0.00177,6.0,39.0625,-0.3716074426412955,BE_STOP
reset6,closed-600,TNSR/USDT,1784881629.385052,1785052799.999,0.0339,0.03173,6.0,19.53125,-1.2502304572271374,STOP_LOSS
reset6,closed-607,NEO/USDT,1784430110.1912744,1785167999.999,2.054,1.9235,6.0,19.53125,-1.240909505842258,STOP_LOSS
reset6,closed-586,XLM/USDT,1783843469.8249702,1785196799.999,0.1855,0.17189,6.0,39.06259,-2.8659938000000014,STOP_LOSS
reset6,closed-613,GMX/USDT,1784405001.5358257,1785398399.999,6.47,6.4693,6.0,39.0625,-0.004226236476044011,BE_STOP
reset6,closed-614,ACE/USDT,1784425433.8558912,1785441599.999,0.0633,0.0633,6.0,11.71875,0.0,BE_STOP
reset6,closed-616,AAVE/USDT,1785359597.9603548,1785542399.999,94.75,93.666,6.0,39.0625,-0.4468997361477571,BE_STOP
reset6,closed-617,LDO/USDT,1784088212.0616543,1785571199.999,0.3356,0.33253,6.0,58.59375,-0.5360036129320672,BE_STOP
reset6,closed-593,VVV/USDT,1784361783.1890852,1785614399.999,11.686,11.615,6.0,19.5308118,-0.1186622999999987,BE_STOP
reset6,closed-619,HYPER/USDT,1785631351.6740508,1785815999.999,0.0644,0.05929,6.0,11.71875,-0.929857336956521,STOP_LOSS
reset6,closed-622,VVV/USDT,1785787566.5668435,1785887999.999,12.454,11.635,6.0,39.0625,-2.56882828810021,STOP_LOSS
reset6,closed-621,INJ/USDT,1785556959.1757183,1785902399.999,4.844,4.8169,6.0,78.125,-0.4370742155243579,BE_STOP
reset6,closed-624,JUP/USDT,1785369741.2278616,1786017599.999,0.1981,0.18232,6.0,39.0625,-3.1115913679959606,STOP_LOSS
reset6,closed-623,HMSTR/USDT,1785960268.6308312,1786334399.999,0.0001961,0.000195,6.0,19.53125,-0.1095582610912793,BE_STOP
reset6,closed-630,GRIFFAIN/USDT,1786305971.8689485,1786377599.999,0.011439,0.01113,6.0,58.59375000000001,-1.5827842250196678,BE_STOP
reset6,closed-635,BONK/USDT,1786118688.6852303,1786463999.999,2.46e-06,2.2980000000000003e-06,6.0,19.53125,-1.286204268292682,STOP_LOSS
reset6,closed-633,SNX/USDT,1782439840.2201767,1786521599.999,0.2,0.19918,6.0,19.532,-0.08008120000000202,BE_STOP
reset6,closed-634,KAITO/USDT,1782489700.1778343,1786535999.999,0.5354,0.49282,6.0,39.0625,-3.1066142136720227,STOP_LOSS
reset6,closed-639,ONDO/USDT,1784132258.6563902,1786564799.999,0.3306,0.3306,6.0,39.0625,0.0,BE_STOP
reset6,open-21,VVV/USDT,1786608452.5302684,1786694399.999,12.419,11.664,6.0,39.0625,-2.3747634672679,STOP_LOSS
reset6,closed-645,UNI/USDT,1783541496.437711,1786708799.999,3.312,3.2008,6.0,58.59375,-1.9672780797101395,BE_STOP
reset6,closed-646,INJ/USDT,1786594563.1878557,1786723199.999,4.677,4.2187,6.0,58.59375,-5.741611209108396,STOP_LOSS
reset6,closed-648,KAITO/USDT,1786684508.3852868,1786809599.999,0.4135,0.38849,6.0,11.71875,-0.7087930773881498,STOP_LOSS
reset6,closed-649,STABLE/USDT,1786183822.3444536,1786852799.999,0.03279,0.030605,6.0,19.53125,-1.301487686794754,STOP_LOSS
reset6,closed-650,HEMI/USDT,1786853877.180719,1786881599.999,0.007899,0.006649,6.0,58.59375,-9.272336688188373,STOP_LOSS
reset6,closed-654,WLD/USDT,1786930216.0583718,1787011199.999,0.36777,0.34173,6.0,78.125,-5.531650216167713,STOP_LOSS
reset6,closed-657,HEMI/USDT,1786987757.442123,1787025599.999,0.007213,0.006699,6.0,58.59375,-4.175403784832937,STOP_LOSS
reset6,closed-656,JTO/USDT,1786348922.4082553,1787068799.999,0.5649,0.55795,6.0,39.0625,-0.480588378474066,BE_STOP
reset6,closed-655,GMX/USDT,1786075388.889229,1787126399.999,6.46,6.4531,6.0,58.59375,-0.06258465557275328,BE_STOP
reset6,closed-672,TURBO/USDT,1787306088.5451221,1787342399.999,0.001081,0.00099,6.0,39.0625,-3.2883325624421826,STOP_LOSS
reset6,closed-671,TAO/USDT,1787355248.0483787,1787385599.999,233.0,229.21,6.0,58.59375,-0.9530914699570773,BE_STOP
reset6,open-43,STX/USDT,1787375150.1669824,1787385599.999,0.2001,0.1879,6.0,39.0625,-2.381621689155418,STOP_LOSS
reset6,closed-676,FIL/USDT,1787375150.025655,1787385599.999,0.85667,0.78649,6.0,39.0625,-3.2000726650869074,STOP_LOSS
reset6,closed-670,ICP/USDT,1787316031.7026362,1787385599.999,2.4679,2.4618,6.0,58.59374999999999,-0.14482834596215177,BE_STOP
reset6,closed-710,ETC/USDT,1787355247.9277246,1787385599.999,8.298,8.2239,6.0,58.59375,-0.5232341377440336,BE_STOP
reset6,closed-673,WLFI/USDT,1787375150.3591092,1787385599.999,0.0719,0.060126,6.0,58.59375,-9.595032162726014,STOP_LOSS
reset6,closed-674,XPL/USDT,1787316031.9495687,1787385599.999,0.10111,0.094948,6.0,58.59375,-3.570909776481064,STOP_LOSS
reset6,closed-677,TNSR/USDT,1787375150.3003032,1787399999.999,0.0384,0.03605,6.0,58.59374999999999,-3.5858154296874973,STOP_LOSS
reset6,closed-675,ZEN/USDT,1787355248.110739,1787399999.999,5.3395,5.2021,6.0,58.59375,-1.5077781159284624,BE_STOP
reset6,closed-679,HMSTR/USDT,1787316031.6526325,1787399999.999,0.000192,0.000191,6.0,58.593792,-0.30517600000000217,BE_STOP
reset6,closed-664,SUI/USDT,1787355247.5039132,1787399999.999,0.85385,0.83049,6.0,58.59375,-1.6030333196697353,BE_STOP
reset6,closed-680,KAS/USDT,1787375150.0972967,1787399999.999,0.031633,0.029121,6.0,58.59375,-4.652973160939528,STOP_LOSS
reset6,closed-678,ASTER/USDT,1787217826.342816,1787399999.999,0.67359,0.66153,6.0,39.0625,-0.6993775887409286,BE_STOP
reset6,closed-668,EIGEN/USDT,1787335674.933256,1787399999.999,0.2159,0.2114,6.0,39.0625,-0.8141790180639201,BE_STOP
reset6,closed-681,TIA/USDT,1787316031.8481514,1787414399.999,0.3764,0.37512,6.0,58.59374999999999,-0.19925611052072284,BE_STOP
reset6,closed-684,SUPER/USDT,1787375150.237171,1787414399.999,0.1058,0.09916,6.0,58.59374999999999,-3.6773393194707054,STOP_LOSS
reset6,closed-662,KAITO/USDT,1787221072.8077412,1787443199.999,0.34704,0.34677,6.0,11.71875,-0.009117284751037312,BE_STOP
reset6,closed-665,ALGO/USDT,1787355247.8064127,1787457599.999,0.097594,0.090257,6.0,58.59375,-4.405007928253786,STOP_LOSS
reset6,closed-682,ARB/USDT,1787316031.607199,1787457599.999,0.09681,0.0959,6.0,39.0625,-0.3671818510484447,BE_STOP
reset6,closed-663,AVAX/USDT,1787355247.4307506,1787457599.999,7.8877,7.4087,6.0,39.0625,-2.3721664743841684,STOP_LOSS
reset6,closed-692,ZRO/USDT,1787437410.9899712,1787543999.999,1.181,1.165,6.0,58.59375,-0.7938187976291259,BE_STOP
reset6,closed-695,GRASS/USDT,1787559050.7811475,1787673599.999,0.3778,0.35478,6.0,58.59374999999999,-3.5702173769190093,STOP_LOSS
reset6,closed-720,JTO/USDT,1787647630.5436575,1787687999.999,0.56107,0.52633,6.0,19.53125,-1.2093243712905695,STOP_LOSS
reset6,closed-709,DASH/USDT,1787348509.3227394,1787702399.999,38.079,37.881,6.0,58.59375,-0.3046708815882806,BE_STOP
reset6,closed-667,DOGE/USDT,1787355247.865448,1787702399.999,0.092489,0.085675,6.0,58.59375000000001,-4.316814026532885,STOP_LOSS
reset6,closed-707,LTC/USDT,1787316031.752325,1787702399.999,50.44,49.942,6.0,58.59375,-0.5785029242664531,BE_STOP
reset6,closed-715,SUPER/USDT,1787518614.9741669,1787759999.999,0.1075,0.10617,6.0,58.59394999999999,-0.7249298,BE_STOP
reset6,closed-718,ARB/USDT,1787603982.510226,1787759999.999,0.09665,0.08883,6.0,39.0625,-3.1605664769787873,STOP_LOSS
reset6,closed-719,EIGEN/USDT,1787653734.2918935,1787759999.999,0.2152,0.1995,6.0,39.0625,-2.849819934944236,STOP_LOSS
reset6,closed-659,XLM/USDT,1787237441.916199,1787759999.999,0.1809,0.17915,6.0,19.53125,-0.18894244057490348,BE_STOP
reset6,closed-721,XPL/USDT,1787649878.6262581,1787759999.999,0.09388,0.084816,6.0,78.125,-7.542873881550916,STOP_LOSS
reset6,closed-726,STABLE/USDT,1787555196.2889938,1787774399.999,0.029603,0.026398,6.0,19.53125,-2.1145713694557986,STOP_LOSS
reset6,closed-725,COMP/USDT,1787198553.4763155,1787932799.999,18.94,17.867,6.0,58.59375,-3.3194875263991532,BE_STOP
reset6,closed-724,SYRUP/USDT,1787296143.531936,1787932799.999,0.183,0.17921,6.0,58.59375,-1.2134989754098293,BE_STOP
reset6,closed-751,GRASS/USDT,1787782118.7022953,1787947199.999,0.37537,0.35251,6.0,58.59375,-3.568354223832484,STOP_LOSS
reset6,closed-686,AR/USDT,1787276574.8004525,1787975999.999,2.062,2.0616,6.0,58.59375,-0.011366391852566955,BE_STOP
reset6,closed-669,HBAR/USDT,1787355247.990655,1787975999.999,0.080468,0.075406,6.0,58.59375,-3.685956684644823,STOP_LOSS
reset6,closed-723,TURBO/USDT,1787691612.4212477,1788134399.999,0.000987,0.000936,6.0,58.59375,-3.0276405775076043,BE_STOP
reset6,closed-690,WLD/USDT,1787276574.9872198,1788134399.999,0.371,0.36171,6.0,78.125,-1.9562836927223757,BE_STOP
reset6,closed-736,ONDO/USDT,1787179310.9892206,1788134399.999,0.34686,0.34392,6.0,39.0625,-0.3310953987199425,BE_STOP
reset6,closed-755,ANIME/USDT,1788137884.9913085,1788235199.999,0.002988,0.002805,6.0,19.53125,-1.1961910140562246,STOP_LOSS
reset6,closed-742,ZORA/USDT,1788143655.4969327,1788235199.999,0.008656,0.008528,6.0,19.53125,-0.28881700554528583,BE_STOP
reset6,closed-641,GRIFFAIN/USDT,1786463111.6804478,1788249599.999,0.011284,0.011137,6.0,78.125,-1.0177574441687463,BE_STOP
reset6,closed-746,TRX/USDT,1783267758.6527386,1788263999.999,0.3298,0.32827,6.0,39.0625,-0.18121778350514967,BE_STOP
reset6,closed-745,PAXG/USDT,1786392464.4821825,1788263999.999,4379.06,4379.0,6.0,39.0625,-0.0005352176037825077,BE_STOP
reset6,closed-740,TAO/USDT,1787692577.2622232,1788292799.999,225.9,222.49,6.0,78.125,-1.1793105356352336,BE_STOP
reset6,closed-762,ZRO/USDT,1787970773.8208308,1788292799.999,1.0737,0.9986,6.0,78.125,-5.464457017788958,STOP_LOSS
reset6,closed-747,MON/USDT,1787237121.7899277,1788292799.999,0.02598,0.025924,6.0,78.125,-0.16839876828329825,BE_STOP
reset6,closed-691,FARTCOIN/USDT,1787257012.0257638,1788307199.999,0.16936,0.16781,6.0,58.59375,-0.5362559783892383,BE_STOP
reset6,closed-754,ENS/USDT,1787330533.7404306,1788364799.999,5.3742,5.3206,6.0,58.59375,-0.5843893044546228,BE_STOP
reset6,closed-756,INJ/USDT,1787257012.0682034,1788379199.999,4.7554,4.7483,6.0,39.0625,-0.058321855154136806,BE_STOP
reset6,closed-760,WLD/USDT,1788445106.2243848,1788537599.999,0.3775,0.37526,6.0,58.59555,-0.3476928000000028,BE_STOP
reset6,closed-765,FARTCOIN/USDT,1788509300.8572931,1788580799.999,0.17199,0.16156,6.0,39.0625,-2.3688695563695537,STOP_LOSS
reset6,closed-761,XPL/USDT,1788445106.2824805,1788595199.999,0.0932,0.093129,6.0,39.0625,-0.02975791309012786,BE_STOP
reset6,closed-767,GRIFFAIN/USDT,1788495178.9890077,1788796799.999,0.012499,0.01143,6.0,78.125,-6.681784542763424,STOP_LOSS
reset6,closed-774,LINEA/USDT,1788740491.4145417,1788796799.999,0.002873,0.00269,6.0,58.59375,-3.7322158893143027,STOP_LOSS
reset6,closed-768,MON/USDT,1788668078.9320529,1788868799.999,0.02559,0.02546,6.0,19.53125,-0.09922088706526165,BE_STOP
reset6,open-77,FARTCOIN/USDT,1788747232.5460517,1788969599.999,0.17191,0.15777,6.0,39.0625,-3.2129820836484253,STOP_LOSS
reset10,closed-1,VVV/USDT,1773376987.682436,1773460799.999,6.363,6.1988,10.0,190.47619047619045,-4.915321464119199,BE_STOP
reset10,closed-0,TRX/USDT,1773376987.6815863,1773935999.999,0.2896,0.29989,10.0,380.95238095238096,13.535911602209879,NO_LONG
reset10,closed-120,VVV/USDT,1773965225.795107,1774324799.999,5.7672,5.616,10.0,114.28571428571428,-2.9962546816479474,BE_STOP
reset10,closed-2,TAO/USDT,1774441801.607653,1774641599.999,358.03,324.36,10.0,93.02325581395347,-8.74813010992322,NO_LONG
reset10,closed-219,MORPHO/USDT,1774510530.623234,1774641599.999,1.67,1.4816,10.0,33.33333333333333,-3.7604790419161644,STOP_LOSS
reset10,closed-6,PURR/USDT,1774442017.1916852,1774670399.999,0.087222,0.07832,10.0,133.33333333333331,-13.608187536783529,STOP_LOSS
reset10,closed-5,ZRO/USDT,1774441946.5160167,1774742399.999,2.219,1.9966,10.0,145.45454545454544,-14.578229341636275,STOP_LOSS
reset10,open-0,HYPE/USDT,1773232095.0530453,1775102399.999,35.49,35.19,10.0,363.6363636363636,-3.0738492276954203,BE_STOP
reset10,closed-24,POLYX/USDT,1775288053.4456906,1775361599.999,0.0559,0.049928,10.0,32.258064516129025,-3.4462461769288475,STOP_LOSS
reset10,closed-20,ALGO/USDT,1775318628.0736766,1775519999.999,0.11886,0.11847,10.0,64.51612903225805,-0.21168845972219594,BE_STOP
reset10,open-3,APE/USDT,1775175276.6262028,1775563199.999,0.0829,0.0829,10.0,33.33333333333333,0.0,BE_STOP
reset10,closed-4,TNSR/USDT,1775720377.817925,1775807999.999,0.04687,0.04389,10.0,19.354838709677416,-1.2305828750765677,BE_STOP
reset10,closed-26,AIXBT/USDT,1775657941.3443787,1775879999.999,0.02726,0.024484,10.0,32.258064516129025,-3.284973848010791,STOP_LOSS
reset10,closed-32,RENDER/USDT,1775246608.4542537,1775966399.999,1.9436,1.9263,10.0,133.33333333333331,-1.1868011250600365,BE_STOP
reset10,closed-10,TURBO/USDT,1776366178.3499205,1776470399.999,0.00133,0.001196,10.0,15.624999999999998,-1.5742481203007521,STOP_LOSS
reset10,closed-14,LDO/USDT,1776356269.2247193,1776513599.999,0.41589,0.4075,10.0,46.87499999999999,-0.9456376686143001,BE_STOP
reset10,closed-22,ACE/USDT,1776501359.121004,1776527999.999,0.1444,0.1354,10.0,9.375,-0.5843144044321337,BE_STOP
reset10,closed-13,MOODENG/USDT,1776370082.2002487,1776542399.999,0.061019,0.053293,10.0,46.87499999999999,-5.935139055048424,STOP_LOSS
reset10,closed-15,ZETA/USDT,1776392430.3794386,1776542399.999,0.06179,0.05476,10.0,15.624999999999998,-1.7776946107784413,STOP_LOSS
reset10,closed-28,AERO/USDT,1776427632.5067496,1776542399.999,0.41991,0.40542,10.0,46.87499999999999,-1.6175341144530964,BE_STOP
reset10,closed-34,KAITO/USDT,1776338275.548521,1776556799.999,0.4499,0.44094,10.0,43.95604395604395,-0.8754082103715375,BE_STOP
reset10,closed-17,ZRO/USDT,1776338966.3650606,1776571199.999,1.9454,1.6027,10.0,15.624999999999998,-2.7524866351393023,STOP_LOSS
reset10,closed-38,PURR/USDT,1776348142.5372531,1776571199.999,0.080033,0.078777,10.0,62.49999999999999,-0.9808454012719818,BE_STOP
reset10,closed-9,MON/USDT,1776338349.0392292,1776571199.999,0.035808,0.031974,10.0,36.36363636363636,-3.893492566414816,STOP_LOSS
reset10,closed-31,VIRTUAL/USDT,1776442685.225196,1776571199.999,0.77449,0.6882,10.0,46.87499999999999,-5.222590026985498,STOP_LOSS
reset10,closed-27,GRASS/USDT,1776338275.5458813,1776628799.999,0.37161,0.31943,10.0,87.91208791208788,-12.344266158749084,STOP_LOSS
reset10,closed-45,ZEC/USDT,1776338419.7554412,1776628799.999,345.78,303.4,10.0,31.249999999999996,-3.8301087396610565,STOP_LOSS
reset10,closed-16,GRIFFAIN/USDT,1776441680.2020073,1776628799.999,0.01773,0.016627,10.0,31.249999999999996,-1.9440919345741663,BE_STOP
reset10,closed-25,TIA/USDT,1776470858.0107574,1776628799.999,0.4314,0.38167,10.0,46.87499999999999,-5.4035552851182205,STOP_LOSS
reset10,closed-29,DYDX/USDT,1776484907.512156,1776743999.999,0.14717,0.13151,10.0,46.87499999999999,-4.987854182238227,STOP_LOSS
reset10,closed-58,COMP/USDT,1776338275.5405662,1776801599.999,22.779,22.659,10.0,65.93406593406593,-0.3473413192891687,BE_STOP
reset10,closed-8,FET/USDT,1776338275.5433605,1776801599.999,0.2312,0.20481,10.0,21.978021978021975,-2.508650519031141,STOP_LOSS
reset10,closed-63,SUPER/USDT,1776663915.8739815,1776916799.999,0.12494,0.12434,10.0,15.624999999999998,-0.07503601728829633,BE_STOP
reset10,closed-7,TRB/USDT,1776338419.7474828,1776945599.999,17.773,17.745,10.0,46.875,-0.07384797164237608,BE_STOP
reset10,closed-68,HYPER/USDT,1777117974.2439666,1777175999.999,0.13234,0.12924,10.0,15.624999999999998,-0.36600800967205926,BE_STOP
reset10,closed-69,HEMI/USDT,1777148562.0403845,1777262399.999,0.009872,0.008819,10.0,15.624999999999998,-1.666645563209076,STOP_LOSS
reset10,closed-72,LDO/USDT,1776888212.1474862,1777276799.999,0.394,0.38265,10.0,46.87499999999999,-1.3503331218274164,BE_STOP
reset10,closed-37,WLD/USDT,1776474095.795278,1777276799.999,0.28456,0.25272,10.0,9.375,-1.0489879111610905,STOP_LOSS
reset10,closed-74,SPX/USDT,1776960127.6242328,1777276799.999,0.3914,0.38611,10.0,31.249999999999996,-0.4223620337250912,BE_STOP
reset10,closed-75,TRUMP/USDT,1777153335.7161508,1777291199.999,2.5483,2.5455,10.0,15.624999999999998,-0.01716830828395188,BE_STOP
reset10,closed-65,DOT/USDT,1775980972.484268,1777305599.999,1.2249,1.218,10.0,32.258064516129025,-0.1817133195863278,BE_STOP
reset10,closed-67,MON/USDT,1776960050.4621058,1777363199.999,0.03295,0.029235,10.0,31.249999999999996,-3.5233308042488596,STOP_LOSS
reset10,closed-80,GRASS/USDT,1776687450.598616,1777377599.999,0.3347,0.33381,10.0,31.249999999999996,-0.08309680310725902,BE_STOP
reset10,closed-81,ALGO/USDT,1777090682.0724192,1777478399.999,0.11172,0.11038,10.0,31.249999999999996,-0.37482098102398564,BE_STOP
reset10,closed-82,MINA/USDT,1777183609.7501297,1777478399.999,0.066591,0.059602,10.0,15.624999999999998,-1.639908170773828,STOP_LOSS
reset10,closed-76,INJ/USDT,1777188940.993972,1777478399.999,3.9042,3.4475,10.0,15.624999999999998,-1.827759208032376,STOP_LOSS
reset10,closed-49,CAKE/USDT,1776442685.2202237,1777492799.999,1.6391,1.4689,10.0,46.875,-4.867381489841982,STOP_LOSS
reset10,closed-87,JUP/USDT,1777263265.137944,1777492799.999,0.1981,0.17739,10.0,31.249999999999996,-3.266973750630994,STOP_LOSS
reset10,closed-90,ACE/USDT,1776621986.14587,1777579199.999,0.1173,0.1173,10.0,9.374616,0.0,BE_STOP
reset10,closed-91,AIXBT/USDT,1777537069.5531116,1777636799.999,0.03023,0.030167,10.0,31.249999999999996,-0.06512570294409449,BE_STOP
reset10,closed-94,GMX/USDT,1776932030.135696,1777766399.999,7.0524,7.0444,10.0,31.249999999999996,-0.03544892518858588,BE_STOP
reset10,closed-103,CC/USDT,1776338275.5379689,1777910399.999,0.14667,0.1456,10.0,43.95604395604395,-0.32067203267857336,BE_STOP
reset10,closed-106,STX/USDT,1778011394.3662658,1778039999.999,0.27688,0.24786,10.0,31.249999999999996,-3.275335885582202,STOP_LOSS
reset10,closed-114,COMP/USDT,1777737408.6844754,1778212799.999,22.645,22.572,10.0,31.2501,-0.10074000000000044,BE_STOP
reset10,closed-112,XMR/USDT,1777220029.4978356,1778212799.999,398.12,389.18,10.0,46.87499999999999,-1.052603486386012,BE_STOP
reset10,closed-116,AR/USDT,1778040684.8378124,1778342399.999,2.5154,2.4653,10.0,46.875,-0.9336238769181854,BE_STOP
reset10,closed-117,ACE/USDT,1778312880.9325264,1778385599.999,0.1401,0.1377,10.0,15.6250728,-0.267667200000002,BE_STOP
reset10,closed-108,HMSTR/USDT,1777985982.784278,1778471999.999,0.000178,0.000177,10.0,15.624999999999998,-0.0877808988764047,BE_STOP
reset10,closed-121,PURR/USDT,1777907180.30233,1778500799.999,0.069262,0.06827,10.0,15.624999999999998,-0.2237879356645801,BE_STOP
reset10,closed-122,SKY/USDT:USDT,1776384133.7954965,1778515199.999,0.076726,0.076399,10.0,62.49999999999999,-0.2663699397857377,BE_STOP
reset10,closed-127,FIL/USDT,1778040139.0388875,1778558399.999,1.1152,1.1054,10.0,31.249999999999996,-0.274614418938307,BE_STOP
reset10,closed-125,PUMP/USDT,1778156495.6259973,1778558399.999,0.002053,0.002022,10.0,46.87499999999999,-0.707805650267906,BE_STOP
reset10,closed-129,VVV/USDT,1778544063.000116,1778572799.999,17.234,17.195,10.0,62.49999999999999,-0.14143553440873477,TRIM
reset10,closed-89,GRASS/USDT,1777464209.6407816,1778572799.999,0.346,0.34432,10.0,31.249999999999996,-0.15173410404623747,BE_STOP
reset10,closed-118,FARTCOIN/USDT,1778068848.3786285,1778572799.999,0.25099,0.25088,10.0,46.87499999999999,-0.020543647157256203,BE_STOP
reset10,closed-132,TURBO/USDT,1777968203.8377542,1778587199.999,0.001287,0.001284,10.0,46.87499999999999,-0.10926573426573055,BE_STOP
reset10,closed-85,MOODENG/USDT,1776845770.4253204,1778587199.999,0.06087,0.060595,10.0,46.87499999999999,-0.21177304090685095,BE_STOP
reset10,closed-126,OP/USDT,1778276246.1016092,1778587199.999,0.17145,0.15385,10.0,46.87499999999999,-4.811898512685914,STOP_LOSS
reset10,closed-128,UNI/USDT,1778372238.987565,1778587199.999,3.8104,3.7662,10.0,46.87499999999999,-0.5437421268108341,BE_STOP
reset10,closed-130,KAS/USDT,1778429740.3404424,1778587199.999,0.0386,0.038521,10.0,46.87499999999999,-0.0959358808290192,BE_STOP
reset10,closed-138,FET/USDT,1778054711.5226376,1778601599.999,0.22606,0.22395,10.0,46.87499999999999,-0.43752211802176166,BE_STOP
reset10,closed-99,LDO/USDT,1777376275.7438529,1778601599.999,0.3906,0.38864,10.0,31.249999999999996,-0.15681003584229466,BE_STOP
reset10,closed-101,ZETA/USDT,1777563250.3521895,1778601599.999,0.05895,0.05883,10.0,15.624999999999998,-0.0318066157760817,BE_STOP
reset10,closed-134,ZEN/USDT,1777810728.8971298,1778601599.999,6.6011,6.5389,10.0,46.87499999999999,-0.44168774901152597,BE_STOP
reset10,closed-119,LINEA/USDT,1778286505.0023654,1778601599.999,0.004307,0.00382,10.0,62.49999999999999,-7.066983979568147,STOP_LOSS
reset10,closed-135,YGG/USDT,1778286505.0236268,1778601599.999,0.04793,0.043093,10.0,46.87499999999999,-4.730531504277071,STOP_LOSS
reset10,closed-133,ENA/USDT,1778288907.9717069,1778601599.999,0.13441,0.12031,10.0,46.87499999999999,-4.917323859831857,STOP_LOSS
reset10,closed-142,GMX/USDT,1778183897.7016904,1778630399.999,7.2157,7.1909,10.0,31.249999999999996,-0.10740468700195376,BE_STOP
reset10,closed-149,PURR/USDT,1778605541.2295043,1778687999.999,0.06708,0.059397,10.0,15.624999999999998,-1.7896075581395348,STOP_LOSS
reset10,closed-146,ALGO/USDT,1778011640.4313915,1778687999.999,0.11899,0.11626,10.0,62.49999999999999,-1.4339440289099918,BE_STOP
reset10,closed-97,MON/USDT,1777648071.9245172,1778687999.999,0.029378,0.028979,10.0,15.624999999999998,-0.21221236980053026,BE_STOP
reset10,closed-153,VIRTUAL/USDT,1777867939.9666662,1778687999.999,0.77685,0.76502,10.0,46.87499999999999,-0.713820235566714,BE_STOP
reset10,closed-144,HYPER/USDT,1778027735.9757051,1778687999.999,0.10849,0.10387,10.0,15.624999999999998,-0.6653839063508158,BE_STOP
reset10,closed-147,SNX/USDT,1778200279.8742115,1778687999.999,0.3399,0.32673,10.0,46.87499999999999,-1.8162511032656627,BE_STOP
reset10,closed-151,BRETT/USDT,1778300975.9792583,1778687999.999,0.009479,0.009276,10.0,46.87499999999999,-1.003863804198755,BE_STOP
reset10,closed-136,ENS/USDT,1778443738.9499888,1778687999.999,7.5691,6.7369,10.0,46.875,-5.153766630114539,STOP_LOSS
reset10,closed-150,VVV/USDT,1778638618.0104995,1778731199.999,15.562,13.257,10.0,62.49999999999999,-9.257325536563421,STOP_LOSS
reset10,closed-159,STX/USDT,1778214541.0529773,1778731199.999,0.26412,0.26076,10.0,46.87499999999999,-0.596319854611546,BE_STOP
reset10,closed-167,ICP/USDT,1778054711.548446,1778831999.999,2.7566,2.718,10.0,46.87499999999999,-0.6563792352898503,BE_STOP
reset10,closed-171,PURR/USDT,1778797954.3954852,1778860799.999,0.069389,0.069172,10.0,15.624999999999998,-0.048864013028003174,BE_STOP
reset10,closed-179,NEO/USDT,1778142776.6817453,1778860799.999,2.9751,2.9672,10.0,46.87499999999999,-0.12447060603004363,BE_STOP
reset10,closed-172,ARB/USDT,1778184130.607847,1778860799.999,0.12634,0.12381,10.0,31.249999999999996,-0.6257915149596345,BE_STOP
reset10,closed-178,IMX/USDT,1778301053.3732498,1778860799.999,0.19237,0.19053,10.0,46.87499999999999,-0.44835473306648743,BE_STOP
reset10,closed-170,SUI/USDT,1778401945.7011185,1778860799.999,1.1266,1.0881,10.0,46.87499999999999,-1.6018884253506096,BE_STOP
reset10,closed-169,GMT/USDT,1778789470.1753953,1778860799.999,0.013324,0.011566,10.0,46.87499999999999,-6.184798108676074,STOP_LOSS
reset10,closed-184,SKY/USDT,1774583431.537942,1778875199.999,0.070643,0.070418,10.0,19.999999999999996,-0.06370057896748492,BE_STOP
reset10,closed-185,MINA/USDT,1777860052.3457975,1778875199.999,0.060491,0.060468,10.0,15.624999999999998,-0.005940966424757345,BE_STOP
reset10,closed-183,KAITO/USDT,1777521756.313358,1778903999.999,0.4445,0.44069,10.0,31.249999999999996,-0.26785714285714257,BE_STOP
reset10,closed-195,ANIME/USDT,1775527308.6855934,1778918399.999,0.004501,0.004418,10.0,32.258064516129025,-0.5948498899886019,BE_STOP
reset10,closed-180,WLD/USDT,1777486619.8021655,1778918399.999,0.2404,0.24023,10.0,15.624999999999998,-0.011049292845257545,BE_STOP
reset10,closed-93,TRUMP/USDT,1777398443.293293,1778918399.999,2.4715,2.1549,10.0,9.375,-1.200940724256523,STOP_LOSS
reset10,closed-187,WLFI/USDT,1778351621.9763196,1778918399.999,0.069881,0.062785,10.0,9.375,-0.9519755012091988,STOP_LOSS
reset10,closed-21,FLOKI/USDT,1776410843.7259934,1778932799.999,3.153e-05,3.1431e-05,10.0,62.49999999999999,-0.19624167459562217,BE_STOP
reset10,closed-200,TIA/USDT,1778214541.0735338,1778932799.999,0.4011,0.40026,10.0,46.87499999999999,-0.09816753926701788,BE_STOP
reset10,closed-208,AERO/USDT,1776870104.3286061,1778961599.999,0.4193,0.41819,10.0,15.624999999999998,-0.041363582160744074,BE_STOP
reset10,closed-196,STX/USDT,1778821086.2772062,1778990399.999,0.2628,0.23646,10.0,31.249999999999996,-3.1321347031963427,STOP_LOSS
reset10,closed-201,MANTA/USDT,1778501315.778693,1779004799.999,0.07504,0.07494,10.0,46.87499999999999,-0.06246668443496243,BE_STOP
reset10,closed-206,DYDX/USDT,1776787769.7733579,1779019199.999,0.13995,0.13989,10.0,46.87499999999999,-0.02009646302250818,BE_STOP
reset10,closed-211,POLYX/USDT,1778272136.726014,1779062399.999,0.053748,0.052985,10.0,46.87499999999999,-0.6654317369948637,BE_STOP
reset10,closed-46,TAO/USDT,1776441680.2079284,1779076799.999,260.73,260.65,10.0,62.49999999999999,-0.0191769263222577,BE_STOP
reset10,closed-199,RENDER/USDT,1776537341.7600853,1779076799.999,1.787,1.7714,10.0,62.49999999999999,-0.5456071628427497,BE_STOP
reset10,closed-176,MON/USDT,1778801725.1860821,1779091199.999,0.029894,0.026852,10.0,9.375,-0.9539957851073793,STOP_LOSS
reset10,closed-213,TURBO/USDT,1778860958.2029781,1779091199.999,0.001227,0.001102,10.0,31.249999999999996,-3.1835778321108417,STOP_LOSS
reset10,closed-202,CAKE/USDT,1778429740.3196933,1779091199.999,1.5887,1.427,10.0,46.87499999999999,-4.770999874110906,STOP_LOSS
reset10,closed-182,ETC/USDT,1778257707.5379243,1779091199.999,9.7875,8.8013,10.0,46.87499999999999,-4.7231800766283545,STOP_LOSS
reset10,closed-203,LINK/USDT,1778301053.3965695,1779091199.999,10.541,9.4742,10.0,46.875,-4.743975903614459,STOP_LOSS
reset10,closed-223,VVV/USDT,1779033642.6291392,1779191999.999,14.334,14.275,10.0,31.249999999999996,-0.1286277382447319,BE_STOP
reset10,closed-217,W/USDT,1778868687.5313115,1779191999.999,0.01318,0.01186,10.0,15.624999999999998,-1.5648710166919573,STOP_LOSS
reset10,closed-218,KAITO/USDT,1779034109.0460885,1779235199.999,0.49811,0.44423,10.0,15.624999999999998,-1.6901387243781483,STOP_LOSS
reset10,closed-232,DYDX/USDT,1779249877.1534681,1779465599.999,0.1487,0.14844,10.0,31.249999999999996,-0.05464021519838851,BE_STOP
reset10,closed-230,ZEN/USDT,1779278568.483516,1779465599.999,6.3773,6.3128,10.0,46.87499999999999,-0.4740936603264689,BE_STOP
reset10,closed-235,SPX/USDT,1779264730.7604845,1779479999.999,0.37281,0.3638,10.0,31.249999999999996,-0.7552439580483308,BE_STOP
reset10,closed-220,HYPER/USDT,1779088126.5799108,1779479999.999,0.11488,0.10663,10.0,15.624999999999998,-1.122094794568245,BE_STOP
reset10,closed-234,SUI/USDT,1779322474.7654321,1779479999.999,1.0845,1.0556,10.0,31.249999999999996,-0.8327570308898079,BE_STOP
reset10,closed-224,COMP/USDT,1778687733.3699238,1779494399.999,22.617,19.647,10.0,15.624999999999998,-2.0518304814962205,STOP_LOSS
reset10,closed-237,MON/USDT,1779394866.682503,1779494399.999,0.029253,0.026156,10.0,31.249999999999996,-3.308421358493147,STOP_LOSS
reset10,closed-242,SUPER/USDT,1779226254.6535099,1779494399.999,0.11049,0.10977,10.0,15.624999999999998,-0.10181916915557968,BE_STOP
reset10,closed-216,DOGE/USDT,1777867939.9468355,1779508799.999,0.11303,0.10166,10.0,46.875,-4.715285764841194,STOP_LOSS
reset10,closed-209,AIXBT/USDT,1778976126.813539,1779523199.999,0.032229,0.027599,10.0,31.249999999999996,-4.489357411027336,STOP_LOSS
reset10,closed-245,TURBO/USDT,1779437090.04329,1779523199.999,0.001218,0.001073,10.0,31.249999999999996,-3.7202380952380953,STOP_LOSS
reset10,closed-243,FLOKI/USDT,1778990618.0513735,1779523199.999,0.031644,0.028159,10.0,31.249999999999996,-3.4416082037669047,STOP_LOSS
reset10,closed-248,TIA/USDT,1779293748.480091,1779523199.999,0.4083,0.4001,10.0,31.249999999999996,-0.6276022532451623,BE_STOP
reset10,closed-247,STX/USDT,1779046368.1057413,1779523199.999,0.2392,0.23439,10.0,15.624999999999998,-0.31419836956521857,BE_STOP
reset10,closed-240,AR/USDT,1779293670.9670963,1779523199.999,2.2377,1.9904,10.0,31.249999999999996,-3.453601912678194,STOP_LOSS
reset10,closed-249,MANTA/USDT,1779380668.1599226,1779523199.999,0.07492,0.07437,10.0,31.249999999999996,-0.22941137213026982,BE_STOP
reset10,closed-250,POLYX/USDT,1779371457.0499516,1779537599.999,0.052928,0.052468,10.0,31.249999999999996,-0.27159537484885277,BE_STOP
reset10,closed-257,GMT/USDT,1779518426.2256098,1779537599.999,0.012264,0.012084,10.0,15.624999999999998,-0.22932974559687103,BE_STOP
reset10,closed-267,GMT/USDT,1779605711.4328637,1779811199.999,0.011883,0.010688,10.0,15.624999999999998,-1.5713098544138675,STOP_LOSS
reset10,closed-264,VVV/USDT,1779667493.865621,1779839999.999,19.117,16.704,10.0,31.249999999999996,-3.944460427891406,STOP_LOSS
reset10,closed-261,SUPER/USDT,1779583775.0115345,1779839999.999,0.12944,0.11599,10.0,15.624999999999998,-1.6235804233621762,STOP_LOSS
reset10,closed-236,VIRTUAL/USDT,1779423653.5368202,1779926399.999,0.76334,0.7446,10.0,31.249999999999996,-0.7671876228155203,BE_STOP
reset10,closed-256,BCH/USDT,1779084611.2709715,1779926399.999,374.73,334.42,10.0,15.624999999999998,-1.680793504656686,STOP_LOSS
reset10,closed-277,EIGEN/USDT,1779725268.386489,1779926399.999,0.2548,0.2281,10.0,31.249999999999996,-3.2746271585557327,STOP_LOSS
reset10,closed-284,AERO/USDT,1779087736.1520138,1779940799.999,0.40568,0.40159,10.0,9.375,-0.09451723032932353,BE_STOP
reset10,closed-293,WIF/USDT,1776931487.6728902,1779940799.999,0.1803,0.17857,10.0,15.624999999999998,-0.14992373821408678,BE_STOP
reset10,closed-265,GMX/USDT,1779379343.8030367,1779940799.999,6.98,6.1879,10.0,46.87499999999999,-5.319439469914043,STOP_LOSS
reset10,closed-215,FIL/USDT,1778823647.6918747,1779940799.999,1.02,0.98507,10.0,62.49999999999999,-2.140318627450982,BE_STOP
reset10,closed-280,AR/USDT,1779884302.4937804,1779940799.999,2.2268,2.1268,10.0,31.249999999999996,-1.4033590802945937,BE_STOP
reset10,closed-286,ICP/USDT,1779739725.2246745,1779940799.999,2.732,2.7201,10.0,31.249999999999996,-0.1361182284041022,BE_STOP
reset10,closed-270,ETC/USDT,1779452180.1786182,1779940799.999,9.38,8.2185,10.0,31.249999999999996,-3.8696028784648178,STOP_LOSS
reset10,closed-255,ZORA/USDT,1779272556.200639,1779940799.999,0.011136,0.009886,10.0,9.375,-1.052330280172413,STOP_LOSS
reset10,closed-292,POLYX/USDT,1779883352.465367,1779969599.999,0.0529,0.047395,10.0,31.249999999999996,-3.2520085066162596,STOP_LOSS
reset10,closed-188,XMR/USDT,1778616171.6672418,1779969599.999,410.28,367.29,10.0,62.49999999999999,-6.548881251828015,STOP_LOSS
reset10,closed-285,ZEN/USDT,1779739802.556133,1779969599.999,6.2987,5.6251,10.0,31.249999999999996,-3.3419594519504057,STOP_LOSS
reset10,closed-298,DASH/USDT,1777814320.8284965,1779969599.999,39.231,38.925,10.0,31.249999999999996,-0.24374856618490992,BE_STOP
reset10,closed-275,ALGO/USDT,1779249645.582131,1779983999.999,0.11575,0.10404,10.0,62.49999999999999,-6.322894168466528,STOP_LOSS
reset10,closed-301,PENDLE/USDT,1777622677.5949273,1779983999.999,1.5087,1.4862,10.0,46.87499999999999,-0.6990703917279741,BE_STOP
reset10,closed-773,OP/USDT,1779305847.0323625,1779983999.999,0.12892,0.11476,10.0,15.624999999999998,-1.7161805771020788,STOP_LOSS
reset10,closed-306,HEMI/USDT,1780082379.7867532,1780127999.999,0.007892,0.007045,10.0,15.624999999999998,-1.6769355043081602,STOP_LOSS
reset10,closed-304,TIA/USDT,1779659304.3443706,1780214399.999,0.4042,0.3989,10.0,31.249999999999996,-0.4097600197921838,BE_STOP
reset10,closed-305,AR/USDT,1779998601.8490114,1780214399.999,2.2595,2.2466,10.0,31.249999999999996,-0.17841336578889447,BE_STOP
reset10,closed-311,ASTER/USDT,1779697110.1054738,1780257599.999,0.7173,0.71615,10.0,31.249999999999996,-0.05010107346995959,BE_STOP
reset10,closed-314,BNB/USDT,1780156970.2760699,1780300799.999,695.81,685.9,10.0,31.249999999999996,-0.44507480490363693,BE_STOP
reset10,closed-290,BTC/USDT,1776873742.6110334,1780329599.999,79309.8,71128.0,10.0,46.87499999999999,-4.835743817283617,STOP_LOSS
reset10,closed-315,XMR/USDT,1780142639.0777988,1780358399.999,390.32,344.98,10.0,31.249999999999996,-3.6300343308054908,STOP_LOSS
reset10,closed-307,HBAR/USDT,1780099864.263912,1780387199.999,0.10104,0.09069,10.0,31.249999999999996,-3.2010837292161494,STOP_LOSS
reset10,closed-323,POLYX/USDT,1780218270.4593215,1780415999.999,0.0508,0.044766,10.0,15.624999999999998,-1.8559301181102354,STOP_LOSS
reset10,closed-313,CC/USDT,1779293670.9882667,1780415999.999,0.15269,0.1518,10.0,31.249999999999996,-0.182150108062086,BE_STOP
reset10,closed-322,MON/USDT,1779986104.197807,1780415999.999,0.0233,0.02075,10.0,9.375,-1.0260193133047208,STOP_LOSS
reset10,closed-287,FLOKI/USDT,1779624990.4271636,1780415999.999,0.029687,0.026652,10.0,15.624999999999998,-1.5973953245528356,STOP_LOSS
reset10,closed-319,CAKE/USDT,1780200315.0915463,1780415999.999,1.5459,1.3704,10.0,31.249999999999996,-3.54769066563167,STOP_LOSS
reset10,closed-329,WIF/USDT,1779989545.0272965,1780415999.999,0.18,0.17829,10.0,15.624999999999998,-0.14843749999999925,BE_STOP
reset10,closed-294,MINA/USDT,1779048867.2561538,1780415999.999,0.059114,0.052385,10.0,15.624999999999998,-1.7786078593903294,STOP_LOSS
reset10,closed-324,JUP/USDT,1780315286.9960775,1780415999.999,0.1959,0.19388,10.0,31.249999999999996,-0.3222307299642658,BE_STOP
reset10,closed-326,EIGEN/USDT,1780372879.4081883,1780415999.999,0.2323,0.2056,10.0,31.249999999999996,-3.5917993973310387,STOP_LOSS
reset10,closed-328,ALGO/USDT,1780056271.1944377,1780430399.999,0.1151,0.11482,10.0,31.249999999999996,-0.07602085143353433,BE_STOP
reset10,closed-289,AIXBT/USDT,1779917961.0039396,1780444799.999,0.0295,0.026033,10.0,31.249999999999996,-3.6726694915254208,STOP_LOSS
reset10,closed-332,APT/USDT,1775674070.2227201,1780444799.999,0.84,0.8238,10.0,32.258064516129025,-0.6221198156682012,BE_STOP
reset10,closed-296,TRB/USDT,1779278568.4669595,1780444799.999,17.54,15.418,10.0,46.87499999999999,-5.6709663625997715,STOP_LOSS
reset10,closed-330,GMX/USDT,1780344359.7110274,1780444799.999,6.92,6.2157,10.0,31.249999999999996,-3.180545520231212,STOP_LOSS
reset10,closed-333,BCH/USDT,1779990796.1670983,1780444799.999,303.05,268.18,10.0,15.624999999999998,-1.7978675136116147,STOP_LOSS
reset10,closed-297,ACE/USDT,1779055755.161081,1780545599.999,0.1173,0.1028,10.0,9.375,-1.1588874680306904,STOP_LOSS
reset10,closed-335,TIA/USDT,1780294463.4956298,1780559999.999,0.3878,0.3407,10.0,31.249999999999996,-3.795448684889117,STOP_LOSS
reset10,closed-336,HYPER/USDT,1780220301.9767911,1780559999.999,0.0911,0.079581,10.0,15.624999999999998,-1.9756791986827655,STOP_LOSS
reset10,closed-341,DASH/USDT,1780315286.9651337,1780559999.999,39.268,35.222,10.0,31.249999999999996,-3.219860955485383,STOP_LOSS
reset10,closed-343,FIL/USDT,1780435849.7055304,1780559999.999,0.884,0.85031,10.0,15.624999999999998,-0.5954821832579188,BE_STOP
reset10,closed-352,VVV/USDT,1780000793.4626982,1780631999.999,16.281,15.838,10.0,15.624999999999998,-0.42515048215711543,BE_STOP
reset10,closed-355,MORPHO/USDT,1779221028.0415614,1780631999.999,1.782,1.7439,10.0,31.249999999999996,-0.6681397306397309,BE_STOP
reset10,closed-350,RENDER/USDT,1779495840.1183226,1780631999.999,1.8391,1.7703,10.0,31.249999999999996,-1.1690500788429126,BE_STOP
reset10,closed-353,ZORA/USDT,1780140918.1112487,1780631999.999,0.010075,0.009569,10.0,15.624999999999998,-0.7847394540942947,BE_STOP
reset10,closed-367,ZEC/USDT,1776809046.3825746,1780646399.999,310.24,308.44,10.0,9.375,-0.054393372872615225,BE_STOP
reset10,closed-359,AR/USDT,1780565512.3713336,1780646399.999,2.239,2.1841,10.0,31.249991679999997,-0.7662458880000003,BE_STOP
reset10,closed-364,BCH/USDT,1780463668.8400123,1780646399.999,253.72,225.55,10.0,9.375,-1.0408866072836191,STOP_LOSS
reset10,closed-358,ALGO/USDT,1780520219.971721,1780660799.999,0.1055,0.092409,10.0,15.624999999999998,-1.938832938388625,STOP_LOSS
reset10,closed-366,GRASS/USDT,1779336374.1308303,1780660799.999,0.33487,0.33414,10.0,31.249999999999996,-0.06812345089138998,BE_STOP
reset10,closed-351,ICP/USDT,1780560231.4405499,1780660799.999,2.727,2.3899,10.0,31.249999999999996,-3.8629904657132386,STOP_LOSS
reset10,closed-360,COMP/USDT,1779998601.883189,1780675199.999,17.835,16.05,10.0,15.624999999999998,-1.563814129520606,STOP_LOSS
reset10,closed-356,KAITO/USDT,1779941262.478525,1780675199.999,0.4579,0.45137,10.0,31.249999999999996,-0.44564861323432775,BE_STOP
reset10,closed-368,DASH/USDT,1780617552.2371874,1780675199.999,34.26,30.35,10.0,15.624999999999998,-1.783238470519555,STOP_LOSS
reset10,closed-374,FET/USDT,1779112283.5234506,1780689599.999,0.1921,0.19085,10.0,15.624999999999998,-0.10167230609057705,BE_STOP
reset10,closed-362,MON/USDT,1780596630.5717359,1780718399.999,0.020465,0.020405,10.0,9.375,-0.027485951624725558,BE_STOP
reset10,closed-377,ZEC/USDT,1780698411.3956475,1780718399.999,368.73,362.93,10.0,9.375,-0.1474656252542516,BE_STOP
reset10,closed-384,PURR/USDT,1779048317.5804737,1780747199.999,0.074363,0.089688,10.0,15.625000000000002,3.2200573537915367,RISK_OFF
reset10,closed-381,INJ/USDT,1777737646.3004081,1780747199.999,3.8554,5.2001,10.0,46.87499999999999,16.349227706593346,RISK_OFF
reset10,closed-383,ONDO/USDT,1777906945.5523825,1780747199.999,0.31426,0.32349,10.0,46.87499999999999,1.376746165595372,RISK_OFF
reset10,closed-60,STABLE/USDT,1776338349.0425384,1780804799.999,0.025863,0.033585,10.0,18.18181818181818,5.4286045702354695,RISK_OFF
reset10,closed-389,ZEC/USDT,1780739715.4776342,1780833599.999,366.09,410.3,10.0,9.375,1.1321498811767603,RISK_OFF
reset10,closed-388,WLD/USDT,1780805048.8600054,1780833599.999,0.4472,0.43538,10.0,31.249999999999996,-0.825972719141324,RISK_OFF
reset10,closed-325,MANTA/USDT,1780027266.8163028,1780847999.999,0.08045,0.08018,10.0,31.249999999999996,-0.10487880671224135,BE_STOP
reset10,closed-390,CC/USDT,1780776866.1722734,1780919999.999,0.1598,0.15694,10.0,46.87499999999999,-0.8389392991239064,BE_STOP
reset10,closed-391,WLD/USDT,1780848740.918154,1780963199.999,0.5021,0.49701,10.0,9.375,-0.09503833897629883,BE_STOP
reset10,closed-392,JTO/USDT,1780862572.580509,1780963199.999,0.6002,0.59869,10.0,31.249999999999996,-0.07861962679106548,BE_STOP
reset10,closed-380,PAXG/USDT,1774987196.2754548,1781063999.999,4679.4,4182.3,10.0,133.33333333333331,-14.164209086635017,STOP_LOSS
reset10,closed-405,INJ/USDT,1780848740.8612041,1781078399.999,5.323,5.2575,10.0,15.624999999999998,-0.19226704865677247,BE_STOP
reset10,closed-406,VVV/USDT,1780992237.9547663,1781092799.999,15.906,13.386,10.0,31.249999999999996,-4.9509619011693715,STOP_LOSS
reset10,closed-393,ZEC/USDT,1780848740.9524384,1781092799.999,421.07,413.8,10.0,9.374999999999998,-0.16186441684280445,BE_STOP
reset10,closed-404,PURR/USDT,1780977750.5072625,1781121599.999,0.093406,0.082263,10.0,31.249999999999996,-3.728012654433333,STOP_LOSS
reset10,closed-402,MORPHO/USDT,1781007012.335147,1781193599.999,1.972,1.9147,10.0,31.249999999999996,-0.9080248478701806,BE_STOP
reset10,closed-414,TRX/USDT,1774195577.9395382,1781207999.999,0.3154,0.31275,10.0,108.1081081081081,-0.9083274777631338,BE_STOP
reset10,closed-394,HMSTR/USDT,1780762485.204381,1781366399.999,0.000182,0.000182,10.0,31.249999999999996,0.0,BE_STOP
reset10,closed-424,TAO/USDT,1781366951.6642995,1781582399.999,264.0,262.79,10.0,15.624999999999998,-0.07161458333333237,BE_STOP
reset10,closed-400,STABLE/USDT,1780848740.8903265,1781683199.999,0.033945,0.033867,10.0,9.375,-0.021542200618647825,BE_STOP
reset10,closed-397,MON/USDT,1780853431.3468208,1781697599.999,0.022041,0.021798,10.0,9.375,-0.10335851367905269,BE_STOP
reset10,closed-425,HMSTR/USDT,1781432657.3822312,1781697599.999,0.0001687,0.000168,10.0,9.375,-0.03890041493776024,BE_STOP
reset10,closed-433,RENDER/USDT,1781525227.2752872,1781726399.999,1.851,1.6624,10.0,31.249999999999996,-3.184089681253374,STOP_LOSS
reset10,closed-431,UNI/USDT,1781669798.6692238,1781755199.999,3.502,3.1503,10.0,31.249999999999996,-3.138385208452311,STOP_LOSS
reset10,closed-437,ASTER/USDT,1781698028.55902,1781755199.999,0.702,0.67497,10.0,46.875,-1.8048878205128225,BE_STOP
reset10,closed-432,EIGEN/USDT,1781539897.3976665,1781755199.999,0.2247,0.2015,10.0,31.249999999999996,-3.2265242545616366,STOP_LOSS
reset10,closed-435,JUP/USDT,1781496566.8399804,1781769599.999,0.1868,0.18668,10.0,31.249999999999996,-0.0200749464668061,BE_STOP
reset10,closed-411,ONDO/USDT,1781006521.7861316,1781783999.999,0.3619,0.36145,10.0,31.249999999999996,-0.03885741917656823,BE_STOP
reset10,closed-436,XPL/USDT,1781714241.8100111,1781783999.999,0.1174,0.10332,10.0,31.249999999999996,-3.7478705281090323,STOP_LOSS
reset10,closed-439,SPX/USDT,1781581996.958385,1781798399.999,0.3955,0.37704,10.0,15.624999999999998,-0.7292983565107477,BE_STOP
reset10,closed-429,TRUMP/USDT,1781419887.7816548,1781798399.999,2.066,1.8074,10.0,9.375,-1.1734632139399803,STOP_LOSS
reset10,closed-440,DASH/USDT,1781511128.6411324,1781798399.999,38.87,34.697,10.0,31.249999999999996,-3.354933110367889,STOP_LOSS
reset10,closed-447,NEO/USDT,1780877013.1042066,1781798399.999,2.172,2.1543,10.0,15.624999999999998,-0.1273308011049724,BE_STOP
reset10,closed-445,GMT/USDT,1780849284.8957825,1781798399.999,0.007873,0.007714,10.0,9.374999999999998,-0.18933379906007766,BE_STOP
reset10,closed-412,ALGO/USDT,1780817866.7060897,1781841599.999,0.0957,0.094905,10.0,9.375,-0.07788009404388584,BE_STOP
reset10,closed-443,PENDLE/USDT,1781669798.6333141,1781870399.999,1.489,1.339,10.0,31.249999999999996,-3.1480859637340526,STOP_LOSS
reset10,closed-444,BRETT/USDT,1781484103.0187473,1781899199.999,0.006592,0.005716,10.0,15.624999999999998,-2.076380461165048,STOP_LOSS
reset10,closed-457,ACE/USDT,1781987683.2156267,1782043199.999,0.0883,0.0873,10.0,9.3753408,-0.10617599999999981,BE_STOP
reset10,closed-456,TNSR/USDT,1782024916.566551,1782057599.999,0.0475,0.04332,10.0,9.375,-0.8250000000000007,BE_STOP
reset10,closed-462,RESOLV/USDT,1782055831.1045032,1782086399.999,0.0213,0.020834,10.0,15.624998399999999,-0.3418426880000014,BE_STOP
reset10,closed-466,ANIME/USDT,1781938266.5400033,1782129599.999,0.00316,0.002841,10.0,9.375,-0.946400316455696,STOP_LOSS
reset10,closed-469,HMSTR/USDT,1782129819.8315377,1782172799.999,0.0001873,0.000168,10.0,31.249999999999996,-3.2201014415376426,STOP_LOSS
reset10,closed-423,KAITO/USDT,1781381308.0824552,1782201599.999,0.4493,0.44614,10.0,31.249999999999996,-0.21978633429779734,BE_STOP
reset10,closed-378,FLOKI/USDT,1780621776.44543,1782201599.999,2.466e-05,2.4295e-05,10.0,15.624999999999998,-0.2312702757502026,BE_STOP
reset10,closed-452,ADA/USDT,1781648169.7057853,1782201599.999,0.1736,0.15446,10.0,9.375,-1.0336261520737342,STOP_LOSS
reset10,closed-478,GMX/USDT,1781067878.30476,1782273599.999,5.5,5.485,10.0,15.624999999999998,-0.042613636363635764,BE_STOP
reset10,closed-481,VVV/USDT,1782213327.6637526,1782316799.999,13.217,12.732,10.0,31.249999999999996,-1.1467239161685736,BE_STOP
reset10,closed-430,TIA/USDT,1781655383.7623835,1782316799.999,0.4013,0.35794,10.0,31.249999999999996,-3.3765262895589334,STOP_LOSS
reset10,closed-488,FIL/USDT,1781137083.6482263,1782316799.999,0.74,0.73798,10.0,15.624999999999998,-0.042652027027027105,BE_STOP
reset10,closed-474,MNT/USDT,1780725060.4331667,1782316799.999,0.513,0.50298,10.0,9.373536,-0.18308544000000007,BE_STOP
reset10,closed-484,BONK/USDT,1780804971.9607763,1782316799.999,4.3e-06,4.191e-06,10.0,9.375,-0.23764534883720967,BE_STOP
reset10,closed-399,HYPER/USDT,1780884799.3267574,1782331199.999,0.0719,0.071794,10.0,15.624999999999998,-0.023035465924896994,BE_STOP
reset10,closed-494,SNX/USDT,1782302805.6669137,1782388799.999,0.232,0.20631,10.0,15.624999999999998,-1.7301993534482774,STOP_LOSS
reset10,closed-487,SPX/USDT,1782197260.4713876,1782403199.999,0.3602,0.32242,10.0,62.49999999999999,-6.5553858967240455,STOP_LOSS
reset10,closed-490,EIGEN/USDT,1781827637.6596103,1782403199.999,0.2232,0.2194,10.0,31.249999999999996,-0.5320340501792121,BE_STOP
reset10,closed-497,FLOKI/USDT,1782253102.0016835,1782417599.999,2.394e-05,2.1536e-05,10.0,9.375,-0.9414160401002517,STOP_LOSS
reset10,closed-489,TNSR/USDT,1782292564.161693,1782547199.999,0.0373,0.03709,10.0,9.375,-0.052781501340483025,BE_STOP
reset10,closed-509,GMX/USDT,1782388577.929521,1782604799.999,5.42,5.4065,10.0,9.3748656,-0.023350679999998902,BE_STOP
reset10,closed-499,XLM/USDT,1779930313.5068414,1782619199.999,0.17359,0.17347,10.0,62.49999999999999,-0.04320525375885175,BE_STOP
reset10,closed-512,ZEC/USDT,1782196007.5979333,1782691199.999,421.73,376.26,10.0,31.249999999999996,-3.369306191164964,STOP_LOSS
reset10,closed-514,ZORA/USDT,1782449237.0781515,1782734399.999,0.007257,0.007235,10.0,9.375,-0.02842083505580871,BE_STOP
reset10,closed-517,EIGEN/USDT,1782619330.2867289,1782777599.999,0.2443,0.2178,10.0,31.249999999999996,-3.3897871469504706,STOP_LOSS
reset10,closed-522,POLYX/USDT,1782667354.2106571,1782820799.999,0.0356,0.03521,10.0,15.624999999999998,-0.17117275280898941,BE_STOP
reset10,closed-519,ANIME/USDT,1782725422.1525645,1782820799.999,0.003,0.00268,10.0,15.624999999999998,-1.6666666666666667,STOP_LOSS
reset10,closed-523,AAVE/USDT,1782518977.869402,1782835199.999,95.72,85.424,10.0,46.87499999999999,-5.042049728374419,STOP_LOSS
reset10,closed-525,TRX/USDT,1781222789.8279817,1782849599.999,0.3163,0.31482,10.0,15.62522,-0.07311200000000188,BE_STOP
reset10,closed-520,MANTA/USDT,1782775525.6080556,1782849599.999,0.07311,0.06554,10.0,15.624999999999998,-1.6178532348515917,STOP_LOSS
reset10,closed-510,INJ/USDT,1782547497.3253458,1782863999.999,5.051,4.5456,10.0,31.249999999999996,-3.1268560681053237,STOP_LOSS
reset10,closed-531,WLD/USDT,1782734736.8752205,1782935999.999,0.4291,0.3612,10.0,31.249999999999996,-4.944942903752035,STOP_LOSS
reset10,closed-479,DYDX/USDT,1782244900.9432364,1782950399.999,0.14497,0.1435,10.0,31.249999999999996,-0.3168759053597293,BE_STOP
reset10,closed-540,TRUMP/USDT,1782472045.1479235,1783310399.999,1.685,1.6709,10.0,9.375,-0.07844955489614246,BE_STOP
reset10,closed-521,HYPER/USDT,1782803358.4710279,1783339199.999,0.0815,0.072765,10.0,15.624999999999998,-1.6746549079754613,STOP_LOSS
reset10,closed-544,VVV/USDT,1783210498.5423172,1783439999.999,11.951,10.732,10.0,15.624999999999998,-1.5937473851560557,STOP_LOSS
reset10,closed-546,MINA/USDT,1783328794.9097502,1783454399.999,0.0482,0.047161,10.0,15.624897599999999,-0.33681055200000015,BE_STOP
reset10,closed-513,MNT/USDT,1782443601.6444745,1783454399.999,0.4252,0.42291,10.0,15.624999999999998,-0.08415157572906963,BE_STOP
reset10,closed-545,WLD/USDT,1783008724.4264107,1783468799.999,0.3884,0.38072,10.0,15.624999999999998,-0.3089598352214225,BE_STOP
reset10,closed-538,XPL/USDT,1783181278.1669436,1783468799.999,0.11306,0.098894,10.0,31.249999999999996,-3.9155094640014143,STOP_LOSS
reset10,closed-551,GRASS/USDT,1781165621.0111458,1783497599.999,0.35831,0.35778,10.0,31.249999999999996,-0.046223940163549186,BE_STOP
reset10,closed-515,TNSR/USDT,1782576273.5325296,1783511999.999,0.0364,0.03235,10.0,15.624999999999998,-1.7384958791208813,STOP_LOSS
reset10,closed-555,PURR/USDT,1782763582.1987953,1783526399.999,0.09019,0.089669,10.0,31.249999999999996,-0.18052167646080694,BE_STOP
reset10,closed-541,TRB/USDT,1783282670.9326565,1783526399.999,17.64,15.735,10.0,31.249999999999996,-3.374787414965989,STOP_LOSS
reset10,closed-553,XLM/USDT,1782792163.6886702,1783526399.999,0.1834,0.18035,10.0,31.249999999999996,-0.5196973827699021,BE_STOP
reset10,closed-550,EIGEN/USDT,1783195415.784594,1783641599.999,0.2375,0.235,10.0,31.249999999999996,-0.3289473684210536,BE_STOP
reset10,closed-562,ICP/USDT,1781798795.8786416,1783900799.999,2.22,2.2182,10.0,15.624999999999998,-0.012668918918920523,BE_STOP
reset10,closed-549,AAVE/USDT,1783353963.244336,1783915199.999,96.29,95.201,10.0,46.87499999999999,-0.5301368262540309,BE_STOP
reset10,closed-528,SPX/USDT,1782763349.1429372,1783972799.999,0.3617,0.35266,10.0,31.249999999999996,-0.7810340060823914,BE_STOP
reset10,closed-564,PENDLE/USDT,1782964954.9500952,1783972799.999,1.473,1.461,10.0,31.249999999999996,-0.25458248472505146,BE_STOP
reset10,closed-566,GRASS/USDT,1783857784.7628722,1784001599.999,0.4004,0.35516,10.0,31.249999999999996,-3.530844155844155,STOP_LOSS
reset10,closed-567,FLOKI/USDT,1782437887.1031537,1784001599.999,2.184e-05,2.1825000000000002e-05,10.0,9.375,-0.0064388736263736035,BE_STOP
reset10,closed-527,TIA/USDT,1782734495.152051,1784260799.999,0.3888,0.38023,10.0,31.249999999999996,-0.6888181584362127,BE_STOP
reset10,closed-576,WLD/USDT,1783978344.11361,1784260799.999,0.387,0.38352,10.0,31.249999999999996,-0.28100775193798383,BE_STOP
reset10,closed-572,BONK/USDT,1784095661.7755017,1784260799.999,3.77e-06,3.348e-06,10.0,15.624999999999998,-1.749005305039788,STOP_LOSS
reset10,closed-573,SPX/USDT,1784088051.9300985,1784275199.999,0.3856,0.34566,10.0,31.249999999999996,-3.2368386929460566,STOP_LOSS
reset10,closed-577,HMSTR/USDT,1782561809.6411333,1784303999.999,0.0001796,0.000178,10.0,31.249999999999996,-0.2783964365256144,BE_STOP
reset10,closed-581,BONK/USDT,1784322295.6699743,1784390399.999,3.15e-06,2.7430000000000002e-06,10.0,15.624999999999998,-2.0188492063492043,STOP_LOSS
reset10,closed-582,ACE/USDT,1784391140.54845,1784419199.999,0.0728,0.0631,10.0,9.375,-1.2491414835164831,STOP_LOSS
reset10,closed-542,MORPHO/USDT,1782777709.8485007,1784735999.999,1.889,1.8501,10.0,46.87499999999999,-0.9652924827951279,BE_STOP
reset10,closed-587,MNT/USDT,1783526333.6290555,1784822399.999,0.4127,0.4088,10.0,9.375,-0.08859340925611858,BE_STOP
reset10,closed-589,JUP/USDT,1781845006.1253214,1784836799.999,0.1866,0.18652,10.0,31.250275199999997,-0.013397760000000097,BE_STOP
reset10,closed-575,EIGEN/USDT,1783972876.986496,1784865599.999,0.239,0.2146,10.0,31.249999999999996,-3.1903765690376553,STOP_LOSS
reset10,closed-590,GRASS/USDT,1784707267.7851388,1784908799.999,0.38645,0.3371,10.0,15.624999999999998,-1.9953260447664634,STOP_LOSS
reset10,closed-585,JTO/USDT,1784620884.6568456,1784908799.999,0.6063,0.58859,10.0,31.249999999999996,-0.9128113145307619,BE_STOP
reset10,closed-592,SPX/USDT,1784693278.8365808,1784937599.999,0.3687,0.32902,10.0,31.249999999999996,-3.3631678871711452,STOP_LOSS
reset10,closed-599,PUMP/USDT,1784491398.7413979,1784980799.999,0.001787,0.00177,10.0,31.249999999999996,-0.2972859541130364,BE_STOP
reset10,closed-588,WLD/USDT,1784563727.2436152,1785038399.999,0.3744,0.33501,10.0,31.248921599999996,-3.2876469600000036,STOP_LOSS
reset10,closed-603,POLYX/USDT,1784722098.1613133,1785196799.999,0.038,0.034108,10.0,15.624999999999998,-1.6003289473684212,STOP_LOSS
reset10,closed-600,TNSR/USDT,1784881629.385052,1785211199.999,0.0339,0.03022,10.0,15.624999999999998,-1.6961651917404128,STOP_LOSS
reset10,closed-597,STX/USDT,1784867931.568794,1785211199.999,0.1484,0.132,10.0,15.624999999999998,-1.726752021563341,STOP_LOSS
reset10,closed-607,NEO/USDT,1784430110.1912744,1785355199.999,2.054,1.8088,10.0,15.624999999999998,-1.8652629016553053,STOP_LOSS
reset10,closed-613,GMX/USDT,1784405001.5358257,1785398399.999,6.47,6.4693,10.0,31.249999999999996,-0.0033809891808352084,BE_STOP
reset10,closed-616,AAVE/USDT,1785359597.9603548,1785542399.999,94.75,93.666,10.0,31.249999999999996,-0.3575197889182056,BE_STOP
reset10,closed-617,LDO/USDT,1784088212.0616543,1785571199.999,0.3356,0.33253,10.0,46.87499999999999,-0.4288028903456537,BE_STOP
reset10,closed-593,VVV/USDT,1784361783.1890852,1785614399.999,11.686,11.615,10.0,15.624649439999997,-0.09492983999999895,BE_STOP
reset10,closed-619,HYPER/USDT,1785631351.6740508,1785859199.999,0.0644,0.057877,10.0,9.375,-0.949582686335404,STOP_LOSS
reset10,closed-621,INJ/USDT,1785556959.1757183,1785902399.999,4.844,4.8169,10.0,62.49999999999999,-0.34965937241948625,BE_STOP
reset10,closed-586,XLM/USDT,1783843469.8249702,1785902399.999,0.1855,0.16679,10.0,31.250071999999996,-3.151961439999999,STOP_LOSS
reset10,closed-622,VVV/USDT,1785787566.5668435,1786247999.999,12.454,11.135,10.0,31.249999999999996,-3.309679621005302,STOP_LOSS
reset10,closed-623,HMSTR/USDT,1785960268.6308312,1786334399.999,0.0001961,0.000195,10.0,15.624999999999998,-0.08764660887302342,BE_STOP
reset10,closed-630,GRIFFAIN/USDT,1786305971.8689485,1786377599.999,0.011439,0.01113,10.0,46.875,-1.2662273800157342,BE_STOP
reset10,closed-624,JUP/USDT,1785369741.2278616,1786463999.999,0.1981,0.17665,10.0,31.249999999999996,-3.3837077233720354,STOP_LOSS
reset10,closed-633,SNX/USDT,1782439840.2201767,1786521599.999,0.2,0.19918,10.0,15.625599999999999,-0.06406496000000161,BE_STOP
reset10,closed-634,KAITO/USDT,1782489700.1778343,1786535999.999,0.5354,0.49282,10.0,31.249999999999996,-2.4852913709376176,BE_STOP
reset10,closed-570,ONDO/USDT,1782964954.9056075,1786564799.999,0.3326,0.3306,10.0,46.87499999999999,-0.2818701142513549,BE_STOP
reset10,closed-645,UNI/USDT,1783541496.437711,1786708799.999,3.312,3.2008,10.0,46.87499999999999,-1.5738224637681113,BE_STOP
reset10,closed-646,INJ/USDT,1786594563.1878557,1786780799.999,4.677,4.1809,10.0,46.87499999999999,-4.972137588197554,STOP_LOSS
reset10,closed-648,KAITO/USDT,1786684508.3852868,1786852799.999,0.4135,0.35063,10.0,9.375,-1.4254081015719466,STOP_LOSS
reset10,closed-649,STABLE/USDT,1786183822.3444536,1786881599.999,0.03279,0.029442,10.0,15.624999999999998,-1.5953796889295513,STOP_LOSS
reset10,closed-650,HEMI/USDT,1786853877.180719,1786881599.999,0.007899,0.006649,10.0,46.87499999999999,-7.417869350550697,STOP_LOSS
reset10,closed-654,WLD/USDT,1786930216.0583718,1787025599.999,0.36777,0.32797,10.0,62.49999999999999,-6.763738205943933,STOP_LOSS
reset10,closed-656,JTO/USDT,1786348922.4082553,1787068799.999,0.5649,0.55795,10.0,31.249999999999996,-0.38447070277925277,BE_STOP
reset10,closed-655,GMX/USDT,1786075388.889229,1787126399.999,6.46,6.4531,10.0,46.87499999999999,-0.050067724458202616,BE_STOP
reset10,closed-671,TAO/USDT,1787355248.0483787,1787385599.999,233.0,229.21,10.0,46.87499999999999,-0.7624731759656617,BE_STOP
reset10,closed-670,ICP/USDT,1787316031.7026362,1787385599.999,2.4679,2.4618,10.0,46.87499999999999,-0.11586267676972141,BE_STOP
reset10,closed-710,ETC/USDT,1787355247.9277246,1787385599.999,8.298,8.2239,10.0,46.87499999999999,-0.4185873101952269,BE_STOP
reset10,closed-673,WLFI/USDT,1787375150.3591092,1787385599.999,0.0719,0.060126,10.0,46.87499999999999,-7.67602573018081,STOP_LOSS
reset10,closed-675,ZEN/USDT,1787355248.110739,1787399999.999,5.3395,5.2021,10.0,46.87499999999999,-1.2062224927427698,BE_STOP
reset10,closed-679,HMSTR/USDT,1787316031.6526325,1787399999.999,0.000192,0.000191,10.0,46.875033599999995,-0.2441408000000017,BE_STOP
reset10,closed-664,SUI/USDT,1787355247.5039132,1787399999.999,0.85385,0.83049,10.0,46.87499999999999,-1.2824266557357882,BE_STOP
reset10,closed-678,ASTER/USDT,1787217826.342816,1787399999.999,0.67359,0.66153,10.0,31.249999999999996,-0.5595020709927427,BE_STOP
reset10,closed-668,EIGEN/USDT,1787335674.933256,1787399999.999,0.2159,0.2114,10.0,31.249999999999996,-0.651343214451136,BE_STOP
reset10,closed-681,TIA/USDT,1787316031.8481514,1787414399.999,0.3764,0.37512,10.0,46.87499999999999,-0.15940488841657827,BE_STOP
reset10,closed-676,FIL/USDT,1787375150.025655,1787414399.999,0.85667,0.7684,10.0,31.249999999999996,-3.219953424305744,STOP_LOSS
reset10,closed-662,KAITO/USDT,1787221072.8077412,1787443199.999,0.34704,0.34677,10.0,9.375,-0.00729382780082985,BE_STOP
reset10,closed-672,TURBO/USDT,1787306088.5451221,1787443199.999,0.001081,0.000955,10.0,31.249999999999996,-3.642460684551339,STOP_LOSS
reset10,closed-677,TNSR/USDT,1787375150.3003032,1787457599.999,0.0384,0.03331,10.0,46.87499999999999,-6.213378906249995,STOP_LOSS
reset10,closed-682,ARB/USDT,1787316031.607199,1787457599.999,0.09681,0.0959,10.0,31.249999999999996,-0.2937454808387557,BE_STOP
reset10,closed-680,KAS/USDT,1787375150.0972967,1787471999.999,0.031633,0.028376,10.0,46.87499999999999,-4.826348275535045,STOP_LOSS
reset10,closed-692,ZRO/USDT,1787437410.9899712,1787543999.999,1.181,1.165,10.0,46.87499999999999,-0.6350550381033007,BE_STOP
reset10,closed-674,XPL/USDT,1787316031.9495687,1787543999.999,0.10111,0.098524,10.0,46.87499999999999,-1.1988799327465152,BE_STOP
reset10,closed-657,HEMI/USDT,1786987757.442123,1787687999.999,0.007213,0.007118,10.0,46.87499999999999,-0.6173748786912503,BE_STOP
reset10,closed-695,GRASS/USDT,1787559050.7811475,1787702399.999,0.3778,0.32879,10.0,46.87499999999999,-6.080846347273689,STOP_LOSS
reset10,closed-709,DASH/USDT,1787348509.3227394,1787702399.999,38.079,37.881,10.0,46.87499999999999,-0.24373670527062447,BE_STOP
reset10,closed-707,LTC/USDT,1787316031.752325,1787702399.999,50.44,49.942,10.0,46.87499999999999,-0.46280233941316246,BE_STOP
reset10,closed-659,XLM/USDT,1787237441.916199,1787759999.999,0.1809,0.17915,10.0,15.624999999999998,-0.15115395245992277,BE_STOP
reset10,closed-665,ALGO/USDT,1787355247.8064127,1787774399.999,0.097594,0.087733,10.0,46.87499999999999,-4.736299106502448,STOP_LOSS
reset10,closed-726,STABLE/USDT,1787555196.2889938,1787774399.999,0.029603,0.026398,10.0,15.624999999999998,-1.6916570955646386,STOP_LOSS
reset10,closed-720,JTO/USDT,1787647630.5436575,1787889599.999,0.56107,0.48355,10.0,15.624999999999998,-2.158821537419572,STOP_LOSS
reset10,closed-725,COMP/USDT,1787198553.4763155,1787932799.999,18.94,17.867,10.0,46.87499999999999,-2.6555900211193224,BE_STOP
reset10,closed-724,SYRUP/USDT,1787296143.531936,1787932799.999,0.183,0.17921,10.0,46.87499999999999,-0.9707991803278633,BE_STOP
reset10,closed-686,AR/USDT,1787276574.8004525,1787975999.999,2.062,2.0616,10.0,46.87499999999999,-0.009093113482053562,BE_STOP
reset10,closed-719,EIGEN/USDT,1787653734.2918935,1787990399.999,0.2152,0.1934,10.0,31.249999999999996,-3.1656598513011174,STOP_LOSS
reset10,closed-718,ARB/USDT,1787603982.510226,1788004799.999,0.09665,0.08692,10.0,31.249999999999996,-3.1460165545783774,STOP_LOSS
reset10,closed-723,TURBO/USDT,1787691612.4212477,1788134399.999,0.000987,0.000936,10.0,46.87499999999999,-2.422112462006083,BE_STOP
reset10,closed-690,WLD/USDT,1787276574.9872198,1788134399.999,0.371,0.36171,10.0,62.49999999999999,-1.5650269541779003,BE_STOP
reset10,closed-667,DOGE/USDT,1787355247.865448,1788134399.999,0.092489,0.082029,10.0,46.875,-5.301306101266094,STOP_LOSS
reset10,closed-736,ONDO/USDT,1787179310.9892206,1788134399.999,0.34686,0.34392,10.0,31.249999999999996,-0.26487631897595393,BE_STOP
reset10,closed-742,ZORA/USDT,1788143655.4969327,1788235199.999,0.008656,0.008528,10.0,15.624999999999998,-0.23105360443622863,BE_STOP
reset10,closed-641,GRIFFAIN/USDT,1786463111.6804478,1788249599.999,0.011284,0.011137,10.0,62.49999999999999,-0.814205955334997,BE_STOP
reset10,closed-746,TRX/USDT,1783267758.6527386,1788263999.999,0.3298,0.32827,10.0,31.249999999999996,-0.1449742268041197,BE_STOP
reset10,closed-745,PAXG/USDT,1786392464.4821825,1788263999.999,4379.06,4379.0,10.0,31.249999999999996,-0.00042817408302600607,BE_STOP
reset10,closed-740,TAO/USDT,1787692577.2622232,1788292799.999,225.9,222.49,10.0,62.49999999999999,-0.9434484285081867,BE_STOP
reset10,closed-747,MON/USDT,1787237121.7899277,1788292799.999,0.02598,0.025924,10.0,62.49999999999999,-0.13471901462663857,BE_STOP
reset10,closed-691,FARTCOIN/USDT,1787257012.0257638,1788307199.999,0.16936,0.16781,10.0,46.87499999999999,-0.42900478271139064,BE_STOP
reset10,closed-751,GRASS/USDT,1787782118.7022953,1788350399.999,0.37537,0.3339,10.0,46.87499999999999,-5.1786404081306445,STOP_LOSS
reset10,closed-754,ENS/USDT,1787330533.7404306,1788364799.999,5.3742,5.3206,10.0,46.87499999999999,-0.46751144356369817,BE_STOP
reset10,closed-756,INJ/USDT,1787257012.0682034,1788379199.999,4.7554,4.7483,10.0,31.249999999999996,-0.04665748412330944,BE_STOP
reset10,closed-762,ZRO/USDT,1787970773.8208308,1788537599.999,1.0737,1.0551,10.0,62.49999999999999,-1.08270466610786,BE_STOP
reset10,closed-760,WLD/USDT,1788445106.2243848,1788537599.999,0.3775,0.37526,10.0,46.876439999999995,-0.27815424000000216,BE_STOP
reset10,closed-761,XPL/USDT,1788445106.2824805,1788595199.999,0.0932,0.093129,10.0,31.249999999999996,-0.023806330472102285,BE_STOP
reset10,closed-722,HEMI/USDT,1787861705.5252905,1788767999.999,0.01004,0.008482,10.0,31.249999999999996,-4.849352589641434,STOP_LOSS
reset10,closed-765,FARTCOIN/USDT,1788509300.8572931,1788767999.999,0.17199,0.16999,10.0,31.249999999999996,-0.363393220536079,BE_STOP
reset10,closed-768,MON/USDT,1788668078.9320529,1788868799.999,0.02559,0.02546,10.0,15.624999999999998,-0.0793767096522093,BE_STOP
reset10,closed-767,GRIFFAIN/USDT,1788495178.9890077,1788926399.999,0.012499,0.011224,10.0,62.49999999999999,-6.375510040803264,STOP_LOSS
reset12,closed-1,VVV/USDT,1773376987.682436,1773460799.999,6.363,6.1988,12.0,158.73015873015876,-4.096101220099334,BE_STOP
reset12,closed-0,TRX/USDT,1773376987.6815863,1773935999.999,0.2896,0.29989,12.0,317.4603174603175,11.2799263351749,NO_LONG
reset12,closed-120,VVV/USDT,1773965225.795107,1774324799.999,5.7672,5.616,12.0,95.23809523809526,-2.49687890137329,BE_STOP
reset12,closed-2,TAO/USDT,1774441801.607653,1774641599.999,358.03,324.36,12.0,77.51937984496125,-7.290108424936019,NO_LONG
reset12,closed-6,PURR/USDT,1774442017.1916852,1774886399.999,0.087222,0.075545,12.0,111.11111111111111,-14.875197134260208,STOP_LOSS
reset12,closed-5,ZRO/USDT,1774441946.5160167,1774900799.999,2.219,1.9259,12.0,121.21212121212122,-16.01048793477816,STOP_LOSS
reset12,closed-219,MORPHO/USDT,1774510530.623234,1774915199.999,1.67,1.4684,12.0,27.77777777777778,-3.353293413173654,STOP_LOSS
reset12,open-0,HYPE/USDT,1773232095.0530453,1775102399.999,35.49,35.19,12.0,303.03030303030306,-2.561541023079517,BE_STOP
reset12,closed-24,POLYX/USDT,1775288053.4456906,1775390399.999,0.0559,0.049186,12.0,26.881720430107528,-3.2286917883316972,STOP_LOSS
reset12,closed-20,ALGO/USDT,1775318628.0736766,1775519999.999,0.11886,0.11847,12.0,53.763440860215056,-0.17640704976849667,BE_STOP
reset12,open-3,APE/USDT,1775175276.6262028,1775563199.999,0.0829,0.0829,12.0,27.77777777777778,0.0,BE_STOP
reset12,closed-4,TNSR/USDT,1775720377.817925,1775807999.999,0.04687,0.04389,12.0,16.129032258064516,-1.0254857292304733,BE_STOP
reset12,closed-32,RENDER/USDT,1775246608.4542537,1775966399.999,1.9436,1.9263,12.0,111.11111111111111,-0.9890009375500306,BE_STOP
reset12,closed-26,AIXBT/USDT,1775657941.3443787,1775966399.999,0.02726,0.02368,12.0,26.881720430107528,-3.530321318407371,STOP_LOSS
reset12,closed-14,LDO/USDT,1776356269.2247193,1776513599.999,0.41589,0.4075,12.0,39.0625,-0.7880313905119168,BE_STOP
reset12,closed-10,TURBO/USDT,1776366178.3499205,1776513599.999,0.00133,0.001163,12.0,13.020833333333334,-1.6349467418546368,STOP_LOSS
reset12,closed-22,ACE/USDT,1776501359.121004,1776527999.999,0.1444,0.1354,12.0,7.812500000000001,-0.4869286703601114,BE_STOP
reset12,closed-13,MOODENG/USDT,1776370082.2002487,1776542399.999,0.061019,0.053293,12.0,39.06250000000001,-4.945949212540355,STOP_LOSS
reset12,closed-28,AERO/USDT,1776427632.5067496,1776542399.999,0.41991,0.40542,12.0,39.06250000000001,-1.3479450953775807,BE_STOP
reset12,closed-34,KAITO/USDT,1776338275.548521,1776556799.999,0.4499,0.44094,12.0,36.630036630036635,-0.7295068419762815,BE_STOP
reset12,closed-17,ZRO/USDT,1776338966.3650606,1776571199.999,1.9454,1.6027,12.0,13.020833333333334,-2.2937388626160855,STOP_LOSS
reset12,closed-38,PURR/USDT,1776348142.5372531,1776571199.999,0.080033,0.078777,12.0,52.083333333333336,-0.8173711677266516,BE_STOP
reset12,closed-27,GRASS/USDT,1776338275.5458813,1776628799.999,0.37161,0.31943,12.0,73.26007326007326,-10.286888465624239,STOP_LOSS
reset12,closed-9,MON/USDT,1776338349.0392292,1776628799.999,0.035808,0.030121,12.0,30.303030303030305,-4.812704795948766,STOP_LOSS
reset12,closed-45,ZEC/USDT,1776338419.7554412,1776628799.999,345.78,303.4,12.0,26.041666666666668,-3.191757283050881,STOP_LOSS
reset12,closed-16,GRIFFAIN/USDT,1776441680.2020073,1776628799.999,0.01773,0.016627,12.0,26.041666666666668,-1.6200766121451389,BE_STOP
reset12,closed-15,ZETA/USDT,1776392430.3794386,1776643199.999,0.06179,0.05298,12.0,13.020833333333334,-1.856506581431731,STOP_LOSS
reset12,closed-31,VIRTUAL/USDT,1776442685.225196,1776643199.999,0.77449,0.66942,12.0,39.06250000000001,-5.299354252475825,STOP_LOSS
reset12,closed-25,TIA/USDT,1776470858.0107574,1776643199.999,0.4314,0.36914,12.0,39.06250000000001,-5.63753187297172,STOP_LOSS
reset12,closed-58,COMP/USDT,1776338275.5405662,1776801599.999,22.779,22.659,12.0,54.94505494505495,-0.28945109940764063,BE_STOP
reset12,closed-63,SUPER/USDT,1776663915.8739815,1776916799.999,0.12494,0.12434,12.0,13.020833333333334,-0.06253001440691362,BE_STOP
reset12,closed-7,TRB/USDT,1776338419.7474828,1776945599.999,17.773,17.745,12.0,39.06250000000001,-0.06153997636864675,BE_STOP
reset12,closed-68,HYPER/USDT,1777117974.2439666,1777175999.999,0.13234,0.12924,12.0,13.020833333333334,-0.3050066747267161,BE_STOP
reset12,closed-72,LDO/USDT,1776888212.1474862,1777276799.999,0.394,0.38265,12.0,39.06250000000001,-1.1252776015228474,BE_STOP
reset12,closed-74,SPX/USDT,1776960127.6242328,1777276799.999,0.3914,0.38611,12.0,26.041666666666668,-0.35196836143757604,BE_STOP
reset12,closed-75,TRUMP/USDT,1777153335.7161508,1777291199.999,2.5483,2.5455,12.0,13.020833333333334,-0.014306923569959903,BE_STOP
reset12,closed-65,DOT/USDT,1775980972.484268,1777305599.999,1.2249,1.218,12.0,26.881720430107528,-0.15142776632193988,BE_STOP
reset12,closed-37,WLD/USDT,1776474095.795278,1777305599.999,0.28456,0.24864,12.0,7.812500000000001,-0.9861716333989317,STOP_LOSS
reset12,closed-69,HEMI/USDT,1777148562.0403845,1777305599.999,0.009872,0.008633,12.0,13.020833333333334,-1.6341989971636957,STOP_LOSS
reset12,closed-8,FET/USDT,1776338275.5433605,1777348799.999,0.2312,0.20223,12.0,18.315018315018317,-2.294922493884432,STOP_LOSS
reset12,closed-80,GRASS/USDT,1776687450.598616,1777377599.999,0.3347,0.33381,12.0,26.041666666666668,-0.06924733592271587,BE_STOP
reset12,closed-67,MON/USDT,1776960050.4621058,1777377599.999,0.03295,0.028887,12.0,26.041666666666668,-3.2111469398077905,STOP_LOSS
reset12,closed-81,ALGO/USDT,1777090682.0724192,1777478399.999,0.11172,0.11038,12.0,26.041666666666668,-0.31235081751998806,BE_STOP
reset12,closed-82,MINA/USDT,1777183609.7501297,1777492799.999,0.066591,0.058477,12.0,13.020833333333334,-1.5865663778388468,STOP_LOSS
reset12,closed-76,INJ/USDT,1777188940.993972,1777492799.999,3.9042,3.4334,12.0,13.020833333333334,-1.5701573519116165,STOP_LOSS
reset12,closed-90,ACE/USDT,1776621986.14587,1777579199.999,0.1173,0.1173,12.0,7.8121800000000015,0.0,BE_STOP
reset12,closed-91,AIXBT/USDT,1777537069.5531116,1777636799.999,0.03023,0.030167,12.0,26.041666666666668,-0.054271419120078754,BE_STOP
reset12,closed-29,DYDX/USDT,1776484907.512156,1777636799.999,0.14717,0.14707,12.0,39.06250000000001,-0.026542433919952983,BE_STOP
reset12,closed-94,GMX/USDT,1776932030.135696,1777766399.999,7.0524,7.0444,12.0,26.041666666666668,-0.02954077099048824,BE_STOP
reset12,closed-103,CC/USDT,1776338275.5379689,1777910399.999,0.14667,0.1456,12.0,36.630036630036635,-0.2672266938988112,BE_STOP
reset12,closed-114,COMP/USDT,1777737408.6844754,1778212799.999,22.645,22.572,12.0,26.041750000000004,-0.08395000000000039,BE_STOP
reset12,closed-112,XMR/USDT,1777220029.4978356,1778212799.999,398.12,389.18,12.0,39.06250000000001,-0.8771695719883437,BE_STOP
reset12,closed-116,AR/USDT,1778040684.8378124,1778342399.999,2.5154,2.4653,12.0,39.06250000000001,-0.7780198974318213,BE_STOP
reset12,closed-117,ACE/USDT,1778312880.9325264,1778385599.999,0.1401,0.1377,12.0,13.020894000000002,-0.22305600000000173,BE_STOP
reset12,closed-108,HMSTR/USDT,1777985982.784278,1778471999.999,0.000178,0.000177,12.0,13.020833333333334,-0.0731507490636706,BE_STOP
reset12,closed-121,PURR/USDT,1777907180.30233,1778500799.999,0.069262,0.06827,12.0,13.020833333333334,-0.1864899463871501,BE_STOP
reset12,closed-122,SKY/USDT:USDT,1776384133.7954965,1778515199.999,0.076726,0.076399,12.0,52.083333333333336,-0.22197494982144814,BE_STOP
reset12,closed-127,FIL/USDT,1778040139.0388875,1778558399.999,1.1152,1.1054,12.0,26.041666666666668,-0.2288453491152559,BE_STOP
reset12,closed-125,PUMP/USDT,1778156495.6259973,1778558399.999,0.002053,0.002022,12.0,39.06250000000001,-0.5898380418899218,BE_STOP
reset12,closed-129,VVV/USDT,1778544063.000116,1778572799.999,17.234,17.195,12.0,52.083333333333336,-0.11786294534061234,TRIM
reset12,closed-89,GRASS/USDT,1777464209.6407816,1778572799.999,0.346,0.34432,12.0,26.041666666666668,-0.1264450867051979,BE_STOP
reset12,closed-118,FARTCOIN/USDT,1778068848.3786285,1778572799.999,0.25099,0.25088,12.0,39.06250000000001,-0.017119705964380175,BE_STOP
reset12,closed-132,TURBO/USDT,1777968203.8377542,1778587199.999,0.001287,0.001284,12.0,39.06250000000001,-0.09105477855477549,BE_STOP
reset12,closed-85,MOODENG/USDT,1776845770.4253204,1778587199.999,0.06087,0.060595,12.0,39.06250000000001,-0.17647753408904251,BE_STOP
reset12,closed-128,UNI/USDT,1778372238.987565,1778587199.999,3.8104,3.7662,12.0,39.06250000000001,-0.4531184390090286,BE_STOP
reset12,closed-130,KAS/USDT,1778429740.3404424,1778587199.999,0.0386,0.038521,12.0,39.06250000000001,-0.07994656735751603,BE_STOP
reset12,closed-138,FET/USDT,1778054711.5226376,1778601599.999,0.22606,0.22395,12.0,39.0625,-0.3646017650181348,BE_STOP
reset12,closed-99,LDO/USDT,1777376275.7438529,1778601599.999,0.3906,0.38864,12.0,26.041666666666668,-0.13067502986857893,BE_STOP
reset12,closed-101,ZETA/USDT,1777563250.3521895,1778601599.999,0.05895,0.05883,12.0,13.020833333333334,-0.026505513146734758,BE_STOP
reset12,closed-134,ZEN/USDT,1777810728.8971298,1778601599.999,6.6011,6.5389,12.0,39.06250000000001,-0.36807312417627175,BE_STOP
reset12,closed-126,OP/USDT,1778276246.1016092,1778601599.999,0.17145,0.15034,12.0,39.06250000000001,-4.809620151647711,STOP_LOSS
reset12,closed-142,GMX/USDT,1778183897.7016904,1778630399.999,7.2157,7.1909,12.0,26.041666666666668,-0.08950390583496148,BE_STOP
reset12,closed-146,ALGO/USDT,1778011640.4313915,1778687999.999,0.11899,0.11626,12.0,52.083333333333336,-1.1949533574249933,BE_STOP
reset12,closed-97,MON/USDT,1777648071.9245172,1778687999.999,0.029378,0.028979,12.0,13.020833333333334,-0.1768436415004419,BE_STOP
reset12,closed-153,VIRTUAL/USDT,1777867939.9666662,1778687999.999,0.77685,0.76502,12.0,39.0625,-0.5948501963055951,BE_STOP
reset12,closed-144,HYPER/USDT,1778027735.9757051,1778687999.999,0.10849,0.10387,12.0,13.020833333333334,-0.5544865886256799,BE_STOP
reset12,closed-147,SNX/USDT,1778200279.8742115,1778687999.999,0.3399,0.32673,12.0,39.06250000000001,-1.5135425860547194,BE_STOP
reset12,closed-135,YGG/USDT,1778286505.0236268,1778687999.999,0.04793,0.041808,12.0,39.06250000000001,-4.9893725224285435,STOP_LOSS
reset12,closed-133,ENA/USDT,1778288907.9717069,1778687999.999,0.13441,0.1149,12.0,39.06250000000001,-5.670034781638272,STOP_LOSS
reset12,closed-151,BRETT/USDT,1778300975.9792583,1778687999.999,0.009479,0.009276,12.0,39.0625,-0.8365531701656292,BE_STOP
reset12,closed-150,VVV/USDT,1778638618.0104995,1778731199.999,15.562,13.257,12.0,52.083333333333336,-7.714437947136186,STOP_LOSS
reset12,closed-119,LINEA/USDT,1778286505.0023654,1778731199.999,0.004307,0.003735,12.0,52.083333333333336,-6.91703428527204,STOP_LOSS
reset12,closed-167,ICP/USDT,1778054711.548446,1778831999.999,2.7566,2.718,12.0,39.06250000000001,-0.5469826960748755,BE_STOP
reset12,closed-179,NEO/USDT,1778142776.6817453,1778860799.999,2.9751,2.9672,12.0,39.06250000000001,-0.10372550502503639,BE_STOP
reset12,closed-172,ARB/USDT,1778184130.607847,1778860799.999,0.12634,0.12381,12.0,26.041666666666668,-0.5214929291330288,BE_STOP
reset12,closed-178,IMX/USDT,1778301053.3732498,1778860799.999,0.19237,0.19053,12.0,39.0625,-0.37362894422207293,BE_STOP
reset12,closed-170,SUI/USDT,1778401945.7011185,1778860799.999,1.1266,1.0881,12.0,39.06250000000001,-1.3349070211255085,BE_STOP
reset12,closed-169,GMT/USDT,1778789470.1753953,1778860799.999,0.013324,0.011566,12.0,39.06250000000001,-5.15399842389673,STOP_LOSS
reset12,closed-184,SKY/USDT,1774583431.537942,1778875199.999,0.070643,0.070418,12.0,16.666666666666668,-0.05308381580623745,BE_STOP
reset12,closed-185,MINA/USDT,1777860052.3457975,1778875199.999,0.060491,0.060468,12.0,13.020833333333334,-0.004950805353964456,BE_STOP
reset12,closed-183,KAITO/USDT,1777521756.313358,1778903999.999,0.4445,0.44069,12.0,26.041666666666668,-0.2232142857142855,BE_STOP
reset12,closed-149,PURR/USDT,1778605541.2295043,1778918399.999,0.06708,0.06467,12.0,13.020833333333334,-0.4678027479626303,BE_STOP
reset12,closed-195,ANIME/USDT,1775527308.6855934,1778918399.999,0.004501,0.004418,12.0,26.881720430107528,-0.4957082416571683,BE_STOP
reset12,closed-180,WLD/USDT,1777486619.8021655,1778918399.999,0.2404,0.24023,12.0,13.020833333333334,-0.009207744037714623,BE_STOP
reset12,closed-93,TRUMP/USDT,1777398443.293293,1778918399.999,2.4715,2.1549,12.0,7.812500000000001,-1.000783936880436,STOP_LOSS
reset12,closed-106,STX/USDT,1778011394.3662658,1778918399.999,0.27688,0.24175,12.0,26.041666666666668,-3.304116404218435,STOP_LOSS
reset12,closed-136,ENS/USDT,1778443738.9499888,1778918399.999,7.5691,6.4774,12.0,39.06250000000001,-5.63402930995759,STOP_LOSS
reset12,closed-21,FLOKI/USDT,1776410843.7259934,1778932799.999,3.153e-05,3.1431e-05,12.0,52.083333333333336,-0.16353472882968517,BE_STOP
reset12,closed-200,TIA/USDT,1778214541.0735338,1778932799.999,0.4011,0.40026,12.0,39.06250000000001,-0.08180628272251493,BE_STOP
reset12,closed-187,WLFI/USDT,1778351621.9763196,1778932799.999,0.069881,0.061113,12.0,7.812500000000001,-0.9802378328873366,STOP_LOSS
reset12,closed-208,AERO/USDT,1776870104.3286061,1778961599.999,0.4193,0.41819,12.0,13.020833333333334,-0.03446965180062007,BE_STOP
reset12,closed-201,MANTA/USDT,1778501315.778693,1779004799.999,0.07504,0.07494,12.0,39.06250000000001,-0.0520555703624687,BE_STOP
reset12,closed-87,JUP/USDT,1777263265.137944,1779033599.999,0.1981,0.19801,12.0,26.041666666666668,-0.011831145885915958,BE_STOP
reset12,closed-211,POLYX/USDT,1778272136.726014,1779062399.999,0.053748,0.052985,12.0,39.06250000000001,-0.5545264474957199,BE_STOP
reset12,closed-49,CAKE/USDT,1776442685.2202237,1779062399.999,1.6391,1.4408,12.0,39.06250000000001,-4.725821334878897,STOP_LOSS
reset12,closed-46,TAO/USDT,1776441680.2079284,1779076799.999,260.73,260.65,12.0,52.083333333333336,-0.015980771935214754,BE_STOP
reset12,closed-199,RENDER/USDT,1776537341.7600853,1779076799.999,1.787,1.7714,12.0,52.083333333333336,-0.4546726357022915,BE_STOP
reset12,closed-176,MON/USDT,1778801725.1860821,1779119999.999,0.029894,0.026231,12.0,7.812500000000001,-0.9572886699672178,STOP_LOSS
reset12,closed-223,VVV/USDT,1779033642.6291392,1779191999.999,14.334,14.275,12.0,26.041666666666668,-0.10718978187060994,BE_STOP
reset12,closed-232,DYDX/USDT,1779249877.1534681,1779465599.999,0.1487,0.14844,12.0,26.041666666666668,-0.045533512665323767,BE_STOP
reset12,closed-230,ZEN/USDT,1779278568.483516,1779465599.999,6.3773,6.3128,12.0,39.06250000000001,-0.3950780502720575,BE_STOP
reset12,closed-218,KAITO/USDT,1779034109.0460885,1779479999.999,0.49811,0.48806,12.0,13.020833333333334,-0.2627118006062919,BE_STOP
reset12,closed-235,SPX/USDT,1779264730.7604845,1779479999.999,0.37281,0.3638,12.0,26.041666666666668,-0.6293699650402758,BE_STOP
reset12,closed-220,HYPER/USDT,1779088126.5799108,1779479999.999,0.11488,0.10663,12.0,13.020833333333334,-0.9350789954735377,BE_STOP
reset12,closed-234,SUI/USDT,1779322474.7654321,1779479999.999,1.0845,1.0556,12.0,26.041666666666668,-0.6939641924081734,BE_STOP
reset12,closed-224,COMP/USDT,1778687733.3699238,1779494399.999,22.617,19.647,12.0,13.020833333333334,-1.709858734580184,STOP_LOSS
reset12,closed-242,SUPER/USDT,1779226254.6535099,1779494399.999,0.11049,0.10977,12.0,13.020833333333334,-0.08484930762964975,BE_STOP
reset12,closed-209,AIXBT/USDT,1778976126.813539,1779523199.999,0.032229,0.027599,12.0,26.041666666666668,-3.741131175856114,STOP_LOSS
reset12,closed-237,MON/USDT,1779394866.682503,1779523199.999,0.029253,0.025078,12.0,26.041666666666668,-3.7166772068961595,STOP_LOSS
reset12,closed-213,TURBO/USDT,1778860958.2029781,1779523199.999,0.001227,0.001073,12.0,26.041666666666668,-3.268473240967129,STOP_LOSS
reset12,closed-248,TIA/USDT,1779293748.480091,1779523199.999,0.4083,0.4001,12.0,26.041666666666668,-0.523001877704302,BE_STOP
reset12,closed-216,DOGE/USDT,1777867939.9468355,1779523199.999,0.11303,0.098856,12.0,39.06250000000001,-4.898450632575425,STOP_LOSS
reset12,closed-247,STX/USDT,1779046368.1057413,1779523199.999,0.2392,0.23439,12.0,13.020833333333334,-0.2618319746376822,BE_STOP
reset12,closed-203,LINK/USDT,1778301053.3965695,1779523199.999,10.541,9.1207,12.0,39.06250000000001,-5.263302224646624,STOP_LOSS
reset12,closed-249,MANTA/USDT,1779380668.1599226,1779523199.999,0.07492,0.07437,12.0,26.041666666666668,-0.19117614344189154,BE_STOP
reset12,closed-250,POLYX/USDT,1779371457.0499516,1779537599.999,0.052928,0.052468,12.0,26.041666666666668,-0.22632947904071068,BE_STOP
reset12,closed-257,GMT/USDT,1779518426.2256098,1779537599.999,0.012264,0.012084,12.0,13.020833333333334,-0.19110812133072588,BE_STOP
reset12,closed-264,VVV/USDT,1779667493.865621,1779839999.999,19.117,16.704,12.0,26.041666666666668,-3.2870503565761724,STOP_LOSS
reset12,closed-267,GMT/USDT,1779605711.4328637,1779868799.999,0.011883,0.010424,12.0,13.020833333333334,-1.5987036803276389,STOP_LOSS
reset12,closed-182,ETC/USDT,1778257707.5379243,1779883199.999,9.7875,8.5472,12.0,39.06250000000001,-4.9501117496807145,STOP_LOSS
reset12,closed-236,VIRTUAL/USDT,1779423653.5368202,1779926399.999,0.76334,0.7446,12.0,26.041666666666668,-0.6393230190129338,BE_STOP
reset12,closed-261,SUPER/USDT,1779583775.0115345,1779926399.999,0.12944,0.11317,12.0,13.020833333333334,-1.636657589101771,STOP_LOSS
reset12,closed-243,FLOKI/USDT,1778990618.0513735,1779940799.999,0.031644,0.027419,12.0,26.041666666666668,-3.4769953756372987,STOP_LOSS
reset12,closed-284,AERO/USDT,1779087736.1520138,1779940799.999,0.40568,0.40159,12.0,7.812500000000001,-0.07876435860776962,BE_STOP
reset12,closed-293,WIF/USDT,1776931487.6728902,1779940799.999,0.1803,0.17857,12.0,13.020833333333334,-0.124936448511739,BE_STOP
reset12,closed-215,FIL/USDT,1778823647.6918747,1779940799.999,1.02,0.98507,12.0,52.083333333333336,-1.783598856209152,BE_STOP
reset12,closed-240,AR/USDT,1779293670.9670963,1779940799.999,2.2377,2.1268,12.0,26.041666666666668,-1.2906202052702926,BE_STOP
reset12,closed-286,ICP/USDT,1779739725.2246745,1779940799.999,2.732,2.7201,12.0,26.041666666666668,-0.11343185700341853,BE_STOP
reset12,closed-217,W/USDT,1778868687.5313115,1779940799.999,0.01318,0.01142,12.0,13.020833333333334,-1.738745574102176,STOP_LOSS
reset12,closed-277,EIGEN/USDT,1779725268.386489,1779940799.999,0.2548,0.2191,12.0,26.041666666666668,-3.6486950549450596,STOP_LOSS
reset12,closed-265,GMX/USDT,1779379343.8030367,1779955199.999,6.98,6.1244,12.0,39.06250000000001,-4.788234240687682,STOP_LOSS
reset12,closed-256,BCH/USDT,1779084611.2709715,1779955199.999,374.73,326.49,12.0,13.020833333333334,-1.6762068689456406,STOP_LOSS
reset12,closed-298,DASH/USDT,1777814320.8284965,1779969599.999,39.231,38.925,12.0,26.041666666666668,-0.20312380515409162,BE_STOP
reset12,closed-188,XMR/USDT,1778616171.6672418,1779983999.999,410.28,354.93,12.0,52.083333333333336,-7.026451447791748,STOP_LOSS
reset12,closed-301,PENDLE/USDT,1777622677.5949273,1779983999.999,1.5087,1.4862,12.0,39.06250000000001,-0.582558659773312,BE_STOP
reset12,closed-255,ZORA/USDT,1779272556.200639,1779983999.999,0.011136,0.009634,12.0,7.812500000000001,-1.0537333872126433,STOP_LOSS
reset12,closed-306,HEMI/USDT,1780082379.7867532,1780142399.999,0.007892,0.006816,12.0,13.020833333333334,-1.7752682040885288,STOP_LOSS
reset12,closed-304,TIA/USDT,1779659304.3443706,1780214399.999,0.4042,0.3989,12.0,26.041666666666668,-0.3414666831601532,BE_STOP
reset12,closed-305,AR/USDT,1779998601.8490114,1780214399.999,2.2595,2.2466,12.0,26.041666666666668,-0.14867780482407875,BE_STOP
reset12,closed-311,ASTER/USDT,1779697110.1054738,1780257599.999,0.7173,0.71615,12.0,26.041666666666668,-0.04175089455829967,BE_STOP
reset12,closed-314,BNB/USDT,1780156970.2760699,1780300799.999,695.81,685.9,12.0,26.041666666666668,-0.3708956707530308,BE_STOP
reset12,closed-290,BTC/USDT,1776873742.6110334,1780401599.999,79309.8,69452.0,12.0,39.06250000000001,-4.855267728578312,STOP_LOSS
reset12,closed-292,POLYX/USDT,1779883352.465367,1780415999.999,0.0529,0.044766,12.0,26.041666666666668,-4.004213925645874,STOP_LOSS
reset12,closed-313,CC/USDT,1779293670.9882667,1780415999.999,0.15269,0.1518,12.0,26.041666666666668,-0.15179175671840503,BE_STOP
reset12,closed-329,WIF/USDT,1779989545.0272965,1780415999.999,0.18,0.17829,12.0,13.020833333333334,-0.12369791666666606,BE_STOP
reset12,closed-315,XMR/USDT,1780142639.0777988,1780415999.999,390.32,339.92,12.0,26.041666666666668,-3.362625538020084,STOP_LOSS
reset12,closed-324,JUP/USDT,1780315286.9960775,1780415999.999,0.1959,0.19388,12.0,26.041666666666668,-0.2685256083035549,BE_STOP
reset12,closed-285,ZEN/USDT,1779739802.556133,1780415999.999,6.2987,5.4177,12.0,26.041666666666668,-3.6424513523954705,STOP_LOSS
reset12,closed-307,HBAR/USDT,1780099864.263912,1780415999.999,0.10104,0.088384,12.0,26.041666666666668,-3.2619094747954613,STOP_LOSS
reset12,closed-275,ALGO/USDT,1779249645.582131,1780430399.999,0.11575,0.11482,12.0,52.083333333333336,-0.41846652267818363,BE_STOP
reset12,closed-319,CAKE/USDT,1780200315.0915463,1780430399.999,1.5459,1.3457,12.0,26.041666666666668,-3.3724960648597384,STOP_LOSS
reset12,closed-326,EIGEN/USDT,1780372879.4081883,1780430399.999,0.2323,0.2031,12.0,26.041666666666668,-3.2734251686038163,STOP_LOSS
reset12,closed-332,APT/USDT,1775674070.2227201,1780444799.999,0.84,0.8238,12.0,26.881720430107528,-0.5184331797235011,BE_STOP
reset12,closed-322,MON/USDT,1779986104.197807,1780444799.999,0.0233,0.020461,12.0,7.812500000000001,-0.9519179184549363,STOP_LOSS
reset12,closed-296,TRB/USDT,1779278568.4669595,1780444799.999,17.54,15.418,12.0,39.06250000000001,-4.725805302166478,STOP_LOSS
reset12,closed-294,MINA/USDT,1779048867.2561538,1780444799.999,0.059114,0.051868,12.0,13.020833333333334,-1.5960509918688197,STOP_LOSS
reset12,closed-289,AIXBT/USDT,1779917961.0039396,1780459199.999,0.0295,0.025345,12.0,26.041666666666668,-3.66790254237288,STOP_LOSS
reset12,closed-330,GMX/USDT,1780344359.7110274,1780459199.999,6.92,6.08,12.0,26.041666666666668,-3.161127167630058,STOP_LOSS
reset12,closed-333,BCH/USDT,1779990796.1670983,1780459199.999,303.05,247.01,12.0,13.020833333333334,-2.4078122422042574,STOP_LOSS
reset12,closed-297,ACE/USDT,1779055755.161081,1780545599.999,0.1173,0.1028,12.0,7.812500000000001,-0.9657395566922421,STOP_LOSS
reset12,closed-335,TIA/USDT,1780294463.4956298,1780559999.999,0.3878,0.3407,12.0,26.041666666666668,-3.1628739040742646,STOP_LOSS
reset12,closed-336,HYPER/USDT,1780220301.9767911,1780559999.999,0.0911,0.079581,12.0,13.020833333333334,-1.646399332235638,STOP_LOSS
reset12,closed-343,FIL/USDT,1780435849.7055304,1780559999.999,0.884,0.85031,12.0,13.020833333333334,-0.4962351527149324,BE_STOP
reset12,closed-773,OP/USDT,1779305847.0323625,1780559999.999,0.12892,0.10769,12.0,13.020833333333334,-2.144215728100115,STOP_LOSS
reset12,closed-310,FLOKI/USDT,1780128613.9591773,1780574399.999,0.028004,0.024634,12.0,13.020833333333334,-1.5669264509831933,STOP_LOSS
reset12,closed-341,DASH/USDT,1780315286.9651337,1780617599.999,39.268,34.199,12.0,26.041666666666668,-3.361648373569661,STOP_LOSS
reset12,closed-352,VVV/USDT,1780000793.4626982,1780631999.999,16.281,15.838,12.0,13.020833333333334,-0.3542920684642629,BE_STOP
reset12,closed-355,MORPHO/USDT,1779221028.0415614,1780631999.999,1.782,1.7439,12.0,26.041666666666668,-0.5567831088664424,BE_STOP
reset12,closed-350,RENDER/USDT,1779495840.1183226,1780631999.999,1.8391,1.7703,12.0,26.041666666666668,-0.9742083990357606,BE_STOP
reset12,closed-353,ZORA/USDT,1780140918.1112487,1780631999.999,0.010075,0.009569,12.0,13.020833333333334,-0.6539495450785789,BE_STOP
reset12,closed-367,ZEC/USDT,1776809046.3825746,1780646399.999,310.24,308.44,12.0,7.812500000000001,-0.04532781072717936,BE_STOP
reset12,closed-359,AR/USDT,1780565512.3713336,1780646399.999,2.239,2.1841,12.0,26.041659733333336,-0.6385382400000004,BE_STOP
reset12,closed-358,ALGO/USDT,1780520219.971721,1780660799.999,0.1055,0.092409,12.0,13.020833333333334,-1.6156941153238544,STOP_LOSS
reset12,closed-366,GRASS/USDT,1779336374.1308303,1780660799.999,0.33487,0.33414,12.0,26.041666666666668,-0.05676954240949166,BE_STOP
reset12,closed-351,ICP/USDT,1780560231.4405499,1780660799.999,2.727,2.3899,12.0,26.041666666666668,-3.219158721427699,STOP_LOSS
reset12,closed-374,FET/USDT,1779112283.5234506,1780689599.999,0.1921,0.19085,12.0,13.020833333333334,-0.08472692174214756,BE_STOP
reset12,closed-360,COMP/USDT,1779998601.883189,1780718399.999,17.835,15.659,12.0,13.020833333333334,-1.5886365760209327,STOP_LOSS
reset12,closed-362,MON/USDT,1780596630.5717359,1780718399.999,0.020465,0.020405,12.0,7.812500000000001,-0.0229049596872713,BE_STOP
reset12,closed-377,ZEC/USDT,1780698411.3956475,1780718399.999,368.73,362.93,12.0,7.812500000000001,-0.12288802104520968,BE_STOP
reset12,closed-384,PURR/USDT,1779048317.5804737,1780747199.999,0.074363,0.089688,12.0,13.020833333333337,2.6833811281596143,RISK_OFF
reset12,closed-381,INJ/USDT,1777737646.3004081,1780747199.999,3.8554,5.2001,12.0,39.0625,13.624356422161123,RISK_OFF
reset12,closed-383,ONDO/USDT,1777906945.5523825,1780747199.999,0.31426,0.32349,12.0,39.06250000000001,1.147288471329477,RISK_OFF
reset12,closed-60,STABLE/USDT,1776338349.0425384,1780804799.999,0.025863,0.033585,12.0,15.151515151515152,4.523837141862892,RISK_OFF
reset12,closed-389,ZEC/USDT,1780739715.4776342,1780833599.999,366.09,410.3,12.0,7.812500000000001,0.9434582343139671,RISK_OFF
reset12,closed-388,WLD/USDT,1780805048.8600054,1780833599.999,0.4472,0.43538,12.0,26.041666666666668,-0.6883105992844367,RISK_OFF
reset12,closed-325,MANTA/USDT,1780027266.8163028,1780847999.999,0.08045,0.08018,12.0,26.041666666666668,-0.08739900559353447,BE_STOP
reset12,closed-390,CC/USDT,1780776866.1722734,1780919999.999,0.1598,0.15694,12.0,39.06250000000001,-0.6991160826032556,BE_STOP
reset12,closed-391,WLD/USDT,1780848740.918154,1780963199.999,0.5021,0.49701,12.0,7.812500000000001,-0.07919861581358237,BE_STOP
reset12,closed-392,JTO/USDT,1780862572.580509,1780963199.999,0.6002,0.59869,12.0,26.041666666666668,-0.06551635565922125,BE_STOP
reset12,closed-405,INJ/USDT,1780848740.8612041,1781078399.999,5.323,5.2575,12.0,13.020833333333334,-0.16022254054731042,BE_STOP
reset12,closed-406,VVV/USDT,1780992237.9547663,1781092799.999,15.906,13.386,12.0,26.041666666666668,-4.12580158430781,STOP_LOSS
reset12,closed-393,ZEC/USDT,1780848740.9524384,1781092799.999,421.07,413.8,12.0,7.8125,-0.13488701403567038,BE_STOP
reset12,closed-380,PAXG/USDT,1774987196.2754548,1781121599.999,4679.4,4085.5,12.0,111.11111111111111,-14.101997881969666,STOP_LOSS
reset12,closed-404,PURR/USDT,1780977750.5072625,1781135999.999,0.093406,0.081231,12.0,26.041666666666668,-3.394399628146658,STOP_LOSS
reset12,closed-402,MORPHO/USDT,1781007012.335147,1781193599.999,1.972,1.9147,12.0,26.041666666666668,-0.7566873732251506,BE_STOP
reset12,closed-414,TRX/USDT,1774195577.9395382,1781207999.999,0.3154,0.31275,12.0,90.0900900900901,-0.7569395648026117,BE_STOP
reset12,closed-394,HMSTR/USDT,1780762485.204381,1781366399.999,0.000182,0.000182,12.0,26.041666666666668,0.0,BE_STOP
reset12,closed-424,TAO/USDT,1781366951.6642995,1781582399.999,264.0,262.79,12.0,13.020833333333334,-0.059678819444443656,BE_STOP
reset12,closed-400,STABLE/USDT,1780848740.8903265,1781683199.999,0.033945,0.033867,12.0,7.812500000000001,-0.01795183384887319,BE_STOP
reset12,closed-397,MON/USDT,1780853431.3468208,1781697599.999,0.022041,0.021798,12.0,7.812500000000001,-0.08613209473254392,BE_STOP
reset12,closed-425,HMSTR/USDT,1781432657.3822312,1781697599.999,0.0001687,0.000168,12.0,7.812500000000001,-0.03241701244813354,BE_STOP
reset12,closed-437,ASTER/USDT,1781698028.55902,1781755199.999,0.702,0.67497,12.0,39.06250000000001,-1.5040731837606856,BE_STOP
reset12,closed-435,JUP/USDT,1781496566.8399804,1781769599.999,0.1868,0.18668,12.0,26.041666666666668,-0.016729122055671754,BE_STOP
reset12,closed-411,ONDO/USDT,1781006521.7861316,1781783999.999,0.3619,0.36145,12.0,26.041666666666668,-0.0323811826471402,BE_STOP
reset12,closed-433,RENDER/USDT,1781525227.2752872,1781798399.999,1.851,1.6245,12.0,26.041666666666668,-3.186622096164234,STOP_LOSS
reset12,closed-439,SPX/USDT,1781581996.958385,1781798399.999,0.3955,0.37704,12.0,13.020833333333334,-0.6077486304256231,BE_STOP
reset12,closed-429,TRUMP/USDT,1781419887.7816548,1781798399.999,2.066,1.8074,12.0,7.812500000000001,-0.9778860116166503,STOP_LOSS
reset12,closed-447,NEO/USDT,1780877013.1042066,1781798399.999,2.172,2.1543,12.0,13.020833333333334,-0.10610900092081037,BE_STOP
reset12,closed-431,UNI/USDT,1781669798.6692238,1781798399.999,3.502,3.0171,12.0,26.041666666666668,-3.6058264325147515,STOP_LOSS
reset12,closed-445,GMT/USDT,1780849284.8957825,1781798399.999,0.007873,0.007714,12.0,7.8125,-0.15777816588339807,BE_STOP
reset12,closed-436,XPL/USDT,1781714241.8100111,1781798399.999,0.1174,0.098349,12.0,26.041666666666668,-4.225892603634297,STOP_LOSS
reset12,closed-412,ALGO/USDT,1780817866.7060897,1781841599.999,0.0957,0.094905,12.0,7.812500000000001,-0.06490007836990487,BE_STOP
reset12,closed-444,BRETT/USDT,1781484103.0187473,1781899199.999,0.006592,0.005716,12.0,13.020833333333334,-1.7303170509708734,STOP_LOSS
reset12,closed-457,ACE/USDT,1781987683.2156267,1782043199.999,0.0883,0.0873,12.0,7.8127840000000015,-0.08847999999999986,BE_STOP
reset12,closed-456,TNSR/USDT,1782024916.566551,1782057599.999,0.0475,0.04332,12.0,7.812500000000001,-0.6875000000000007,BE_STOP
reset12,closed-462,RESOLV/USDT,1782055831.1045032,1782086399.999,0.0213,0.020834,12.0,13.020832000000002,-0.28486890666666786,BE_STOP
reset12,closed-466,ANIME/USDT,1781938266.5400033,1782158399.999,0.00316,0.002765,12.0,7.812500000000001,-0.9765625000000001,STOP_LOSS
reset12,closed-398,KAITO/USDT,1780628100.6967885,1782201599.999,0.4565,0.44614,12.0,26.041666666666668,-0.5910003650967521,BE_STOP
reset12,closed-378,FLOKI/USDT,1780621776.44543,1782201599.999,2.466e-05,2.4295e-05,12.0,13.020833333333334,-0.1927252297918355,BE_STOP
reset12,closed-443,PENDLE/USDT,1781669798.6333141,1782230399.999,1.489,1.2998,12.0,26.041666666666668,-3.3089881352137893,STOP_LOSS
reset12,closed-452,ADA/USDT,1781648169.7057853,1782230399.999,0.1736,0.15088,12.0,7.812500000000001,-1.0224654377880196,STOP_LOSS
reset12,closed-469,HMSTR/USDT,1782129819.8315377,1782259199.999,0.0001873,0.000164,12.0,26.041666666666668,-3.239566648869906,STOP_LOSS
reset12,closed-478,GMX/USDT,1781067878.30476,1782273599.999,5.5,5.485,12.0,13.020833333333334,-0.03551136363636315,BE_STOP
reset12,closed-481,VVV/USDT,1782213327.6637526,1782316799.999,13.217,12.732,12.0,26.041666666666668,-0.9556032634738115,BE_STOP
reset12,closed-488,FIL/USDT,1781137083.6482263,1782316799.999,0.74,0.73798,12.0,13.020833333333334,-0.035543355855855926,BE_STOP
reset12,closed-474,MNT/USDT,1780725060.4331667,1782316799.999,0.513,0.50298,12.0,7.811280000000001,-0.15257120000000007,BE_STOP
reset12,closed-484,BONK/USDT,1780804971.9607763,1782316799.999,4.3e-06,4.191e-06,12.0,7.812500000000001,-0.19803779069767477,BE_STOP
reset12,closed-430,TIA/USDT,1781655383.7623835,1782331199.999,0.4013,0.34968,12.0,26.041666666666668,-3.3497902649721736,STOP_LOSS
reset12,closed-399,HYPER/USDT,1780884799.3267574,1782331199.999,0.0719,0.071794,12.0,13.020833333333334,-0.019196221604080833,BE_STOP
reset12,closed-440,DASH/USDT,1781511128.6411324,1782331199.999,38.87,32.593,12.0,26.041666666666668,-4.20539083269016,STOP_LOSS
reset12,closed-432,EIGEN/USDT,1781539897.3976665,1782331199.999,0.2247,0.2234,12.0,26.041666666666668,-0.15066384809375838,BE_STOP
reset12,closed-494,SNX/USDT,1782302805.6669137,1782403199.999,0.232,0.20212,12.0,13.020833333333334,-1.676993534482759,STOP_LOSS
reset12,closed-489,TNSR/USDT,1782292564.161693,1782547199.999,0.0373,0.03709,12.0,7.812500000000001,-0.04398458445040253,BE_STOP
reset12,closed-509,GMX/USDT,1782388577.929521,1782604799.999,5.42,5.4065,12.0,7.812388000000002,-0.019458899999999092,BE_STOP
reset12,closed-499,XLM/USDT,1779930313.5068414,1782619199.999,0.17359,0.17347,12.0,52.083333333333336,-0.03600437813237647,BE_STOP
reset12,closed-514,ZORA/USDT,1782449237.0781515,1782734399.999,0.007257,0.007235,12.0,7.812500000000001,-0.02368402921317393,BE_STOP
reset12,closed-517,EIGEN/USDT,1782619330.2867289,1782791999.999,0.2443,0.2145,12.0,26.041666666666668,-3.176592986764906,STOP_LOSS
reset12,closed-522,POLYX/USDT,1782667354.2106571,1782820799.999,0.0356,0.03521,12.0,13.020833333333334,-0.14264396067415788,BE_STOP
reset12,closed-525,TRX/USDT,1781222789.8279817,1782849599.999,0.3163,0.31482,12.0,13.02101666666667,-0.060926666666668246,BE_STOP
reset12,closed-519,ANIME/USDT,1782725422.1525645,1782863999.999,0.003,0.00263,12.0,13.020833333333334,-1.6059027777777788,STOP_LOSS
reset12,closed-520,MANTA/USDT,1782775525.6080556,1782892799.999,0.07311,0.06115,12.0,13.020833333333334,-2.13006656636119,STOP_LOSS
reset12,closed-531,WLD/USDT,1782734736.8752205,1782935999.999,0.4291,0.3612,12.0,26.041666666666668,-4.120785753126697,STOP_LOSS
reset12,closed-479,DYDX/USDT,1782244900.9432364,1782950399.999,0.14497,0.1435,12.0,26.041666666666668,-0.26406325446644113,BE_STOP
reset12,closed-523,AAVE/USDT,1782518977.869402,1782950399.999,95.72,83.204,12.0,39.0625,-5.107670810697872,STOP_LOSS
reset12,closed-540,TRUMP/USDT,1782472045.1479235,1783310399.999,1.685,1.6709,12.0,7.812500000000001,-0.06537462908011872,BE_STOP
reset12,closed-521,HYPER/USDT,1782803358.4710279,1783454399.999,0.0815,0.070917,12.0,13.020833333333334,-1.6907911554192248,STOP_LOSS
reset12,closed-546,MINA/USDT,1783328794.9097502,1783454399.999,0.0482,0.047161,12.0,13.020748000000001,-0.2806754600000002,BE_STOP
reset12,closed-513,MNT/USDT,1782443601.6444745,1783454399.999,0.4252,0.42291,12.0,13.020833333333334,-0.07012631310755804,BE_STOP
reset12,closed-544,VVV/USDT,1783210498.5423172,1783468799.999,11.951,10.49,12.0,13.020833333333334,-1.5917862521964687,STOP_LOSS
reset12,closed-545,WLD/USDT,1783008724.4264107,1783468799.999,0.3884,0.38072,12.0,13.020833333333334,-0.25746652935118547,BE_STOP
reset12,closed-538,XPL/USDT,1783181278.1669436,1783468799.999,0.11306,0.098894,12.0,26.041666666666668,-3.2629245533345124,STOP_LOSS
reset12,closed-551,GRASS/USDT,1781165621.0111458,1783497599.999,0.35831,0.35778,12.0,26.041666666666668,-0.038519950136291,BE_STOP
reset12,closed-555,PURR/USDT,1782763582.1987953,1783526399.999,0.09019,0.089669,12.0,26.041666666666668,-0.15043473038400582,BE_STOP
reset12,closed-553,XLM/USDT,1782792163.6886702,1783526399.999,0.1834,0.18035,12.0,26.041666666666668,-0.4330811523082518,BE_STOP
reset12,closed-541,TRB/USDT,1783282670.9326565,1783641599.999,17.64,15.499,12.0,26.041666666666668,-3.1607260959939527,STOP_LOSS
reset12,closed-550,EIGEN/USDT,1783195415.784594,1783641599.999,0.2375,0.235,12.0,26.041666666666668,-0.2741228070175447,BE_STOP
reset12,closed-515,TNSR/USDT,1782576273.5325296,1783828799.999,0.0364,0.03184,12.0,13.020833333333334,-1.6311813186813187,STOP_LOSS
reset12,closed-562,ICP/USDT,1781798795.8786416,1783900799.999,2.22,2.2182,12.0,13.020833333333334,-0.010557432432433771,BE_STOP
reset12,closed-549,AAVE/USDT,1783353963.244336,1783915199.999,96.29,95.201,12.0,39.06250000000001,-0.4417806885450259,BE_STOP
reset12,closed-487,SPX/USDT,1782197260.4713876,1783972799.999,0.3602,0.35266,12.0,52.083333333333336,-1.090250786600043,BE_STOP
reset12,closed-564,PENDLE/USDT,1782964954.9500952,1783972799.999,1.473,1.461,12.0,26.041666666666668,-0.2121520706042096,BE_STOP
reset12,closed-527,TIA/USDT,1782734495.152051,1784260799.999,0.3888,0.38023,12.0,26.041666666666668,-0.5740151320301774,BE_STOP
reset12,closed-576,WLD/USDT,1783978344.11361,1784260799.999,0.387,0.38352,12.0,26.041666666666668,-0.23417312661498657,BE_STOP
reset12,closed-572,BONK/USDT,1784095661.7755017,1784275199.999,3.77e-06,3.302e-06,12.0,13.020833333333334,-1.616379310344828,STOP_LOSS
reset12,closed-577,HMSTR/USDT,1782561809.6411333,1784303999.999,0.0001796,0.000178,12.0,26.041666666666668,-0.23199703043801206,BE_STOP
reset12,closed-566,GRASS/USDT,1783857784.7628722,1784390399.999,0.4004,0.34968,12.0,26.041666666666668,-3.2987845487845484,STOP_LOSS
reset12,closed-581,BONK/USDT,1784322295.6699743,1784390399.999,3.15e-06,2.7430000000000002e-06,12.0,13.020833333333334,-1.6823743386243373,STOP_LOSS
reset12,closed-497,FLOKI/USDT,1782253102.0016835,1784404799.999,2.394e-05,2.0961e-05,12.0,7.812500000000001,-0.9721569548872181,STOP_LOSS
reset12,closed-582,ACE/USDT,1784391140.54845,1784419199.999,0.0728,0.0631,12.0,7.812500000000001,-1.040951236263736,STOP_LOSS
reset12,closed-573,SPX/USDT,1784088051.9300985,1784534399.999,0.3856,0.33769,12.0,26.041666666666668,-3.2356230549792535,STOP_LOSS
reset12,closed-542,MORPHO/USDT,1782777709.8485007,1784735999.999,1.889,1.8501,12.0,39.06250000000001,-0.8044104023292735,BE_STOP
reset12,closed-587,MNT/USDT,1783526333.6290555,1784822399.999,0.4127,0.4088,12.0,7.812500000000001,-0.0738278410467655,BE_STOP
reset12,closed-589,JUP/USDT,1781845006.1253214,1784836799.999,0.1866,0.18652,12.0,26.041896,-0.011164800000000082,BE_STOP
reset12,closed-590,GRASS/USDT,1784707267.7851388,1784908799.999,0.38645,0.3371,12.0,13.020833333333334,-1.662771703972053,STOP_LOSS
reset12,closed-585,JTO/USDT,1784620884.6568456,1784908799.999,0.6063,0.58859,12.0,26.041666666666668,-0.7606760954423017,BE_STOP
reset12,closed-575,EIGEN/USDT,1783972876.986496,1784923199.999,0.239,0.2074,12.0,26.041666666666668,-3.443165969316597,STOP_LOSS
reset12,closed-599,PUMP/USDT,1784491398.7413979,1784980799.999,0.001787,0.00177,12.0,26.041666666666668,-0.247738295094197,BE_STOP
reset12,closed-510,INJ/USDT,1782547497.3253458,1785009599.999,5.051,5.0456,12.0,26.041666666666668,-0.027841021579885543,BE_STOP
reset12,closed-588,WLD/USDT,1784563727.2436152,1785196799.999,0.3744,0.32699,12.0,26.040768000000003,-3.2975235333333353,STOP_LOSS
reset12,closed-592,SPX/USDT,1784693278.8365808,1785196799.999,0.3687,0.31972,12.0,26.041666666666668,-3.459508633939067,STOP_LOSS
reset12,closed-603,POLYX/USDT,1784722098.1613133,1785297599.999,0.038,0.032727,12.0,13.020833333333334,-1.8068119517543857,STOP_LOSS
reset12,closed-613,GMX/USDT,1784405001.5358257,1785398399.999,6.47,6.4693,12.0,26.041666666666668,-0.002817490984029341,BE_STOP
reset12,closed-616,AAVE/USDT,1785359597.9603548,1785542399.999,94.75,93.666,12.0,26.041666666666668,-0.29793315743183807,BE_STOP
reset12,closed-617,LDO/USDT,1784088212.0616543,1785571199.999,0.3356,0.33253,12.0,39.06250000000001,-0.35733574195471157,BE_STOP
reset12,closed-593,VVV/USDT,1784361783.1890852,1785614399.999,11.686,11.615,12.0,13.0205412,-0.07910819999999913,BE_STOP
reset12,closed-600,TNSR/USDT,1784881629.385052,1785657599.999,0.0339,0.02982,12.0,13.020833333333334,-1.5671091445427736,STOP_LOSS
reset12,closed-607,NEO/USDT,1784430110.1912744,1785729599.999,2.054,1.8049,12.0,13.020833333333334,-1.5791088526452441,STOP_LOSS
reset12,closed-621,INJ/USDT,1785556959.1757183,1785902399.999,4.844,4.8169,12.0,52.083333333333336,-0.2913828103495719,BE_STOP
reset12,closed-586,XLM/USDT,1783843469.8249702,1785988799.999,0.1855,0.16168,12.0,26.04172666666667,-3.3440104,STOP_LOSS
reset12,closed-597,STX/USDT,1784867931.568794,1786046399.999,0.1484,0.12978,12.0,13.020833333333334,-1.6337460691823904,STOP_LOSS
reset12,closed-623,HMSTR/USDT,1785960268.6308312,1786334399.999,0.0001961,0.000195,12.0,13.020833333333334,-0.07303884072751952,BE_STOP
reset12,closed-630,GRIFFAIN/USDT,1786305971.8689485,1786377599.999,0.011439,0.01113,12.0,39.06250000000001,-1.0551894833464452,BE_STOP
reset12,closed-624,JUP/USDT,1785369741.2278616,1786521599.999,0.1981,0.17418,12.0,26.041666666666668,-3.1444556621235074,STOP_LOSS
reset12,closed-633,SNX/USDT,1782439840.2201767,1786521599.999,0.2,0.19918,12.0,13.021333333333335,-0.05338746666666802,BE_STOP
reset12,closed-634,KAITO/USDT,1782489700.1778343,1786535999.999,0.5354,0.49282,12.0,26.041666666666668,-2.0710761424480153,BE_STOP
reset12,closed-570,ONDO/USDT,1782964954.9056075,1786564799.999,0.3326,0.3306,12.0,39.06250000000001,-0.23489176187612917,BE_STOP
reset12,closed-645,UNI/USDT,1783541496.437711,1786708799.999,3.312,3.2008,12.0,39.06250000000001,-1.3115187198067597,BE_STOP
reset12,closed-648,KAITO/USDT,1786684508.3852868,1786852799.999,0.4135,0.35063,12.0,7.812500000000001,-1.187840084643289,STOP_LOSS
reset12,closed-650,HEMI/USDT,1786853877.180719,1786881599.999,0.007899,0.006649,12.0,39.06250000000001,-6.1815577921255835,STOP_LOSS
reset12,closed-646,INJ/USDT,1786594563.1878557,1786881599.999,4.677,4.1024,12.0,39.06250000000001,-4.79908327988026,STOP_LOSS
reset12,closed-656,JTO/USDT,1786348922.4082553,1787068799.999,0.5649,0.55795,12.0,26.041666666666668,-0.320392252316044,BE_STOP
reset12,closed-654,WLD/USDT,1786930216.0583718,1787097599.999,0.36777,0.31986,12.0,52.083333333333336,-6.784981102319383,STOP_LOSS
reset12,closed-655,GMX/USDT,1786075388.889229,1787126399.999,6.46,6.4531,12.0,39.06250000000001,-0.04172310371516886,BE_STOP
reset12,closed-649,STABLE/USDT,1786183822.3444536,1787155199.999,0.03279,0.02823,12.0,13.020833333333334,-1.8107654772796578,STOP_LOSS
reset12,closed-671,TAO/USDT,1787355248.0483787,1787385599.999,233.0,229.21,12.0,39.06250000000001,-0.6353943133047183,BE_STOP
reset12,closed-670,ICP/USDT,1787316031.7026362,1787385599.999,2.4679,2.4618,12.0,39.0625,-0.09655223064143452,BE_STOP
reset12,closed-710,ETC/USDT,1787355247.9277246,1787385599.999,8.298,8.2239,12.0,39.06250000000001,-0.3488227584960225,BE_STOP
reset12,closed-673,WLFI/USDT,1787375150.3591092,1787385599.999,0.0719,0.060126,12.0,39.06250000000001,-6.39668810848401,STOP_LOSS
reset12,closed-675,ZEN/USDT,1787355248.110739,1787399999.999,5.3395,5.2021,12.0,39.06250000000001,-1.0051854106189753,BE_STOP
reset12,closed-679,HMSTR/USDT,1787316031.6526325,1787399999.999,0.000192,0.000191,12.0,39.06252800000001,-0.20345066666666814,BE_STOP
reset12,closed-664,SUI/USDT,1787355247.5039132,1787399999.999,0.85385,0.83049,12.0,39.06250000000001,-1.0686888797798237,BE_STOP
reset12,closed-678,ASTER/USDT,1787217826.342816,1787399999.999,0.67359,0.66153,12.0,26.041666666666668,-0.46625172582728575,BE_STOP
reset12,closed-668,EIGEN/USDT,1787335674.933256,1787399999.999,0.2159,0.2114,12.0,26.041666666666668,-0.5427860120426135,BE_STOP
reset12,closed-681,TIA/USDT,1787316031.8481514,1787414399.999,0.3764,0.37512,12.0,39.0625,-0.13283740701381525,BE_STOP
reset12,closed-662,KAITO/USDT,1787221072.8077412,1787443199.999,0.34704,0.34677,12.0,7.812500000000001,-0.0060781898340248755,BE_STOP
reset12,closed-677,TNSR/USDT,1787375150.3003032,1787457599.999,0.0384,0.03331,12.0,39.0625,-5.1778157552083295,STOP_LOSS
reset12,closed-672,TURBO/USDT,1787306088.5451221,1787457599.999,0.001081,0.000927,12.0,26.041666666666668,-3.70991366019118,STOP_LOSS
reset12,closed-676,FIL/USDT,1787375150.025655,1787457599.999,0.85667,0.74463,12.0,26.041666666666668,-3.405871961587699,STOP_LOSS
reset12,closed-682,ARB/USDT,1787316031.607199,1787457599.999,0.09681,0.0959,12.0,26.041666666666668,-0.2447879006989631,BE_STOP
reset12,closed-692,ZRO/USDT,1787437410.9899712,1787543999.999,1.181,1.165,12.0,39.06250000000001,-0.5292125317527507,BE_STOP
reset12,closed-674,XPL/USDT,1787316031.9495687,1787543999.999,0.10111,0.098524,12.0,39.06250000000001,-0.9990666106220963,BE_STOP
reset12,closed-657,HEMI/USDT,1786987757.442123,1787687999.999,0.007213,0.007118,12.0,39.06250000000001,-0.5144790655760421,BE_STOP
reset12,closed-695,GRASS/USDT,1787559050.7811475,1787702399.999,0.3778,0.32879,12.0,39.0625,-5.067371956061408,STOP_LOSS
reset12,closed-709,DASH/USDT,1787348509.3227394,1787702399.999,38.079,37.881,12.0,39.06250000000001,-0.20311392105885379,BE_STOP
reset12,closed-680,KAS/USDT,1787375150.0972967,1787702399.999,0.031633,0.027705,12.0,39.06250000000001,-4.850551639111056,STOP_LOSS
reset12,closed-707,LTC/USDT,1787316031.752325,1787702399.999,50.44,49.942,12.0,39.06250000000001,-0.3856686161776355,BE_STOP
reset12,closed-659,XLM/USDT,1787237441.916199,1787759999.999,0.1809,0.17915,12.0,13.020833333333334,-0.12596162704993566,BE_STOP
reset12,closed-619,HYPER/USDT,1785631351.6740508,1787774399.999,0.0644,0.064242,12.0,7.812500000000001,-0.019167313664596525,BE_STOP
reset12,closed-720,JTO/USDT,1787647630.5436575,1787889599.999,0.56107,0.48355,12.0,13.020833333333334,-1.7990179478496438,STOP_LOSS
reset12,closed-725,COMP/USDT,1787198553.4763155,1787932799.999,18.94,17.867,12.0,39.06250000000001,-2.2129916842661026,BE_STOP
reset12,closed-724,SYRUP/USDT,1787296143.531936,1787932799.999,0.183,0.17921,12.0,39.06250000000001,-0.8089993169398862,BE_STOP
reset12,closed-726,STABLE/USDT,1787555196.2889938,1787947199.999,0.029603,0.025735,12.0,13.020833333333334,-1.7013337612178951,STOP_LOSS
reset12,closed-665,ALGO/USDT,1787355247.8064127,1787975999.999,0.097594,0.085702,12.0,39.06250000000001,-4.759834108654222,STOP_LOSS
reset12,closed-686,AR/USDT,1787276574.8004525,1787975999.999,2.062,2.0616,12.0,39.06250000000001,-0.007577594568377971,BE_STOP
reset12,closed-723,TURBO/USDT,1787691612.4212477,1788134399.999,0.000987,0.000936,12.0,39.06250000000001,-2.0184270516717366,BE_STOP
reset12,closed-690,WLD/USDT,1787276574.9872198,1788134399.999,0.371,0.36171,12.0,52.083333333333336,-1.3041891284815839,BE_STOP
reset12,closed-736,ONDO/USDT,1787179310.9892206,1788134399.999,0.34686,0.34392,12.0,26.041666666666668,-0.220730265813295,BE_STOP
reset12,closed-718,ARB/USDT,1787603982.510226,1788134399.999,0.09665,0.08428,12.0,26.041666666666668,-3.3330100017244364,STOP_LOSS
reset12,closed-719,EIGEN/USDT,1787653734.2918935,1788134399.999,0.2152,0.1844,12.0,26.041666666666668,-3.727153035935563,STOP_LOSS
reset12,closed-742,ZORA/USDT,1788143655.4969327,1788235199.999,0.008656,0.008528,12.0,13.020833333333334,-0.19254467036352388,BE_STOP
reset12,closed-641,GRIFFAIN/USDT,1786463111.6804478,1788249599.999,0.011284,0.011137,12.0,52.083333333333336,-0.6785049627791642,BE_STOP
reset12,closed-746,TRX/USDT,1783267758.6527386,1788263999.999,0.3298,0.32827,12.0,26.041666666666668,-0.12081185567009978,BE_STOP
reset12,closed-745,PAXG/USDT,1786392464.4821825,1788263999.999,4379.06,4379.0,12.0,26.041666666666668,-0.00035681173585500514,BE_STOP
reset12,closed-740,TAO/USDT,1787692577.2622232,1788292799.999,225.9,222.49,12.0,52.083333333333336,-0.7862070237568224,BE_STOP
reset12,closed-747,MON/USDT,1787237121.7899277,1788292799.999,0.02598,0.025924,12.0,52.083333333333336,-0.11226584552219884,BE_STOP
reset12,closed-691,FARTCOIN/USDT,1787257012.0257638,1788307199.999,0.16936,0.16781,12.0,39.06250000000001,-0.35750398559282565,BE_STOP
reset12,closed-667,DOGE/USDT,1787355247.865448,1788350399.999,0.092489,0.08119,12.0,39.06250000000001,-4.772104655688787,STOP_LOSS
reset12,closed-751,GRASS/USDT,1787782118.7022953,1788364799.999,0.37537,0.32519,12.0,39.06250000000001,-5.2219310280523255,STOP_LOSS
reset12,closed-754,ENS/USDT,1787330533.7404306,1788364799.999,5.3742,5.3206,12.0,39.06250000000001,-0.38959286963641526,BE_STOP
reset12,closed-756,INJ/USDT,1787257012.0682034,1788379199.999,4.7554,4.7483,12.0,26.041666666666668,-0.03888123676942454,BE_STOP
reset12,closed-762,ZRO/USDT,1787970773.8208308,1788537599.999,1.0737,1.0551,12.0,52.083333333333336,-0.9022538884232169,BE_STOP
reset12,closed-760,WLD/USDT,1788445106.2243848,1788537599.999,0.3775,0.37526,12.0,39.063700000000004,-0.23179520000000187,BE_STOP
reset12,closed-761,XPL/USDT,1788445106.2824805,1788595199.999,0.0932,0.093129,12.0,26.041666666666668,-0.01983860872675191,BE_STOP
reset12,closed-722,HEMI/USDT,1787861705.5252905,1788767999.999,0.01004,0.008482,12.0,26.041666666666668,-4.041127158034529,STOP_LOSS
reset12,closed-765,FARTCOIN/USDT,1788509300.8572931,1788767999.999,0.17199,0.16999,12.0,26.041666666666668,-0.30282768378006586,BE_STOP
reset12,closed-768,MON/USDT,1788668078.9320529,1788868799.999,0.02559,0.02546,12.0,13.020833333333334,-0.06614725804350777,BE_STOP
atr,closed-1,VVV/USDT,1773376987.682436,1773460799.999,6.363,6.1988,9.489234637749485,200.7287181185824,-5.1798924273253535,BE_STOP
atr,closed-0,TRX/USDT,1773376987.6815863,1773935999.999,0.2896,0.29989,4.0,476.19047619047626,16.91988950276235,NO_LONG
atr,closed-120,VVV/USDT,1773965225.795107,1774324799.999,5.7672,5.616,10.673414184650138,107.0751235814245,-2.8072129777901624,BE_STOP
atr,closed-219,MORPHO/USDT,1774510530.623234,1774569599.999,1.67,1.5566,5.548331907613347,41.666666666666664,-2.8293413173652673,STOP_LOSS
atr,closed-6,PURR/USDT,1774442017.1916852,1774598399.999,0.087222,0.080314,7.134667859026394,166.66666666666666,-13.20003363065893,STOP_LOSS
atr,closed-5,ZRO/USDT,1774441946.5160167,1774627199.999,2.219,2.0187,7.814974570269751,181.8181818181818,-16.41197918800441,STOP_LOSS
atr,closed-2,TAO/USDT,1774441801.607653,1774641599.999,358.03,324.36,10.209838760518872,91.11138578766935,-8.568333266683865,NO_LONG
atr,open-0,HYPE/USDT,1773232095.0530453,1775102399.999,35.49,35.19,6.4440687517610575,454.54545454545456,-3.8423115346192755,BE_STOP
atr,closed-24,POLYX/USDT,1775288053.4456906,1775303999.999,0.0559,0.051916,5.95936621518017,40.32258064516129,-2.873795371919905,STOP_LOSS
atr,closed-20,ALGO/USDT,1775318628.0736766,1775519999.999,0.11886,0.11847,10.371144924400854,62.2073353545247,-0.20411291257163233,BE_STOP
atr,open-3,APE/USDT,1775175276.6262028,1775563199.999,0.0829,0.0829,6.155436843012238,41.666666666666664,0.0,BE_STOP
atr,closed-26,AIXBT/USDT,1775657941.3443787,1775678399.999,0.02726,0.024891,5.505188135415577,40.32258064516129,-3.5041890516649703,STOP_LOSS
atr,closed-4,TNSR/USDT,1775720377.817925,1775807999.999,0.04687,0.04389,4.0,24.193548387096772,-1.5382285938457099,STOP_LOSS
atr,closed-32,RENDER/USDT,1775246608.4542537,1775966399.999,1.9436,1.9263,6.42254432128892,166.66666666666666,-1.4835014063250458,BE_STOP
atr,closed-65,DOT/USDT,1775980972.484268,1776081599.999,1.2249,1.1637,4.0,40.32258064516129,-2.0146476736744847,STOP_LOSS
atr,closed-10,TURBO/USDT,1776366178.3499205,1776412799.999,0.00133,0.001211,6.283566058002144,19.53125,-1.747532894736841,STOP_LOSS
atr,closed-15,ZETA/USDT,1776392430.3794386,1776484799.999,0.06179,0.0574,4.0,19.53125,-1.3876385742029456,STOP_LOSS
atr,closed-49,CAKE/USDT,1776442685.2202237,1776484799.999,1.6391,1.569,4.0,58.59375000000001,-2.5059007229577244,STOP_LOSS
atr,closed-14,LDO/USDT,1776356269.2247193,1776513599.999,0.41589,0.4075,7.230620734191394,58.59374999999999,-1.182047085767875,BE_STOP
atr,closed-31,VIRTUAL/USDT,1776442685.225196,1776513599.999,0.77449,0.71714,6.0249786495444955,58.59375,-4.338792705522348,STOP_LOSS
atr,closed-27,GRASS/USDT,1776338275.5458813,1776527999.999,0.37161,0.33569,7.225316864454677,109.89010989010987,-10.622030481560628,STOP_LOSS
atr,closed-13,MOODENG/USDT,1776370082.2002487,1776527999.999,0.061019,0.055115,9.224293135861664,50.81690196700507,-4.916878172588833,STOP_LOSS
atr,closed-22,ACE/USDT,1776501359.121004,1776527999.999,0.1444,0.1354,10.0811238622873,9.299558390578998,-0.5796123650637887,BE_STOP
atr,closed-46,TAO/USDT,1776441680.2079284,1776542399.999,260.73,245.35,5.852797913550422,78.125,-4.608455106815488,STOP_LOSS
atr,closed-17,ZRO/USDT,1776338966.3650606,1776542399.999,1.9454,1.8336,4.687981906034751,19.53125,-1.122439472602036,STOP_LOSS
atr,closed-8,FET/USDT,1776338275.5433605,1776542399.999,0.2312,0.2185,4.158428077113198,27.47252747252747,-1.5090877980151332,STOP_LOSS
atr,closed-45,ZEC/USDT,1776338419.7554412,1776542399.999,345.78,319.89,7.201523677317533,39.0625,-2.9247733385389525,STOP_LOSS
atr,closed-28,AERO/USDT,1776427632.5067496,1776542399.999,0.41991,0.40542,6.131586020133562,58.59375,-2.021917643066371,BE_STOP
atr,closed-34,KAITO/USDT,1776338275.548521,1776556799.999,0.4499,0.44094,6.848823548090052,54.94505494505494,-1.094260262964422,BE_STOP
atr,closed-9,MON/USDT,1776338349.0392292,1776556799.999,0.035808,0.032415,9.18390144261458,39.59497670010267,-3.7518363478398213,STOP_LOSS
atr,closed-38,PURR/USDT,1776348142.5372531,1776571199.999,0.080033,0.078777,5.878289491299124,78.125,-1.2260567515899774,BE_STOP
atr,closed-16,GRIFFAIN/USDT,1776441680.2020073,1776628799.999,0.01773,0.016627,12.0,26.041666666666668,-1.6200766121451389,BE_STOP
atr,closed-25,TIA/USDT,1776470858.0107574,1776628799.999,0.4314,0.38167,9.78376051394132,47.9110255542393,-5.522984007446271,STOP_LOSS
atr,closed-77,FET/USDT,1776604923.9345534,1776643199.999,0.2205,0.2085,5.043731778425651,19.53125,-1.0629251700680284,STOP_LOSS
atr,closed-37,WLD/USDT,1776474095.795278,1776643199.999,0.28456,0.25866,9.096750873529059,10.305877483443707,-0.9380173841059596,STOP_LOSS
atr,closed-58,COMP/USDT,1776338275.5405662,1776801599.999,22.779,22.659,5.794183866092204,82.41758241758241,-0.4341766491114609,BE_STOP
atr,closed-59,ZEC/USDT,1776618704.6572251,1776801599.999,312.49,308.5,7.1997732498868485,11.71875,-0.1496297881532216,BE_STOP
atr,closed-63,SUPER/USDT,1776663915.8739815,1776916799.999,0.12494,0.12434,5.997164353175242,19.53125,-0.09379502161037043,BE_STOP
atr,closed-7,TRB/USDT,1776338419.7474828,1776945599.999,17.773,17.745,6.433514721367084,58.59375000000001,-0.09230996455297011,BE_STOP
atr,closed-67,MON/USDT,1776960050.4621058,1777132799.999,0.03295,0.030465,7.410362020377205,39.0625,-2.945988239757211,STOP_LOSS
atr,closed-68,HYPER/USDT,1777117974.2439666,1777175999.999,0.13234,0.12924,4.0,19.53125,-0.45751001209007414,BE_STOP
atr,closed-76,INJ/USDT,1777188940.993972,1777204799.999,3.9042,3.654,4.2360973896243586,19.53125,-1.2516568695251267,STOP_LOSS
atr,closed-82,MINA/USDT,1777183609.7501297,1777233599.999,0.066591,0.063263,4.0,19.53125,-0.9761078824465762,STOP_LOSS
atr,closed-69,HEMI/USDT,1777148562.0403845,1777262399.999,0.009872,0.008819,10.290287103496185,15.184221628462938,-1.6196297989031072,STOP_LOSS
atr,closed-72,LDO/USDT,1776888212.1474862,1777276799.999,0.394,0.38265,8.103698332124727,57.843959731543634,-1.6663171140939668,BE_STOP
atr,closed-74,SPX/USDT,1776960127.6242328,1777276799.999,0.3914,0.38611,8.496970581794294,36.77781357388315,-0.4970736683848817,BE_STOP
atr,closed-87,JUP/USDT,1777263265.137944,1777276799.999,0.1981,0.18608,4.0,39.0625,-2.370172892478548,STOP_LOSS
atr,closed-75,TRUMP/USDT,1777153335.7161508,1777291199.999,2.5483,2.5455,8.124744227243925,19.231374629131324,-0.021130890774854232,BE_STOP
atr,closed-112,XMR/USDT,1777220029.4978356,1777305599.999,398.12,380.17,4.0,58.59375,-2.6418110431528192,STOP_LOSS
atr,closed-80,GRASS/USDT,1776687450.598616,1777377599.999,0.3347,0.33381,9.103248111315045,34.32840632033005,-0.09128258627156649,BE_STOP
atr,closed-290,BTC/USDT,1776873742.6110334,1777391999.999,79309.8,76024.0,4.0,58.59375,-2.4275353581776806,STOP_LOSS
atr,closed-199,RENDER/USDT,1776537341.7600853,1777478399.999,1.787,1.6769,5.913342393476703,78.125,-4.813409345271399,STOP_LOSS
atr,closed-81,ALGO/USDT,1777090682.0724192,1777478399.999,0.11172,0.11038,4.46396603754284,39.0625,-0.4685262262799821,BE_STOP
atr,closed-88,WLD/USDT,1776659553.5330515,1777478399.999,0.26257,0.24596,5.347145523098591,19.53125,-1.235533619606201,STOP_LOSS
atr,closed-93,TRUMP/USDT,1777398443.293293,1777478399.999,2.4715,2.3651,4.208548885870353,11.71875,-0.504501314990895,STOP_LOSS
atr,closed-89,GRASS/USDT,1777464209.6407816,1777564799.999,0.346,0.31974,7.267960363336084,39.0625,-2.964685693641611,STOP_LOSS
atr,closed-90,ACE/USDT,1776621986.14587,1777579199.999,0.1173,0.1173,12.0,7.8121800000000015,0.0,BE_STOP
atr,closed-91,AIXBT/USDT,1777537069.5531116,1777636799.999,0.03023,0.030167,7.510987193421864,39.0625,-0.08140712868011812,BE_STOP
atr,closed-29,DYDX/USDT,1776484907.512156,1777636799.999,0.14717,0.14707,12.0,39.06250000000001,-0.026542433919952983,BE_STOP
atr,closed-101,ZETA/USDT,1777563250.3521895,1777723199.999,0.05895,0.05635,4.0,19.53125,-0.8614291772688731,STOP_LOSS
atr,closed-94,GMX/USDT,1776932030.135696,1777766399.999,7.0524,7.0444,4.176693648362867,39.0625,-0.04431115648573236,BE_STOP
atr,closed-103,CC/USDT,1776338275.5379689,1777910399.999,0.14667,0.1456,7.674176236254371,54.94505494505494,-0.4008400408482167,BE_STOP
atr,closed-153,VIRTUAL/USDT,1777867939.9666662,1777939199.999,0.77685,0.73564,4.593458932134354,58.59374999999999,-3.1082556960803283,STOP_LOSS
atr,closed-106,STX/USDT,1778011394.3662658,1778025599.999,0.27688,0.25326,4.862343666157595,39.0625,-3.3323325989598414,STOP_LOSS
atr,closed-216,DOGE/USDT,1777867939.9468355,1778169599.999,0.11303,0.10795,4.0,58.59375000000001,-2.6334269662921352,STOP_LOSS
atr,closed-114,COMP/USDT,1777737408.6844754,1778212799.999,22.645,22.572,5.189414251017255,39.062625000000004,-0.12592500000000056,BE_STOP
atr,closed-116,AR/USDT,1778040684.8378124,1778342399.999,2.5154,2.4653,7.075841388475561,58.59375000000001,-1.167029846147732,BE_STOP
atr,closed-117,ACE/USDT,1778312880.9325264,1778385599.999,0.1401,0.1377,5.801978178851844,19.531341,-0.33458400000000255,BE_STOP
atr,closed-108,HMSTR/USDT,1777985982.784278,1778471999.999,0.000178,0.000177,9.069020866773679,17.22898230088495,-0.0967920353982303,BE_STOP
atr,closed-121,PURR/USDT,1777907180.30233,1778500799.999,0.069262,0.06827,4.0,19.53125,-0.27973491958072516,BE_STOP
atr,closed-126,OP/USDT,1778276246.1016092,1778500799.999,0.17145,0.15855,7.3299170936966185,58.59375,-4.408628608923884,STOP_LOSS
atr,closed-122,SKY/USDT:USDT,1776384133.7954965,1778515199.999,0.076726,0.076399,4.0,78.125,-0.3329624247321722,BE_STOP
atr,closed-127,FIL/USDT,1778040139.0388875,1778558399.999,1.1152,1.1054,5.897596843615495,39.0625,-0.34326802367288384,BE_STOP
atr,closed-125,PUMP/USDT,1778156495.6259973,1778558399.999,0.002053,0.002022,6.109526129009817,58.59375,-0.8847570628348826,BE_STOP
atr,closed-119,LINEA/USDT,1778286505.0023654,1778558399.999,0.004307,0.003926,7.827788649706463,78.125,-6.910987926631073,STOP_LOSS
atr,closed-135,YGG/USDT,1778286505.0236268,1778558399.999,0.04793,0.044865,5.652886650174365,58.59375,-3.7469193354892534,STOP_LOSS
atr,closed-129,VVV/USDT,1778544063.000116,1778572799.999,17.234,17.195,12.0,52.083333333333336,-0.11786294534061234,TRIM
atr,closed-118,FARTCOIN/USDT,1778068848.3786285,1778572799.999,0.25099,0.25088,7.571161059347836,58.59375,-0.025679558946570258,BE_STOP
atr,closed-132,TURBO/USDT,1777968203.8377542,1778587199.999,0.001287,0.001284,5.638805638805637,58.59375,-0.1365821678321632,BE_STOP
atr,closed-85,MOODENG/USDT,1776845770.4253204,1778587199.999,0.06087,0.060595,7.38576357107653,58.59375,-0.26471630113356376,BE_STOP
atr,closed-133,ENA/USDT,1778288907.9717069,1778587199.999,0.13441,0.12334,8.037242126967591,58.32224444591379,-4.803416754826765,STOP_LOSS
atr,closed-128,UNI/USDT,1778372238.987565,1778587199.999,3.8104,3.7662,4.568699199184187,58.59375,-0.6796776585135428,BE_STOP
atr,closed-130,KAS/USDT,1778429740.3404424,1778587199.999,0.0386,0.038521,4.0,58.59375,-0.11991985103627402,BE_STOP
atr,closed-136,ENS/USDT,1778443738.9499888,1778587199.999,7.5691,7.052,5.674386650988888,58.59375000000001,-4.002963116486768,STOP_LOSS
atr,closed-138,FET/USDT,1778054711.5226376,1778601599.999,0.22606,0.22395,5.087145005750685,58.59374999999999,-0.5469026475272021,BE_STOP
atr,closed-99,LDO/USDT,1777376275.7438529,1778601599.999,0.3906,0.38864,12.0,26.041666666666668,-0.13067502986857893,BE_STOP
atr,closed-202,CAKE/USDT,1778429740.3196933,1778601599.999,1.5887,1.5212,4.0,58.59375,-2.489505963995718,STOP_LOSS
atr,closed-134,ZEN/USDT,1777810728.8971298,1778601599.999,6.6011,6.5389,6.077774916301828,58.59375,-0.5521096862644076,BE_STOP
atr,closed-182,ETC/USDT,1778257707.5379243,1778601599.999,9.7875,9.2693,4.0,58.59375,-3.102250957854407,STOP_LOSS
atr,closed-178,IMX/USDT,1778301053.3732498,1778601599.999,0.19237,0.18355,4.5492688940211945,58.59374999999999,-2.68647333264023,STOP_LOSS
atr,closed-142,GMX/USDT,1778183897.7016904,1778630399.999,7.2157,7.1909,4.0,39.0625,-0.13425585875244223,BE_STOP
atr,closed-149,PURR/USDT,1778605541.2295043,1778687999.999,0.06708,0.059397,4.971462645881257,19.53125,-2.237009447674419,STOP_LOSS
atr,closed-211,POLYX/USDT,1778272136.726014,1778687999.999,0.053748,0.051037,4.054104338766093,58.59375,-2.955415201495869,STOP_LOSS
atr,closed-146,ALGO/USDT,1778011640.4313915,1778687999.999,0.11899,0.11626,5.400213703432459,78.125,-1.7924300361374899,BE_STOP
atr,closed-156,GRASS/USDT,1777781215.8021033,1778687999.999,0.32731,0.32557,4.982607139583711,78.125,-0.41531728330938994,BE_STOP
atr,closed-97,MON/USDT,1777648071.9245172,1778687999.999,0.029378,0.028979,7.523122258638633,19.53125,-0.2652654622506629,BE_STOP
atr,closed-162,ZETA/USDT,1778142776.7135594,1778687999.999,0.06095,0.05685,4.0,58.59375,-3.941499179655457,STOP_LOSS
atr,closed-144,HYPER/USDT,1778027735.9757051,1778687999.999,0.10849,0.10387,7.339715312800388,19.53125,-0.8317298829385198,BE_STOP
atr,closed-147,SNX/USDT,1778200279.8742115,1778687999.999,0.3399,0.32673,5.5802126675913115,58.59375,-2.270313879082079,BE_STOP
atr,closed-151,BRETT/USDT,1778300975.9792583,1778687999.999,0.009479,0.009276,7.478184859765189,58.59374999999999,-1.2548297552484438,BE_STOP
atr,closed-203,LINK/USDT,1778301053.3965695,1778687999.999,10.541,10.064,4.0,58.59375000000001,-2.6514769708756334,STOP_LOSS
atr,closed-139,XMR/USDT,1778193829.4074852,1778702399.999,396.96,392.25,7.457750331087695,39.0625,-0.4634834114268429,BE_STOP
atr,closed-150,VVV/USDT,1778638618.0104995,1778731199.999,15.562,13.257,12.0,52.083333333333336,-7.714437947136186,STOP_LOSS
atr,closed-159,STX/USDT,1778214541.0529773,1778731199.999,0.26412,0.26076,8.827697366997686,53.099917284480114,-0.6755100790392812,BE_STOP
atr,closed-167,ICP/USDT,1778054711.548446,1778831999.999,2.7566,2.718,6.366020252692238,58.59375,-0.8204740441123131,BE_STOP
atr,closed-169,GMT/USDT,1778789470.1753953,1778831999.999,0.013324,0.012368,6.893039413303597,58.59375,-4.204114755328729,STOP_LOSS
atr,closed-171,PURR/USDT,1778797954.3954852,1778860799.999,0.069389,0.069172,6.9609633474222905,19.53125,-0.06108001628500398,BE_STOP
atr,closed-179,NEO/USDT,1778142776.6817453,1778860799.999,2.9751,2.9672,4.0,58.59375,-0.15558825753755456,BE_STOP
atr,closed-172,ARB/USDT,1778184130.607847,1778860799.999,0.12634,0.12381,5.6751622605667285,39.0625,-0.7822393936995431,BE_STOP
atr,closed-170,SUI/USDT,1778401945.7011185,1778860799.999,1.1266,1.0881,5.210113869797891,58.59375,-2.0023605316882622,BE_STOP
atr,closed-184,SKY/USDT,1774583431.537942,1778875199.999,0.070643,0.070418,5.499281093465941,24.999999999999996,-0.07962572370935615,BE_STOP
atr,closed-185,MINA/USDT,1777860052.3457975,1778875199.999,0.060491,0.060468,4.0,19.53125,-0.007426208030946683,BE_STOP
atr,closed-183,KAITO/USDT,1777521756.313358,1778903999.999,0.4445,0.44069,4.607102683593121,39.0625,-0.33482142857142827,BE_STOP
atr,closed-187,WLFI/USDT,1778351621.9763196,1778903999.999,0.069881,0.064232,7.353112536209516,11.71875,-0.9473135580486837,STOP_LOSS
atr,closed-195,ANIME/USDT,1775527308.6855934,1778918399.999,0.004501,0.004418,4.0,40.32258064516129,-0.7435623624857525,BE_STOP
atr,closed-196,STX/USDT,1778821086.2772062,1778918399.999,0.2628,0.24175,7.1096977603826925,39.0625,-3.1288646308980184,STOP_LOSS
atr,closed-215,FIL/USDT,1778823647.6918747,1778918399.999,1.02,0.97428,4.411764705882355,78.125,-3.5018382352941178,STOP_LOSS
atr,closed-21,FLOKI/USDT,1776410843.7259934,1778932799.999,3.153e-05,3.1431e-05,6.02736622717593,78.125,-0.24530209324452773,BE_STOP
atr,closed-200,TIA/USDT,1778214541.0735338,1778932799.999,0.4011,0.40026,7.022830074438148,58.59375,-0.12270942408377236,BE_STOP
atr,closed-208,AERO/USDT,1776870104.3286061,1778961599.999,0.4193,0.41819,6.075431842185955,19.53125,-0.051704477700930104,BE_STOP
atr,closed-201,MANTA/USDT,1778501315.778693,1779004799.999,0.07504,0.07494,5.233399329881201,58.59375,-0.07808335554370305,BE_STOP
atr,closed-224,COMP/USDT,1778687733.3699238,1779062399.999,22.617,21.141,5.727676400179385,19.53125,-1.2746219657779576,STOP_LOSS
atr,closed-198,IMX/USDT,1778853666.5459142,1779062399.999,0.1915,0.17216,8.117866467735919,57.74300450284875,-5.831591159713289,STOP_LOSS
atr,closed-176,MON/USDT,1778801725.1860821,1779076799.999,0.029894,0.02708,7.516080627741828,11.71875,-1.103116428045762,STOP_LOSS
atr,closed-243,FLOKI/USDT,1778990618.0513735,1779076799.999,0.031644,0.030184,4.309550896581616,39.0625,-1.802276892933891,STOP_LOSS
atr,closed-218,KAITO/USDT,1779034109.0460885,1779091199.999,0.49811,0.45879,6.545886307384772,19.53125,-1.5417653731103573,STOP_LOSS
atr,closed-217,W/USDT,1778868687.5313115,1779091199.999,0.01318,0.01217,6.741816605246045,19.53125,-1.4967042867981795,STOP_LOSS
atr,closed-256,BCH/USDT,1779084611.2709715,1779105599.999,374.73,356.19,4.0,19.53125,-0.9663207509406783,STOP_LOSS
atr,closed-213,TURBO/USDT,1778860958.2029781,1779119999.999,0.001227,0.001101,10.199091861683549,30.639982876712327,-3.146404109589042,STOP_LOSS
atr,closed-294,MINA/USDT,1779048867.2561538,1779119999.999,0.059114,0.056579,4.0,19.53125,-0.8375633310214172,STOP_LOSS
atr,closed-223,VVV/USDT,1779033642.6291392,1779191999.999,14.334,14.275,10.107835515956069,30.916609150069018,-0.12725547229343237,BE_STOP
atr,closed-380,PAXG/USDT,1774987196.2754548,1779220799.999,4679.4,4484.8,4.0,166.66666666666666,-6.931088031229049,STOP_LOSS
atr,closed-229,XMR/USDT,1779127534.1136112,1779422399.999,387.21,381.58,4.0,19.53125,-0.28398269027142803,BE_STOP
atr,closed-232,DYDX/USDT,1779249877.1534681,1779465599.999,0.1487,0.14844,6.833509462964744,39.0625,-0.06830026899798565,BE_STOP
atr,closed-230,ZEN/USDT,1779278568.483516,1779465599.999,6.3773,6.3128,4.399085147991428,58.59375,-0.5926170754080862,BE_STOP
atr,closed-241,COMP/USDT,1779230623.658495,1779479999.999,22.616,21.461,4.784855222598422,78.125,-3.9898467898832717,STOP_LOSS
atr,closed-237,MON/USDT,1779394866.682503,1779479999.999,0.029253,0.026533,6.297766773615404,39.0625,-3.6321061087751665,STOP_LOSS
atr,closed-245,TURBO/USDT,1779437090.04329,1779479999.999,0.001218,0.001128,4.351395730706079,39.0625,-2.886391625615756,STOP_LOSS
atr,closed-235,SPX/USDT,1779264730.7604845,1779479999.999,0.37281,0.3638,5.149693256235461,39.0625,-0.9440549475604135,BE_STOP
atr,closed-220,HYPER/USDT,1779088126.5799108,1779479999.999,0.11488,0.10663,5.386987664146435,19.53125,-1.4026184932103063,STOP_LOSS
atr,closed-252,FIL/USDT,1779452180.1996272,1779479999.999,1.023,0.97813,4.0,58.59374999999999,-2.5699917521994045,STOP_LOSS
atr,closed-240,AR/USDT,1779293670.9670963,1779479999.999,2.2377,2.0978,5.116222652085367,39.0625,-2.44216997363364,STOP_LOSS
atr,closed-270,ETC/USDT,1779452180.1786182,1779479999.999,9.38,8.8321,4.0,39.0625,-2.2816997601279345,STOP_LOSS
atr,closed-234,SUI/USDT,1779322474.7654321,1779479999.999,1.0845,1.0556,4.800105381018239,39.0625,-1.04094628861226,BE_STOP
atr,closed-209,AIXBT/USDT,1778976126.813539,1779494399.999,0.032229,0.029254,8.882417343741,35.18186411497578,-3.2475734817106656,STOP_LOSS
atr,closed-236,VIRTUAL/USDT,1779423653.5368202,1779494399.999,0.76334,0.71538,4.559473591621786,39.0625,-2.4542634998820985,STOP_LOSS
atr,closed-242,SUPER/USDT,1779226254.6535099,1779494399.999,0.11049,0.10977,4.6015799749169295,19.53125,-0.12727396144447461,BE_STOP
atr,closed-246,RENDER/USDT,1779048162.8418307,1779523199.999,1.8399,1.7837,4.873712080625502,78.125,-2.38633893146367,BE_STOP
atr,closed-248,TIA/USDT,1779293748.480091,1779523199.999,0.4083,0.4001,5.083447045239842,39.0625,-0.7845028165564529,BE_STOP
atr,closed-297,ACE/USDT,1779055755.161081,1779523199.999,0.1173,0.1117,4.372183656071124,11.71875,-0.559462915601024,STOP_LOSS
atr,closed-247,STX/USDT,1779046368.1057413,1779523199.999,0.2392,0.23439,4.016364070711901,19.53125,-0.3927479619565233,BE_STOP
atr,closed-773,OP/USDT,1779305847.0323625,1779523199.999,0.12892,0.12261,4.116617171224681,19.53125,-0.955958637139313,STOP_LOSS
atr,closed-249,MANTA/USDT,1779380668.1599226,1779523199.999,0.07492,0.07437,4.5686827854473275,39.0625,-0.28676421516283734,BE_STOP
atr,closed-227,POLYX/USDT,1779061578.4944713,1779537599.999,0.05293,0.052468,7.957949852905453,39.0625,-0.3409573965614931,BE_STOP
atr,closed-296,TRB/USDT,1779278568.4669595,1779537599.999,17.54,16.799,4.0,58.59375,-2.475368799885972,STOP_LOSS
atr,closed-257,GMT/USDT,1779518426.2256098,1779537599.999,0.012264,0.012084,5.585453359425966,19.53125,-0.2866621819960888,BE_STOP
atr,closed-261,SUPER/USDT,1779583775.0115345,1779609599.999,0.12944,0.12403,4.083524633586439,19.53125,-0.8163169228986409,STOP_LOSS
atr,closed-265,GMX/USDT,1779379343.8030367,1779739199.999,6.98,6.6014,4.0,58.59375,-3.1781652936962805,STOP_LOSS
atr,closed-311,ASTER/USDT,1779697110.1054738,1779767999.999,0.7173,0.68491,4.462966282288744,39.0625,-1.7638845322738053,STOP_LOSS
atr,closed-275,ALGO/USDT,1779249645.582131,1779825599.999,0.11575,0.10892,5.5649490897871,78.125,-4.609881209503243,STOP_LOSS
atr,closed-264,VVV/USDT,1779667493.865621,1779839999.999,19.117,16.704,11.1703121380372,27.97594159753813,-3.5311998260636885,STOP_LOSS
atr,closed-267,GMT/USDT,1779605711.4328637,1779868799.999,0.011883,0.010424,12.0,13.020833333333334,-1.5987036803276389,STOP_LOSS
atr,closed-255,ZORA/USDT,1779272556.200639,1779883199.999,0.011136,0.010414,6.1371100164203565,11.71875,-0.7597824622844829,STOP_LOSS
atr,closed-287,FLOKI/USDT,1779624990.4271636,1779926399.999,0.029687,0.028323,4.456977320520282,19.53125,-0.8973835348805872,STOP_LOSS
atr,closed-278,VIRTUAL/USDT,1779567384.146958,1779926399.999,0.75786,0.7446,8.107226739955744,38.54585668115974,-0.6744227952289038,BE_STOP
atr,closed-285,ZEN/USDT,1779739802.556133,1779926399.999,6.2987,5.8973,5.662846528421959,39.0625,-2.4893529617222567,STOP_LOSS
atr,closed-277,EIGEN/USDT,1779725268.386489,1779926399.999,0.2548,0.2281,9.122000448531061,34.257836508912106,-3.5898125384142627,STOP_LOSS
atr,closed-292,POLYX/USDT,1779883352.465367,1779940799.999,0.0529,0.048634,4.418309478800967,39.0625,-3.150106332703217,STOP_LOSS
atr,closed-284,AERO/USDT,1779087736.1520138,1779940799.999,0.40568,0.40159,4.3362819393188206,11.71875,-0.11814653791165441,BE_STOP
atr,closed-293,WIF/USDT,1776931487.6728902,1779940799.999,0.1803,0.17857,5.813326994691385,19.53125,-0.1874046727676085,BE_STOP
atr,closed-282,FIL/USDT,1779840664.905889,1779940799.999,1.017,0.98507,4.594886922320549,39.0625,-1.2264165437561418,BE_STOP
atr,closed-280,AR/USDT,1779884302.4937804,1779940799.999,2.2268,2.1268,6.129230927147214,39.0625,-1.7541988503682422,BE_STOP
atr,closed-286,ICP/USDT,1779739725.2246745,1779940799.999,2.732,2.7201,5.223279648609077,39.0625,-0.1701477855051278,BE_STOP
atr,closed-289,AIXBT/USDT,1779917961.0039396,1779955199.999,0.0295,0.026969,8.277966101694917,37.75081900081899,-3.2388923013922986,STOP_LOSS
atr,closed-299,BCH/USDT,1779539399.2596414,1779955199.999,344.29,326.49,4.0,19.53125,-1.009777367916582,STOP_LOSS
atr,closed-298,DASH/USDT,1777814320.8284965,1779969599.999,39.231,38.925,4.951259390350928,39.0625,-0.30468570773113746,BE_STOP
atr,closed-301,PENDLE/USDT,1777622677.5949273,1779983999.999,1.5087,1.4862,6.901873893323482,58.59375,-0.8738379896599678,BE_STOP
atr,closed-303,TAO/USDT,1776989342.9104133,1780084799.999,254.35,249.19,4.0,58.59375000000001,-1.1886917633182585,BE_STOP
atr,closed-306,HEMI/USDT,1780082379.7867532,1780099199.999,0.007892,0.007153,4.512707262327132,19.53125,-1.8288892232640641,STOP_LOSS
atr,closed-304,TIA/USDT,1779659304.3443706,1780214399.999,0.4042,0.3989,9.946278362903795,31.418786866605075,-0.41197320730580805,BE_STOP
atr,closed-305,AR/USDT,1779998601.8490114,1780214399.999,2.2595,2.2466,10.236145797110613,30.52906886967264,-0.1742974058060562,BE_STOP
atr,closed-319,CAKE/USDT,1780200315.0915463,1780257599.999,1.5459,1.4737,4.176947316865815,39.0625,-1.8243822368846623,STOP_LOSS
atr,closed-323,POLYX/USDT,1780218270.4593215,1780300799.999,0.0508,0.048544,4.357705286839144,19.53125,-0.8673720472440944,STOP_LOSS
atr,closed-314,BNB/USDT,1780156970.2760699,1780300799.999,695.81,685.9,4.0,39.0625,-0.5563435061295462,BE_STOP
atr,closed-333,BCH/USDT,1779990796.1670983,1780315199.999,303.05,279.81,5.664788931576592,19.53125,-1.4977932684375523,STOP_LOSS
atr,closed-307,HBAR/USDT,1780099864.263912,1780329599.999,0.10104,0.092206,7.283819703653434,39.0625,-3.415262519794143,STOP_LOSS
atr,closed-315,XMR/USDT,1780142639.0777988,1780343999.999,390.32,351.34,8.14752730360437,38.35519518440321,-3.8304096850995024,STOP_LOSS
atr,closed-322,MON/USDT,1779986104.197807,1780401599.999,0.0233,0.021201,7.491722869405275,11.71875,-1.0556934012875538,STOP_LOSS
atr,closed-313,CC/USDT,1779293670.9882667,1780415999.999,0.15269,0.1518,4.0,39.0625,-0.22768763507760753,BE_STOP
atr,closed-310,FLOKI/USDT,1780128613.9591773,1780415999.999,0.028004,0.026652,4.221845858754869,19.53125,-0.9429456506213421,STOP_LOSS
atr,closed-329,WIF/USDT,1779989545.0272965,1780415999.999,0.18,0.17829,6.065079365079365,19.53125,-0.18554687499999908,BE_STOP
atr,closed-330,GMX/USDT,1780344359.7110274,1780415999.999,6.92,6.4309,4.0,39.0625,-2.7609058887283213,STOP_LOSS
atr,closed-324,JUP/USDT,1780315286.9960775,1780415999.999,0.1959,0.19388,5.104645227156709,39.0625,-0.4027884124553323,BE_STOP
atr,closed-325,MANTA/USDT,1780027266.8163028,1780415999.999,0.08045,0.07486,6.907573470656132,39.0625,-2.7142246737103806,STOP_LOSS
atr,closed-347,ASTER/USDT,1780245875.7516365,1780415999.999,0.71434,0.66109,6.9154744239437775,39.0625,-2.911888071506566,STOP_LOSS
atr,closed-326,EIGEN/USDT,1780372879.4081883,1780415999.999,0.2323,0.2056,7.39191931615522,39.0625,-4.489749246663799,STOP_LOSS
atr,closed-328,ALGO/USDT,1780056271.1944377,1780430399.999,0.1151,0.11482,6.784162839766663,39.0625,-0.09502606429191793,BE_STOP
atr,closed-321,HEMI/USDT,1780125567.0923514,1780430399.999,0.00718,0.006466,9.480700358137684,16.480849947534104,-1.6389034627492125,STOP_LOSS
atr,closed-332,APT/USDT,1775674070.2227201,1780444799.999,0.84,0.8238,4.622448979591833,40.32258064516129,-0.7776497695852516,BE_STOP
atr,closed-335,TIA/USDT,1780294463.4956298,1780444799.999,0.3878,0.35943,5.036837839829074,39.0625,-2.8576666451779213,STOP_LOSS
atr,closed-336,HYPER/USDT,1780220301.9767911,1780444799.999,0.0911,0.084858,4.867492551356435,19.53125,-1.3382443743139412,STOP_LOSS
atr,closed-341,DASH/USDT,1780315286.9651337,1780559999.999,39.268,35.222,5.060463627235552,39.0625,-4.024826194356729,STOP_LOSS
atr,closed-343,FIL/USDT,1780435849.7055304,1780559999.999,0.884,0.85031,7.978021978021983,19.53125,-0.7443527290723986,BE_STOP
atr,closed-352,VVV/USDT,1780000793.4626982,1780631999.999,16.281,15.838,11.913097651074434,13.115816270162776,-0.356876519113206,BE_STOP
atr,closed-355,MORPHO/USDT,1779221028.0415614,1780631999.999,1.782,1.7439,5.212441879108544,39.0625,-0.8351746632996636,BE_STOP
atr,closed-354,RENDER/USDT,1780574562.2184181,1780631999.999,1.853,1.7703,12.0,26.041666666666668,-1.1622481561431899,BE_STOP
atr,closed-360,COMP/USDT,1779998601.883189,1780631999.999,17.835,16.511,5.2505106331851605,19.53125,-1.4499229044014592,STOP_LOSS
atr,closed-353,ZORA/USDT,1780140918.1112487,1780631999.999,0.010075,0.009569,6.423254165189653,19.53125,-0.9809243176178684,BE_STOP
atr,closed-358,ALGO/USDT,1780520219.971721,1780646399.999,0.1055,0.095594,8.238320920785373,18.966243425378046,-1.7808493589743593,STOP_LOSS
atr,closed-359,AR/USDT,1780565512.3713336,1780646399.999,2.239,2.1841,12.0,26.041659733333336,-0.6385382400000004,BE_STOP
atr,closed-364,BCH/USDT,1780463668.8400123,1780646399.999,253.72,225.55,8.209274565888153,11.420010288065848,-1.2679398148148147,STOP_LOSS
atr,closed-366,GRASS/USDT,1779336374.1308303,1780660799.999,0.33487,0.33414,5.1614912396708315,39.0625,-0.08515431361423749,BE_STOP
atr,closed-351,ICP/USDT,1780560231.4405499,1780660799.999,2.727,2.3899,12.0,26.041666666666668,-3.219158721427699,STOP_LOSS
atr,closed-356,KAITO/USDT,1779941262.478525,1780675199.999,0.4579,0.45137,5.895859981904971,39.0625,-0.5570607665429097,BE_STOP
atr,closed-374,FET/USDT,1779112283.5234506,1780689599.999,0.1921,0.19085,4.549713690786043,19.53125,-0.12709038261322134,BE_STOP
atr,closed-362,MON/USDT,1780596630.5717359,1780718399.999,0.020465,0.020405,11.330843600572408,8.273876447757514,-0.024257639231148712,BE_STOP
atr,closed-377,ZEC/USDT,1780698411.3956475,1780718399.999,368.73,362.93,12.0,7.812500000000001,-0.12288802104520968,BE_STOP
atr,closed-384,PURR/USDT,1779048317.5804737,1780747199.999,0.074363,0.089688,7.200393436828216,19.531250000000004,4.025071692239421,RISK_OFF
atr,closed-381,INJ/USDT,1777737646.3004081,1780747199.999,3.8554,5.2001,4.63876270018304,58.59374999999999,20.43653463324168,RISK_OFF
atr,closed-383,ONDO/USDT,1777906945.5523825,1780747199.999,0.31426,0.32349,6.636906655999124,58.59375,1.7209327069942155,RISK_OFF
atr,closed-60,STABLE/USDT,1776338349.0425384,1780804799.999,0.025863,0.033585,5.5020685921973485,22.727272727272727,6.785755712794338,RISK_OFF
atr,closed-387,WLD/USDT,1778853980.962852,1780804799.999,0.24036,0.44838,7.13691367710339,19.53125,16.903355903644535,RISK_OFF
atr,closed-389,ZEC/USDT,1780739715.4776342,1780833599.999,366.09,410.3,12.0,7.812500000000001,0.9434582343139671,RISK_OFF
atr,closed-390,CC/USDT,1780776866.1722734,1780919999.999,0.1598,0.15694,5.855533702842837,58.59375,-1.0486741239048831,BE_STOP
atr,closed-391,WLD/USDT,1780848740.918154,1780963199.999,0.5021,0.49701,12.0,7.812500000000001,-0.07919861581358237,BE_STOP
atr,closed-392,JTO/USDT,1780862572.580509,1780963199.999,0.6002,0.59869,12.0,26.041666666666668,-0.06551635565922125,BE_STOP
atr,closed-399,HYPER/USDT,1780884799.3267574,1780977599.999,0.0719,0.065584,8.653884363202865,18.05547583515095,-1.586069337619102,STOP_LOSS
atr,closed-400,STABLE/USDT,1780848740.8903265,1780991999.999,0.033945,0.030918,7.76213622877343,11.71875,-1.0450038665488297,STOP_LOSS
atr,closed-405,INJ/USDT,1780848740.8612041,1781078399.999,5.323,5.2575,10.202893105391691,15.314283741484081,-0.18844365678512254,BE_STOP
atr,closed-406,VVV/USDT,1780992237.9547663,1781092799.999,15.906,13.386,12.0,26.041666666666668,-4.12580158430781,STOP_LOSS
atr,closed-393,ZEC/USDT,1780848740.9524384,1781092799.999,421.07,413.8,12.0,7.8125,-0.13488701403567038,BE_STOP
atr,closed-368,DASH/USDT,1780617552.2371874,1781092799.999,34.26,33.995,11.534484196480689,13.546336128985619,-0.1047804750198828,BE_STOP
atr,closed-404,PURR/USDT,1780977750.5072625,1781121599.999,0.093406,0.082263,10.612196830426923,29.447248764177726,-3.5129509129952288,STOP_LOSS
atr,closed-412,ALGO/USDT,1780817866.7060897,1781135999.999,0.0957,0.086494,8.522018211673387,11.000915237611444,-1.058248962146822,STOP_LOSS
atr,closed-402,MORPHO/USDT,1781007012.335147,1781193599.999,1.972,1.9147,8.213561286583602,38.04683365672956,-1.1055190509790056,BE_STOP
atr,closed-414,TRX/USDT,1774195577.9395382,1781207999.999,0.3154,0.31275,4.0,135.13513513513513,-1.1354093472039173,BE_STOP
atr,closed-394,HMSTR/USDT,1780762485.204381,1781366399.999,0.000182,0.000182,12.0,26.041666666666668,0.0,BE_STOP
atr,closed-424,TAO/USDT,1781366951.6642995,1781582399.999,264.0,262.79,6.570887445887447,19.53125,-0.08951822916666548,BE_STOP
atr,closed-433,RENDER/USDT,1781525227.2752872,1781625599.999,1.851,1.726,5.326078567569653,39.0625,-2.637932198811454,STOP_LOSS
atr,closed-397,MON/USDT,1780853431.3468208,1781697599.999,0.022041,0.021798,9.630104934310731,9.73509641270696,-0.1073285435455647,BE_STOP
atr,closed-425,HMSTR/USDT,1781432657.3822312,1781697599.999,0.0001687,0.000168,12.0,7.812500000000001,-0.03241701244813354,BE_STOP
atr,closed-440,DASH/USDT,1781511128.6411324,1781726399.999,38.87,36.3,5.01341467896652,39.0625,-2.582727682016979,STOP_LOSS
atr,closed-431,UNI/USDT,1781669798.6692238,1781726399.999,3.502,3.1943,8.11699437056376,38.49947230877475,-3.382720625188456,STOP_LOSS
atr,closed-432,EIGEN/USDT,1781539897.3976665,1781740799.999,0.2247,0.2023,8.888041197787528,35.15960300429184,-3.5050071530758222,STOP_LOSS
atr,closed-437,ASTER/USDT,1781698028.55902,1781755199.999,0.702,0.67497,4.325396825396828,58.59375000000001,-2.256109775641028,BE_STOP
atr,closed-435,JUP/USDT,1781496566.8399804,1781769599.999,0.1868,0.18668,5.056592230039769,39.0625,-0.02509368308350763,BE_STOP
atr,closed-411,ONDO/USDT,1781006521.7861316,1781783999.999,0.3619,0.36145,9.932893853866496,31.461123474943374,-0.039119938004212665,BE_STOP
atr,closed-436,XPL/USDT,1781714241.8100111,1781783999.999,0.1174,0.10332,11.748235580433194,26.59973898722902,-3.1901560897801104,STOP_LOSS
atr,closed-430,TIA/USDT,1781655383.7623835,1781798399.999,0.4013,0.37039,7.130397636253612,39.0625,-3.0087761649638667,STOP_LOSS
atr,closed-439,SPX/USDT,1781581996.958385,1781798399.999,0.3955,0.37704,5.54018421527903,19.53125,-0.9116229456384347,BE_STOP
atr,closed-429,TRUMP/USDT,1781419887.7816548,1781798399.999,2.066,1.8074,12.0,7.812500000000001,-0.9778860116166503,STOP_LOSS
atr,closed-443,PENDLE/USDT,1781669798.6333141,1781798399.999,1.489,1.3666,6.295692219130769,39.0625,-3.2110476830087302,STOP_LOSS
atr,closed-447,NEO/USDT,1780877013.1042066,1781798399.999,2.172,2.1543,6.260852407261249,19.53125,-0.15916350138121554,BE_STOP
atr,closed-445,GMT/USDT,1780849284.8957825,1781798399.999,0.007873,0.007714,7.203643555732969,11.718749999999998,-0.23666724882509707,BE_STOP
atr,closed-452,ADA/USDT,1781648169.7057853,1781798399.999,0.1736,0.16022,6.771724818959841,11.71875,-0.9032078052995398,STOP_LOSS
atr,closed-444,BRETT/USDT,1781484103.0187473,1781884799.999,0.006592,0.006023,8.462638696255203,18.463508322663248,-1.5937099871959035,STOP_LOSS
atr,closed-466,ANIME/USDT,1781938266.5400033,1781956799.999,0.00316,0.00301,4.6112115732368935,11.71875,-0.556269778481013,STOP_LOSS
atr,closed-457,ACE/USDT,1781987683.2156267,1782043199.999,0.0883,0.0873,7.021517553793881,11.719176000000001,-0.13271999999999978,BE_STOP
atr,closed-456,TNSR/USDT,1782024916.566551,1782057599.999,0.0475,0.04332,4.508270676691729,11.71875,-1.0312500000000009,STOP_LOSS
atr,closed-462,RESOLV/USDT,1782055831.1045032,1782086399.999,0.0213,0.020834,11.932260228034883,13.094751624079585,-0.28648611534371415,BE_STOP
atr,closed-423,KAITO/USDT,1781381308.0824552,1782201599.999,0.4493,0.44614,4.341038440749104,39.0625,-0.27473291787224674,BE_STOP
atr,closed-378,FLOKI/USDT,1780621776.44543,1782201599.999,2.466e-05,2.4295e-05,7.957942301007995,19.53125,-0.2890878446877533,BE_STOP
atr,closed-483,TIA/USDT,1782129978.7034001,1782215999.999,0.3989,0.37431,4.915660924685743,58.59375000000001,-3.611983736525446,STOP_LOSS
atr,closed-469,HMSTR/USDT,1782129819.8315377,1782259199.999,0.0001873,0.000164,11.13568759057281,28.06292808219176,-3.4910102739726008,STOP_LOSS
atr,closed-478,GMX/USDT,1781067878.30476,1782273599.999,5.5,5.485,5.260259740259742,19.53125,-0.05326704545454471,BE_STOP
atr,closed-481,VVV/USDT,1782213327.6637526,1782316799.999,13.217,12.732,8.671732292826336,36.03662906643401,-1.322370061074415,BE_STOP
atr,closed-497,FLOKI/USDT,1782253102.0016835,1782316799.999,2.394e-05,2.2838e-05,4.484425349087003,11.71875,-0.5394345238095245,STOP_LOSS
atr,closed-487,SPX/USDT,1782197260.4713876,1782316799.999,0.3602,0.33056,7.106369477274528,78.125,-6.42872015546918,STOP_LOSS
atr,closed-488,FIL/USDT,1781137083.6482263,1782316799.999,0.74,0.73798,5.769884169884171,19.53125,-0.05331503378378389,BE_STOP
atr,closed-474,MNT/USDT,1780725060.4331667,1782316799.999,0.513,0.50298,5.975772765246451,11.71692,-0.2288568000000001,BE_STOP
atr,closed-484,BONK/USDT,1780804971.9607763,1782316799.999,4.3e-06,4.191e-06,8.644518272425254,10.845023059185237,-0.27490872405841693,BE_STOP
atr,closed-494,SNX/USDT,1782302805.6669137,1782331199.999,0.232,0.21575,5.361453201970443,19.53125,-1.368029364224139,STOP_LOSS
atr,open-11,ADA/USDT,1782241541.382184,1782331199.999,0.1503,0.14103,4.8911700408706436,11.71875,-0.7227732035928139,STOP_LOSS
atr,closed-490,EIGEN/USDT,1781827637.6596103,1782403199.999,0.2232,0.2194,8.051715309779828,38.81160572337042,-0.6607710651828306,BE_STOP
atr,closed-489,TNSR/USDT,1782292564.161693,1782547199.999,0.0373,0.03709,12.0,7.812500000000001,-0.04398458445040253,BE_STOP
atr,closed-512,ZEC/USDT,1782196007.5979333,1782604799.999,421.73,395.89,6.075993103238023,39.0625,-2.393415218267616,STOP_LOSS
atr,closed-509,GMX/USDT,1782388577.929521,1782604799.999,5.42,5.4065,4.860042171850287,11.718582000000001,-0.02918834999999863,BE_STOP
atr,closed-510,INJ/USDT,1782547497.3253458,1782604799.999,5.051,4.6341,7.344797352716574,39.0625,-3.2241449712928136,STOP_LOSS
atr,closed-499,XLM/USDT,1779930313.5068414,1782619199.999,0.17359,0.17347,5.089990371400588,78.125,-0.0540065671985647,BE_STOP
atr,closed-514,ZORA/USDT,1782449237.0781515,1782734399.999,0.007257,0.007235,7.921415775901104,11.71875,-0.03552604381976089,BE_STOP
atr,closed-519,ANIME/USDT,1782725422.1525645,1782777599.999,0.003,0.002787,5.7761904761904805,19.53125,-1.3867187500000013,STOP_LOSS
atr,closed-379,MANTA/USDT,1780702546.2298055,1782777599.999,0.07366,0.07332,11.002288507040069,28.403181738057462,-0.13110347258946,BE_STOP
atr,closed-517,EIGEN/USDT,1782619330.2867289,1782777599.999,0.2443,0.2178,8.052160692357175,38.80945896877268,-4.209785766158314,STOP_LOSS
atr,closed-522,POLYX/USDT,1782667354.2106571,1782820799.999,0.0356,0.03521,7.118780096308194,19.53125,-0.2139659410112368,BE_STOP
atr,closed-527,TIA/USDT,1782734495.152051,1782820799.999,0.3888,0.36527,5.988756613756613,39.0625,-2.364044817386832,STOP_LOSS
atr,closed-521,HYPER/USDT,1782803358.4710279,1782820799.999,0.0815,0.076385,5.964241893076256,19.53125,-1.2257956288343588,STOP_LOSS
atr,closed-523,AAVE/USDT,1782518977.869402,1782835199.999,95.72,85.424,10.531908542773563,44.507602596077554,-4.787403639043188,STOP_LOSS
atr,closed-525,TRX/USDT,1781222789.8279817,1782849599.999,0.3163,0.31482,4.0,19.531525000000002,-0.09139000000000236,BE_STOP
atr,closed-531,WLD/USDT,1782734736.8752205,1782892799.999,0.4291,0.39141,6.6165063088857075,39.0625,-3.431054824050337,STOP_LOSS
atr,closed-555,PURR/USDT,1782763582.1987953,1782935999.999,0.09019,0.084657,6.003516386042161,39.0625,-2.3964165927486483,STOP_LOSS
atr,closed-479,DYDX/USDT,1782244900.9432364,1782950399.999,0.14497,0.1435,11.144177613102228,28.041548766469163,-0.28434211689804534,BE_STOP
atr,closed-540,TRUMP/USDT,1782472045.1479235,1783310399.999,1.685,1.6709,6.267062314540062,11.71875,-0.09806194362017807,BE_STOP
atr,closed-557,TIA/USDT,1783080734.6087062,1783339199.999,0.4033,0.37881,5.844284651624104,39.0625,-2.3720322960575246,STOP_LOSS
atr,closed-544,VVV/USDT,1783210498.5423172,1783439999.999,11.951,10.732,10.030242537982472,15.577888511500422,-1.588942021213207,STOP_LOSS
atr,closed-546,MINA/USDT,1783328794.9097502,1783454399.999,0.0482,0.047161,7.191167753408415,19.531122,-0.42101319000000026,BE_STOP
atr,closed-513,MNT/USDT,1782443601.6444745,1783454399.999,0.4252,0.42291,5.5022846391614095,19.53125,-0.10518946966133705,BE_STOP
atr,closed-549,AAVE/USDT,1783353963.244336,1783454399.999,96.29,91.153,4.886577748764893,58.59375,-3.125933053795822,STOP_LOSS
atr,closed-545,WLD/USDT,1783008724.4264107,1783468799.999,0.3884,0.38072,9.727085478887748,16.063393329804125,-0.31762837480148354,BE_STOP
atr,closed-538,XPL/USDT,1783181278.1669436,1783468799.999,0.11306,0.098894,8.953273862171791,34.90343362781903,-4.37327119026786,STOP_LOSS
atr,closed-550,EIGEN/USDT,1783195415.784594,1783483199.999,0.2375,0.2156,7.506766917293237,39.0625,-3.601973684210524,STOP_LOSS
atr,closed-551,GRASS/USDT,1781165621.0111458,1783497599.999,0.35831,0.35778,7.589198499304267,39.0625,-0.05777992520443649,BE_STOP
atr,closed-541,TRB/USDT,1783282670.9326565,1783497599.999,17.64,15.959,9.475218658892127,32.98076923076924,-3.1428952991453007,STOP_LOSS
atr,closed-570,ONDO/USDT,1782964954.9056075,1783526399.999,0.3326,0.31108,4.9733699853964435,58.59375,-3.791153036680692,STOP_LOSS
atr,closed-553,XLM/USDT,1782792163.6886702,1783526399.999,0.1834,0.18035,4.520174482006543,39.0625,-0.6496217284623776,BE_STOP
atr,closed-559,EIGEN/USDT,1783498504.649774,1783814399.999,0.2303,0.226,8.361764158550963,37.372496290801166,-0.6977930267062313,BE_STOP
atr,closed-515,TNSR/USDT,1782576273.5325296,1783828799.999,0.0364,0.03184,12.0,13.020833333333334,-1.6311813186813187,STOP_LOSS
atr,closed-562,ICP/USDT,1781798795.8786416,1783900799.999,2.22,2.2182,6.5476190476190546,19.53125,-0.015836148648650655,BE_STOP
atr,closed-565,PURR/USDT,1783501736.5366185,1783958399.999,0.09017,0.081841,5.988688033714098,78.125,-7.216403737384941,STOP_LOSS
atr,closed-563,AAVE/USDT,1783699588.7760444,1783958399.999,95.12,95.042,4.9828787696743975,39.0625,-0.03203190706476018,BE_STOP
atr,closed-566,GRASS/USDT,1783857784.7628722,1783972799.999,0.4004,0.36204,7.7600970458113245,39.0625,-3.7423513986014005,STOP_LOSS
atr,closed-528,SPX/USDT,1782763349.1429372,1783972799.999,0.3617,0.35266,6.892057348236504,39.0625,-0.9762925076029892,BE_STOP
atr,closed-564,PENDLE/USDT,1782964954.9500952,1783972799.999,1.473,1.461,6.15944137329066,39.0625,-0.31822810590631434,BE_STOP
atr,closed-567,FLOKI/USDT,1782437887.1031537,1784001599.999,2.184e-05,2.1825000000000002e-05,6.094976452119312,11.71875,-0.008048592032967004,BE_STOP
atr,closed-572,BONK/USDT,1784095661.7755017,1784188799.999,3.77e-06,3.54e-06,5.418719211822661,19.53125,-1.191561671087533,STOP_LOSS
atr,closed-560,TIA/USDT,1783694096.9113834,1784246399.999,0.3998,0.39713,6.753734009862068,78.125,-0.5217452476238144,BE_STOP
atr,closed-573,SPX/USDT,1784088051.9300985,1784246399.999,0.3856,0.35145,7.447391819798453,39.0625,-3.459503047199171,STOP_LOSS
atr,closed-576,WLD/USDT,1783978344.11361,1784260799.999,0.387,0.38352,9.071982281284606,34.44671630859376,-0.3097534179687494,BE_STOP
atr,closed-577,HMSTR/USDT,1782561809.6411333,1784303999.999,0.0001796,0.000178,9.54502068087814,32.73958333333334,-0.29166666666666885,BE_STOP
atr,closed-581,BONK/USDT,1784322295.6699743,1784390399.999,3.15e-06,2.7430000000000002e-06,7.224489795918361,19.53125,-2.523561507936506,STOP_LOSS
atr,closed-582,ACE/USDT,1784391140.54845,1784419199.999,0.0728,0.0631,6.5541601255886945,11.71875,-1.561426854395604,STOP_LOSS
atr,closed-542,MORPHO/USDT,1782777709.8485007,1784735999.999,1.889,1.8501,4.351508734780308,58.59375,-1.2066156034939102,BE_STOP
atr,closed-590,GRASS/USDT,1784707267.7851388,1784807999.999,0.38645,0.36422,5.166072121693803,19.53125,-1.1235080540820301,STOP_LOSS
atr,closed-587,MNT/USDT,1783526333.6290555,1784822399.999,0.4127,0.4088,4.0,11.71875,-0.11074176157014823,BE_STOP
atr,closed-592,SPX/USDT,1784693278.8365808,1784836799.999,0.3687,0.34363,6.546940989577275,39.0625,-2.6560804854895617,STOP_LOSS
atr,closed-589,JUP/USDT,1781845006.1253214,1784836799.999,0.1866,0.18652,8.022508038585208,38.95324884649299,-0.016700213867735594,BE_STOP
atr,closed-575,EIGEN/USDT,1783972876.986496,1784851199.999,0.239,0.2168,7.585176329946205,39.0625,-3.6283995815899592,STOP_LOSS
atr,closed-600,TNSR/USDT,1784881629.385052,1784894399.999,0.0339,0.03235,4.0,19.53125,-0.8930217551622426,STOP_LOSS
atr,closed-586,XLM/USDT,1783843469.8249702,1784908799.999,0.1855,0.17784,4.0,39.06259,-1.6130428000000017,STOP_LOSS
atr,closed-585,JTO/USDT,1784620884.6568456,1784908799.999,0.6063,0.58859,6.328550222662052,39.0625,-1.1410141431634526,BE_STOP
atr,closed-603,POLYX/USDT,1784722098.1613133,1784937599.999,0.038,0.035555,6.018045112781951,19.53125,-1.25668174342105,STOP_LOSS
atr,closed-588,WLD/USDT,1784563727.2436152,1784937599.999,0.3744,0.34677,5.500610500610495,39.061152,-2.8826379000000006,STOP_LOSS
atr,closed-597,STX/USDT,1784867931.568794,1784951999.999,0.1484,0.13784,4.725644974971117,19.53125,-1.389824797843667,STOP_LOSS
atr,closed-607,NEO/USDT,1784430110.1912744,1784966399.999,2.054,1.9661,4.0,19.53125,-0.835831000486854,STOP_LOSS
atr,closed-599,PUMP/USDT,1784491398.7413979,1784980799.999,0.001787,0.00177,5.2442241586058005,39.0625,-0.3716074426412955,BE_STOP
atr,closed-606,TNSR/USDT,1784967476.685054,1785196799.999,0.0338,0.03055,7.202028740490278,19.53125,-1.8780048076923053,STOP_LOSS
atr,closed-613,GMX/USDT,1784405001.5358257,1785398399.999,6.47,6.4693,4.293442260984758,39.0625,-0.004226236476044011,BE_STOP
atr,closed-616,AAVE/USDT,1785359597.9603548,1785542399.999,94.75,93.666,4.96584998115341,39.0625,-0.4468997361477571,BE_STOP
atr,closed-617,LDO/USDT,1784088212.0616543,1785571199.999,0.3356,0.33253,6.977694534309554,58.59375,-0.5360036129320672,BE_STOP
atr,open-18,CAKE/USDT,1785499560.7041657,1785585599.999,1.478,1.4113,4.0,39.0625,-1.762834066305818,STOP_LOSS
atr,closed-593,VVV/USDT,1784361783.1890852,1785614399.999,11.686,11.615,7.996137013764945,19.5308118,-0.1186622999999987,BE_STOP
atr,closed-619,HYPER/USDT,1785631351.6740508,1785815999.999,0.0644,0.05929,6.405057675244011,11.71875,-0.929857336956521,STOP_LOSS
atr,closed-622,VVV/USDT,1785787566.5668435,1785887999.999,12.454,11.635,4.754639932092957,39.0625,-2.56882828810021,STOP_LOSS
atr,closed-621,INJ/USDT,1785556959.1757183,1785902399.999,4.844,4.8169,5.07254925091424,78.125,-0.4370742155243579,BE_STOP
atr,closed-624,JUP/USDT,1785369741.2278616,1785931199.999,0.1981,0.1866,5.4575611163193205,39.0625,-2.2676362948006057,STOP_LOSS
atr,closed-623,HMSTR/USDT,1785960268.6308312,1786003199.999,0.0001961,0.000186,4.808042543891597,19.53125,-1.0059440336562981,STOP_LOSS
atr,closed-627,HMSTR/USDT,1786158572.5481765,1786363199.999,0.0001947,0.000193,10.418959571501949,59.98679577464787,-0.5237676056337972,BE_STOP
atr,closed-630,GRIFFAIN/USDT,1786305971.8689485,1786377599.999,0.011439,0.01113,8.640865210495429,54.24803981789274,-1.4653942043647903,BE_STOP
atr,closed-649,STABLE/USDT,1786183822.3444536,1786435199.999,0.03279,0.031474,4.0,19.53125,-0.7838708447697453,STOP_LOSS
atr,closed-635,BONK/USDT,1786118688.6852303,1786463999.999,2.46e-06,2.2980000000000003e-06,6.010452961672485,19.53125,-1.286204268292682,STOP_LOSS
atr,closed-656,JTO/USDT,1786348922.4082553,1786463999.999,0.5649,0.53686,4.459954985711758,39.0625,-1.9389493715701867,STOP_LOSS
atr,closed-633,SNX/USDT,1782439840.2201767,1786521599.999,0.2,0.19918,7.444285714285713,19.532,-0.08008120000000202,BE_STOP
atr,closed-634,KAITO/USDT,1782489700.1778343,1786535999.999,0.5354,0.49282,6.697262393937778,39.0625,-3.1066142136720227,STOP_LOSS
atr,closed-639,ONDO/USDT,1784132258.6563902,1786564799.999,0.3306,0.3306,4.0,39.0625,0.0,BE_STOP
atr,open-21,VVV/USDT,1786608452.5302684,1786694399.999,12.419,11.664,4.572486857695008,39.0625,-2.3747634672679,STOP_LOSS
atr,closed-646,INJ/USDT,1786594563.1878557,1786708799.999,4.677,4.4259,4.0,58.59375,-3.1457965843489313,STOP_LOSS
atr,closed-645,UNI/USDT,1783541496.437711,1786708799.999,3.312,3.2008,6.5998102139406445,58.59375,-1.9672780797101395,BE_STOP
atr,closed-648,KAITO/USDT,1786684508.3852868,1786852799.999,0.4135,0.35063,12.0,7.812500000000001,-1.187840084643289,STOP_LOSS
atr,closed-650,HEMI/USDT,1786853877.180719,1786881599.999,0.007899,0.006649,12.0,39.06250000000001,-6.1815577921255835,STOP_LOSS
atr,closed-654,WLD/USDT,1786930216.0583718,1787011199.999,0.36777,0.34173,5.007788252751139,78.125,-5.531650216167713,STOP_LOSS
atr,closed-655,GMX/USDT,1786075388.889229,1787126399.999,6.46,6.4531,4.0,58.59375,-0.06258465557275328,BE_STOP
atr,closed-694,STABLE/USDT,1786858683.4968398,1787155199.999,0.029939,0.02823,4.5077371607983805,19.53125,-1.1148971659040028,STOP_LOSS
atr,closed-672,TURBO/USDT,1787306088.5451221,1787342399.999,0.001081,0.00099,5.682569049821595,39.0625,-3.2883325624421826,STOP_LOSS
atr,closed-671,TAO/USDT,1787355248.0483787,1787385599.999,233.0,229.21,6.460453709380746,58.59375,-0.9530914699570773,BE_STOP
atr,closed-676,FIL/USDT,1787375150.025655,1787385599.999,0.85667,0.78649,7.048054843588717,39.0625,-3.2000726650869074,STOP_LOSS
atr,closed-670,ICP/USDT,1787316031.7026362,1787385599.999,2.4679,2.4618,5.455766325331542,58.59374999999999,-0.14482834596215177,BE_STOP
atr,closed-710,ETC/USDT,1787355247.9277246,1787385599.999,8.298,8.2239,4.9562717350135985,58.59375,-0.5232341377440336,BE_STOP
atr,closed-673,WLFI/USDT,1787375150.3591092,1787385599.999,0.0719,0.060126,6.465328829723825,58.59375,-9.595032162726014,STOP_LOSS
atr,closed-684,SUPER/USDT,1787375150.237171,1787399999.999,0.1058,0.10019,4.676343505265999,58.59374999999999,-3.106908672022687,STOP_LOSS
atr,closed-675,ZEN/USDT,1787355248.110739,1787399999.999,5.3395,5.2021,6.031597394084521,58.59375,-1.5077781159284624,BE_STOP
atr,closed-679,HMSTR/USDT,1787316031.6526325,1787399999.999,0.000192,0.000191,4.315476190476188,58.593792,-0.30517600000000217,BE_STOP
atr,closed-664,SUI/USDT,1787355247.5039132,1787399999.999,0.85385,0.83049,6.660755067383868,58.59375,-1.6030333196697353,BE_STOP
atr,closed-680,KAS/USDT,1787375150.0972967,1787399999.999,0.031633,0.029121,6.837344364610198,58.59375,-4.652973160939528,STOP_LOSS
atr,closed-678,ASTER/USDT,1787217826.342816,1787399999.999,0.67359,0.66153,4.0,39.0625,-0.6993775887409286,BE_STOP
atr,closed-668,EIGEN/USDT,1787335674.933256,1787399999.999,0.2159,0.2114,7.2189505723549265,39.0625,-0.8141790180639201,BE_STOP
atr,closed-665,ALGO/USDT,1787355247.8064127,1787414399.999,0.097594,0.091806,5.062372101329417,58.59375,-3.475015113634033,STOP_LOSS
atr,closed-677,TNSR/USDT,1787375150.3003032,1787414399.999,0.0384,0.0346,7.016369047619044,58.59374999999999,-5.798339843749995,STOP_LOSS
atr,closed-681,TIA/USDT,1787316031.8481514,1787414399.999,0.3764,0.37512,5.6565963260968575,58.59374999999999,-0.19925611052072284,BE_STOP
atr,closed-669,HBAR/USDT,1787355247.990655,1787414399.999,0.080468,0.076332,4.929732493484544,58.59375,-3.011678555450612,STOP_LOSS
atr,closed-662,KAITO/USDT,1787221072.8077412,1787443199.999,0.34704,0.34677,7.740153461107817,11.71875,-0.009117284751037312,BE_STOP
atr,closed-682,ARB/USDT,1787316031.607199,1787457599.999,0.09681,0.0959,6.407248365723726,39.0625,-0.3671818510484447,BE_STOP
atr,closed-674,XPL/USDT,1787316031.9495687,1787457599.999,0.10111,0.09194,7.940432626418185,58.59375,-5.314060800118687,STOP_LOSS
atr,closed-663,AVAX/USDT,1787355247.4307506,1787457599.999,7.8877,7.4087,5.8909079054368565,39.0625,-2.3721664743841684,STOP_LOSS
atr,closed-692,ZRO/USDT,1787437410.9899712,1787543999.999,1.181,1.165,12.0,39.06250000000001,-0.5292125317527507,BE_STOP
atr,closed-689,JTO/USDT,1787057048.5121198,1787601599.999,0.56388,0.56088,4.837148734786522,78.125,-0.41564694615876113,BE_STOP
atr,closed-657,HEMI/USDT,1786987757.442123,1787687999.999,0.007213,0.007118,12.0,39.06250000000001,-0.5144790655760421,BE_STOP
atr,closed-695,GRASS/USDT,1787559050.7811475,1787702399.999,0.3778,0.32879,12.0,39.0625,-5.067371956061408,STOP_LOSS
atr,closed-709,DASH/USDT,1787348509.3227394,1787702399.999,38.079,37.881,5.23047949188341,58.59375,-0.3046708815882806,BE_STOP
atr,closed-667,DOGE/USDT,1787355247.865448,1787702399.999,0.092489,0.085675,5.645458996668327,58.59375000000001,-4.316814026532885,STOP_LOSS
atr,closed-707,LTC/USDT,1787316031.752325,1787702399.999,50.44,49.942,4.0,58.59375,-0.5785029242664531,BE_STOP
atr,closed-715,SUPER/USDT,1787518614.9741669,1787759999.999,0.1075,0.10617,7.61833887043189,58.59394999999999,-0.7249298,BE_STOP
atr,closed-718,ARB/USDT,1787603982.510226,1787759999.999,0.09665,0.08883,6.669130145591608,39.0625,-3.1605664769787873,STOP_LOSS
atr,closed-659,XLM/USDT,1787237441.916199,1787759999.999,0.1809,0.17915,4.700307983890073,19.53125,-0.18894244057490348,BE_STOP
atr,closed-726,STABLE/USDT,1787555196.2889938,1787774399.999,0.029603,0.026398,7.98181651473548,19.53125,-2.1145713694557986,STOP_LOSS
atr,closed-720,JTO/USDT,1787647630.5436575,1787889599.999,0.56107,0.48355,9.458203585496081,16.520050407839125,-2.282485799660806,STOP_LOSS
atr,closed-725,COMP/USDT,1787198553.4763155,1787932799.999,18.94,17.867,6.111781565847039,58.59375,-3.3194875263991532,BE_STOP
atr,closed-724,SYRUP/USDT,1787296143.531936,1787932799.999,0.183,0.17921,5.487900078064015,58.59375,-1.2134989754098293,BE_STOP
atr,closed-686,AR/USDT,1787276574.8004525,1787975999.999,2.062,2.0616,4.485935984481086,58.59375,-0.011366391852566955,BE_STOP
atr,closed-719,EIGEN/USDT,1787653734.2918935,1787990399.999,0.2152,0.1934,10.083643122676584,30.99078341013824,-3.1394009216589875,STOP_LOSS
atr,closed-721,XPL/USDT,1787649878.6262581,1787990399.999,0.09388,0.08259,12.0,52.083333333333336,-6.263536784547654,STOP_LOSS
atr,closed-723,TURBO/USDT,1787691612.4212477,1788134399.999,0.000987,0.000936,9.393544651903312,49.9012904468413,-2.578486132511561,BE_STOP
atr,closed-690,WLD/USDT,1787276574.9872198,1788134399.999,0.371,0.36171,6.833269156719292,78.125,-1.9562836927223757,BE_STOP
atr,closed-736,ONDO/USDT,1787179310.9892206,1788134399.999,0.34686,0.34392,4.0,39.0625,-0.3310953987199425,BE_STOP
atr,closed-771,HBAR/USDT,1787687441.4946203,1788134399.999,0.078974,0.073438,5.952953775021796,58.59375,-4.107364449059184,STOP_LOSS
atr,closed-755,ANIME/USDT,1788137884.9913085,1788148799.999,0.002988,0.002856,4.0,19.53125,-0.8628263052208855,STOP_LOSS
atr,closed-742,ZORA/USDT,1788143655.4969327,1788235199.999,0.008656,0.008528,8.496171111697915,18.39063714063714,-0.27195027195027127,BE_STOP
atr,closed-641,GRIFFAIN/USDT,1786463111.6804478,1788249599.999,0.011284,0.011137,10.06481997265408,62.09748427672952,-0.8089622641509522,BE_STOP
atr,closed-746,TRX/USDT,1783267758.6527386,1788263999.999,0.3298,0.32827,4.0,39.0625,-0.18121778350514967,BE_STOP
atr,closed-745,PAXG/USDT,1786392464.4821825,1788263999.999,4379.06,4379.0,4.0,39.0625,-0.0005352176037825077,BE_STOP
atr,closed-740,TAO/USDT,1787692577.2622232,1788292799.999,225.9,222.49,7.2023019034971245,78.125,-1.1793105356352336,BE_STOP
atr,closed-747,MON/USDT,1787237121.7899277,1788292799.999,0.02598,0.025924,6.761244913669856,78.125,-0.16839876828329825,BE_STOP
atr,closed-691,FARTCOIN/USDT,1787257012.0257638,1788307199.999,0.16936,0.16781,7.232269383899048,58.59375,-0.5362559783892383,BE_STOP
atr,closed-751,GRASS/USDT,1787782118.7022953,1788350399.999,0.37537,0.3339,9.965024984872073,47.03952079514205,-5.196816280934922,STOP_LOSS
atr,closed-754,ENS/USDT,1787330533.7404306,1788364799.999,5.3742,5.3206,7.064971796466721,58.59375,-0.5843893044546228,BE_STOP
atr,closed-756,INJ/USDT,1787257012.0682034,1788379199.999,4.7554,4.7483,5.406184848503058,39.0625,-0.058321855154136806,BE_STOP
atr,closed-762,ZRO/USDT,1787970773.8208308,1788537599.999,1.0737,1.0551,9.731369496667062,64.22528712059068,-1.1125922887612893,BE_STOP
atr,closed-760,WLD/USDT,1788445106.2243848,1788537599.999,0.3775,0.37526,5.373320719016081,58.59555,-0.3476928000000028,BE_STOP
atr,open-61,INJ/USDT,1788484913.967507,1788537599.999,4.9955,4.7196,4.587271401404121,19.53125,-1.0787052096887193,STOP_LOSS
atr,open-60,XLM/USDT,1788464996.773688,1788537599.999,0.1869,0.17892,4.0,58.59375,-2.5017556179775355,STOP_LOSS
atr,closed-761,XPL/USDT,1788445106.2824805,1788595199.999,0.0932,0.093129,7.011496014714902,39.0625,-0.02975791309012786,BE_STOP
atr,closed-722,HEMI/USDT,1787861705.5252905,1788767999.999,0.01004,0.008482,12.0,26.041666666666668,-4.041127158034529,STOP_LOSS
atr,closed-765,FARTCOIN/USDT,1788509300.8572931,1788767999.999,0.17199,0.16999,7.077654016429524,39.0625,-0.4542415256700988,BE_STOP
atr,closed-774,LINEA/USDT,1788740491.4145417,1788767999.999,0.002873,0.002729,4.13206702799463,58.59375,-2.936825617821093,STOP_LOSS
atr,closed-767,GRIFFAIN/USDT,1788495178.9890077,1788796799.999,0.012499,0.01143,7.738904826671847,78.125,-6.681784542763424,STOP_LOSS
atr,closed-768,MON/USDT,1788668078.9320529,1788868799.999,0.02559,0.02546,7.962373695081782,19.53125,-0.09922088706526165,BE_STOP
reset_be10,closed-1,VVV/USDT,1773376987.682436,1773719999.999,6.363,5.8404,8.0,238.0952380952381,-19.555016726162428,STOP_LOSS
reset_be10,closed-0,TRX/USDT,1773376987.6815863,1773935999.999,0.2896,0.29989,8.0,476.19047619047626,16.91988950276235,NO_LONG
reset_be10,closed-2,TAO/USDT,1774441801.607653,1774612799.999,358.03,324.56,8.0,116.27906976744185,-10.870207706382914,STOP_LOSS
reset_be10,closed-6,PURR/USDT,1774442017.1916852,1774612799.999,0.087222,0.078611,8.0,166.66666666666666,-16.454182048871445,STOP_LOSS
reset_be10,closed-219,MORPHO/USDT,1774510530.623234,1774612799.999,1.67,1.5096,8.0,41.666666666666664,-4.001996007984029,STOP_LOSS
reset_be10,closed-5,ZRO/USDT,1774441946.5160167,1774627199.999,2.219,2.0187,8.0,181.8181818181818,-16.41197918800441,STOP_LOSS
reset_be10,open-0,HYPE/USDT,1773232095.0530453,1775102399.999,35.49,35.19,8.0,454.54545454545456,-3.8423115346192755,BE_STOP
reset_be10,closed-24,POLYX/USDT,1775288053.4456906,1775318399.999,0.0559,0.051078,8.0,40.32258064516129,-3.4782734145074707,STOP_LOSS
reset_be10,closed-26,AIXBT/USDT,1775657941.3443787,1775678399.999,0.02726,0.024891,8.0,40.32258064516129,-3.5041890516649703,STOP_LOSS
reset_be10,closed-3,TAO/USDT,1774650703.1715167,1775793599.999,313.81,276.09,8.0,166.66666666666666,-20.03335351539681,STOP_LOSS
reset_be10,closed-4,TNSR/USDT,1775720377.817925,1775836799.999,0.04687,0.04235,8.0,24.193548387096772,-2.333152095363293,STOP_LOSS
reset_be10,closed-20,ALGO/USDT,1775318628.0736766,1775879999.999,0.11886,0.10877,8.0,80.64516129032258,-6.845950508323689,STOP_LOSS
reset_be10,closed-10,TURBO/USDT,1776366178.3499205,1776412799.999,0.00133,0.001211,8.0,19.53125,-1.747532894736841,STOP_LOSS
reset_be10,closed-16,GRIFFAIN/USDT,1776441680.2020073,1776470399.999,0.01773,0.0162,8.0,39.0625,-3.370875634517768,STOP_LOSS
reset_be10,closed-13,MOODENG/USDT,1776370082.2002487,1776513599.999,0.061019,0.056095,8.0,58.59375,-4.728291597699077,STOP_LOSS
reset_be10,closed-15,ZETA/USDT,1776392430.3794386,1776513599.999,0.06179,0.05586,8.0,19.53125,-1.874418392943842,STOP_LOSS
reset_be10,closed-27,GRASS/USDT,1776338275.5458813,1776527999.999,0.37161,0.33569,8.0,109.89010989010987,-10.622030481560628,STOP_LOSS
reset_be10,closed-32,RENDER/USDT,1775246608.4542537,1776542399.999,1.9436,1.7829,8.0,166.66666666666666,-13.780270288811142,STOP_LOSS
reset_be10,closed-31,VIRTUAL/USDT,1776442685.225196,1776542399.999,0.77449,0.70582,8.0,58.59375,-5.195203052976798,STOP_LOSS
reset_be10,closed-25,TIA/USDT,1776470858.0107574,1776542399.999,0.4314,0.39664,8.0,58.59375,-4.721183936022253,STOP_LOSS
reset_be10,closed-22,ACE/USDT,1776501359.121004,1776542399.999,0.1444,0.1253,8.0,11.71875,-1.5500562673130196,STOP_LOSS
reset_be10,closed-17,ZRO/USDT,1776338966.3650606,1776556799.999,1.9454,1.7817,8.0,19.53125,-1.6435003726740005,STOP_LOSS
reset_be10,closed-34,KAITO/USDT,1776338275.548521,1776556799.999,0.4499,0.44094,8.0,54.94505494505494,-1.094260262964422,BE_STOP
reset_be10,closed-9,MON/USDT,1776338349.0392292,1776556799.999,0.035808,0.032415,8.0,45.45454545454545,-4.307061905922494,STOP_LOSS
reset_be10,closed-14,LDO/USDT,1776356269.2247193,1776571199.999,0.41589,0.37339,8.0,58.59374999999999,-5.98772361682175,STOP_LOSS
reset_be10,closed-37,WLD/USDT,1776474095.795278,1776571199.999,0.28456,0.261,8.0,11.71875,-0.9702479266235583,STOP_LOSS
reset_be10,closed-28,AERO/USDT,1776427632.5067496,1776585599.999,0.41991,0.38055,8.0,58.59375,-5.492248338929773,STOP_LOSS
reset_be10,closed-45,ZEC/USDT,1776338419.7554412,1776628799.999,345.78,303.4,8.0,39.0625,-4.787635924576321,STOP_LOSS
reset_be10,closed-46,TAO/USDT,1776441680.2079284,1776643199.999,260.73,239.36,8.0,78.125,-6.403295554788481,STOP_LOSS
reset_be10,closed-38,PURR/USDT,1776348142.5372531,1776643199.999,0.080033,0.073511,8.0,78.125,-6.366514437794405,STOP_LOSS
reset_be10,closed-8,FET/USDT,1776338275.5433605,1776643199.999,0.2312,0.2085,8.0,27.47252747252747,-2.6973459066884664,STOP_LOSS
reset_be10,closed-49,CAKE/USDT,1776442685.2202237,1776643199.999,1.6391,1.5029,8.0,58.59375000000001,-4.868811390397175,STOP_LOSS
reset_be10,closed-29,DYDX/USDT,1776484907.512156,1776643199.999,0.14717,0.13368,8.0,58.59375,-5.370861503703203,STOP_LOSS
reset_be10,closed-58,COMP/USDT,1776338275.5405662,1776801599.999,22.779,22.659,8.0,82.41758241758241,-0.4341766491114609,BE_STOP
reset_be10,closed-63,SUPER/USDT,1776663915.8739815,1776916799.999,0.12494,0.12434,8.0,19.53125,-0.09379502161037043,BE_STOP
reset_be10,closed-7,TRB/USDT,1776338419.7474828,1776945599.999,17.773,17.745,8.0,58.59375000000001,-0.09230996455297011,BE_STOP
reset_be10,closed-68,HYPER/USDT,1777117974.2439666,1777175999.999,0.13234,0.12924,8.0,19.53125,-0.45751001209007414,BE_STOP
reset_be10,closed-69,HEMI/USDT,1777148562.0403845,1777262399.999,0.009872,0.008819,8.0,19.53125,-2.0833069540113454,STOP_LOSS
reset_be10,closed-72,LDO/USDT,1776888212.1474862,1777276799.999,0.394,0.38265,8.0,58.59375,-1.6879164022842708,BE_STOP
reset_be10,closed-65,DOT/USDT,1775980972.484268,1777305599.999,1.2249,1.218,8.0,40.32258064516129,-0.2271416494829098,BE_STOP
reset_be10,closed-76,INJ/USDT,1777188940.993972,1777305599.999,3.9042,3.5434,8.0,19.53125,-1.8049472363096137,STOP_LOSS
reset_be10,closed-67,MON/USDT,1776960050.4621058,1777348799.999,0.03295,0.030009,8.0,39.0625,-3.486580045523519,STOP_LOSS
reset_be10,closed-82,MINA/USDT,1777183609.7501297,1777348799.999,0.066591,0.061162,8.0,19.53125,-1.5923346435704517,STOP_LOSS
reset_be10,closed-80,GRASS/USDT,1776687450.598616,1777377599.999,0.3347,0.33381,8.0,39.0625,-0.10387100388407379,BE_STOP
reset_be10,closed-74,SPX/USDT,1776960127.6242328,1777391999.999,0.3914,0.35815,8.0,39.0625,-3.318416262135921,STOP_LOSS
reset_be10,closed-87,JUP/USDT,1777263265.137944,1777478399.999,0.1981,0.18167,8.0,39.0625,-3.239762115093388,STOP_LOSS
reset_be10,closed-90,ACE/USDT,1776621986.14587,1777579199.999,0.1173,0.1173,8.0,11.71827,0.0,BE_STOP
reset_be10,closed-88,WLD/USDT,1776659553.5330515,1777622399.999,0.26257,0.23954,8.0,19.53125,-1.7130848440415893,STOP_LOSS
reset_be10,closed-75,TRUMP/USDT,1777153335.7161508,1777636799.999,2.5483,2.3195,8.0,19.53125,-1.7536200604324435,STOP_LOSS
reset_be10,closed-106,STX/USDT,1778011394.3662658,1778025599.999,0.27688,0.25326,8.0,39.0625,-3.3323325989598414,STOP_LOSS
reset_be10,closed-108,HMSTR/USDT,1777985982.784278,1778471999.999,0.000178,0.000177,8.0,19.53125,-0.10972612359550589,BE_STOP
reset_be10,closed-120,VVV/USDT,1773965225.795107,1778500799.999,5.7672,17.733,8.0,142.85714285714286,296.40033291718686,TRIM
reset_be10,closed-121,PURR/USDT,1777907180.30233,1778500799.999,0.069262,0.06827,8.0,19.53125,-0.27973491958072516,BE_STOP
reset_be10,closed-122,SKY/USDT:USDT,1776384133.7954965,1778515199.999,0.076726,0.076399,8.0,78.125,-0.3329624247321722,BE_STOP
reset_be10,closed-126,OP/USDT,1778276246.1016092,1778515199.999,0.17145,0.15762,8.0,58.59375,-4.7264599737532755,STOP_LOSS
reset_be10,closed-127,FIL/USDT,1778040139.0388875,1778558399.999,1.1152,1.1054,8.0,39.0625,-0.34326802367288384,BE_STOP
reset_be10,closed-119,LINEA/USDT,1778286505.0023654,1778558399.999,0.004307,0.003926,8.0,78.125,-6.910987926631073,STOP_LOSS
reset_be10,closed-129,VVV/USDT,1778544063.000116,1778572799.999,17.234,17.195,8.0,78.125,-0.1767944180109185,TRIM
reset_be10,closed-89,GRASS/USDT,1777464209.6407816,1778572799.999,0.346,0.34432,8.0,39.0625,-0.18966763005779685,BE_STOP
reset_be10,closed-85,MOODENG/USDT,1776845770.4253204,1778587199.999,0.06087,0.060595,8.0,58.59375,-0.26471630113356376,BE_STOP
reset_be10,closed-135,YGG/USDT,1778286505.0236268,1778587199.999,0.04793,0.044095,8.0,58.59375,-4.688233491550178,STOP_LOSS
reset_be10,closed-133,ENA/USDT,1778288907.9717069,1778587199.999,0.13441,0.12334,8.0,58.59375,-4.825777936909455,STOP_LOSS
reset_be10,closed-99,LDO/USDT,1777376275.7438529,1778601599.999,0.3906,0.38864,8.0,39.0625,-0.19601254480286837,BE_STOP
reset_be10,closed-134,ZEN/USDT,1777810728.8971298,1778601599.999,6.6011,6.5389,8.0,58.59375,-0.5521096862644076,BE_STOP
reset_be10,closed-116,AR/USDT,1778040684.8378124,1778601599.999,2.5154,2.2897,8.0,58.59375000000001,-5.2574578098910765,STOP_LOSS
reset_be10,closed-118,FARTCOIN/USDT,1778068848.3786285,1778601599.999,0.25099,0.23069,8.0,58.59375,-4.739045878321842,STOP_LOSS
reset_be10,closed-136,ENS/USDT,1778443738.9499888,1778601599.999,7.5691,6.8669,8.0,58.59375000000001,-5.435855154509778,STOP_LOSS
reset_be10,closed-149,PURR/USDT,1778605541.2295043,1778687999.999,0.06708,0.059397,8.0,19.53125,-2.237009447674419,STOP_LOSS
reset_be10,closed-91,AIXBT/USDT,1777537069.5531116,1778687999.999,0.03023,0.030226,8.0,39.0625,-0.005168706582866708,BE_STOP
reset_be10,closed-97,MON/USDT,1777648071.9245172,1778687999.999,0.029378,0.028979,8.0,19.53125,-0.2652654622506629,BE_STOP
reset_be10,closed-153,VIRTUAL/USDT,1777867939.9666662,1778687999.999,0.77685,0.76502,8.0,58.59374999999999,-0.8922752944583926,BE_STOP
reset_be10,closed-117,ACE/USDT,1778312880.9325264,1778687999.999,0.1401,0.1281,8.0,19.531341,-1.672920000000002,STOP_LOSS
reset_be10,closed-125,PUMP/USDT,1778156495.6259973,1778687999.999,0.002053,0.001863,8.0,58.59375,-5.422704578665367,STOP_LOSS
reset_be10,closed-151,BRETT/USDT,1778300975.9792583,1778687999.999,0.009479,0.009276,8.0,58.59374999999999,-1.2548297552484438,BE_STOP
reset_be10,closed-94,GMX/USDT,1776932030.135696,1778716799.999,7.0524,7.0135,8.0,39.0625,-0.21546299841188662,BE_STOP
reset_be10,closed-150,VVV/USDT,1778638618.0104995,1778731199.999,15.562,13.257,8.0,78.125,-11.571656920704278,STOP_LOSS
reset_be10,closed-132,TURBO/USDT,1777968203.8377542,1778731199.999,0.001287,0.001277,8.0,58.59375,-0.4552738927738947,BE_STOP
reset_be10,closed-167,ICP/USDT,1778054711.548446,1778831999.999,2.7566,2.718,8.0,58.59375,-0.8204740441123131,BE_STOP
reset_be10,closed-169,GMT/USDT,1778789470.1753953,1778846399.999,0.013324,0.012245,8.0,58.59375,-4.745020733263284,STOP_LOSS
reset_be10,closed-138,FET/USDT,1778054711.5226376,1778860799.999,0.22606,0.20308,8.0,58.59374999999999,-5.956314142263117,STOP_LOSS
reset_be10,closed-101,ZETA/USDT,1777563250.3521895,1778860799.999,0.05895,0.05264,8.0,19.53125,-2.0906223494486857,STOP_LOSS
reset_be10,closed-179,NEO/USDT,1778142776.6817453,1778860799.999,2.9751,2.9672,8.0,58.59375,-0.15558825753755456,BE_STOP
reset_be10,closed-172,ARB/USDT,1778184130.607847,1778860799.999,0.12634,0.12381,8.0,39.0625,-0.7822393936995431,BE_STOP
reset_be10,closed-170,SUI/USDT,1778401945.7011185,1778860799.999,1.1266,1.0881,8.0,58.59375,-2.0023605316882622,BE_STOP
reset_be10,closed-184,SKY/USDT,1774583431.537942,1778875199.999,0.070643,0.070418,8.0,24.999999999999996,-0.07962572370935615,BE_STOP
reset_be10,closed-185,MINA/USDT,1777860052.3457975,1778875199.999,0.060491,0.060468,8.0,19.53125,-0.007426208030946683,BE_STOP
reset_be10,closed-130,KAS/USDT,1778429740.3404424,1778875199.999,0.0386,0.035278,8.0,58.59375,-5.042705634715034,STOP_LOSS
reset_be10,closed-183,KAITO/USDT,1777521756.313358,1778903999.999,0.4445,0.44069,8.0,39.0625,-0.33482142857142827,BE_STOP
reset_be10,closed-187,WLFI/USDT,1778351621.9763196,1778903999.999,0.069881,0.064232,8.0,11.71875,-0.9473135580486837,STOP_LOSS
reset_be10,closed-81,ALGO/USDT,1777090682.0724192,1778918399.999,0.11172,0.11119,8.0,39.0625,-0.18531261188686146,BE_STOP
reset_be10,closed-195,ANIME/USDT,1775527308.6855934,1778918399.999,0.004501,0.004418,8.0,40.32258064516129,-0.7435623624857525,BE_STOP
reset_be10,closed-159,STX/USDT,1778214541.0529773,1778918399.999,0.26412,0.24175,8.0,58.59375,-4.962676766242624,STOP_LOSS
reset_be10,closed-147,SNX/USDT,1778200279.8742115,1778918399.999,0.3399,0.31034,8.0,58.59375,-5.0957082965578095,STOP_LOSS
reset_be10,closed-182,ETC/USDT,1778257707.5379243,1778918399.999,9.7875,8.9182,8.0,58.59375,-5.204142720306511,STOP_LOSS
reset_be10,closed-171,PURR/USDT,1778797954.3954852,1778932799.999,0.069389,0.063169,8.0,19.53125,-1.7507728170171084,STOP_LOSS
reset_be10,closed-21,FLOKI/USDT,1776410843.7259934,1778932799.999,3.153e-05,3.1431e-05,8.0,78.125,-0.24530209324452773,BE_STOP
reset_be10,closed-200,TIA/USDT,1778214541.0735338,1778932799.999,0.4011,0.40026,8.0,58.59375,-0.12270942408377236,BE_STOP
reset_be10,closed-203,LINK/USDT,1778301053.3965695,1778932799.999,10.541,9.648,8.0,58.59375000000001,-4.96387617398729,STOP_LOSS
reset_be10,closed-128,UNI/USDT,1778372238.987565,1778932799.999,3.8104,3.479,8.0,58.59375,-5.096044706592482,STOP_LOSS
reset_be10,closed-208,AERO/USDT,1776870104.3286061,1778961599.999,0.4193,0.41819,8.0,19.53125,-0.051704477700930104,BE_STOP
reset_be10,closed-201,MANTA/USDT,1778501315.778693,1779004799.999,0.07504,0.07494,8.0,58.59375,-0.07808335554370305,BE_STOP
reset_be10,closed-206,DYDX/USDT,1776787769.7733579,1779019199.999,0.13995,0.13989,8.0,58.59375,-0.02512057877813523,BE_STOP
reset_be10,closed-202,CAKE/USDT,1778429740.3196933,1779033599.999,1.5887,1.4586,8.0,58.59375,-4.798292235790273,STOP_LOSS
reset_be10,closed-211,POLYX/USDT,1778272136.726014,1779062399.999,0.053748,0.052985,8.0,58.59375,-0.8317896712435797,BE_STOP
reset_be10,closed-213,TURBO/USDT,1778860958.2029781,1779062399.999,0.001227,0.001115,8.0,39.0625,-3.565607171964135,STOP_LOSS
reset_be10,closed-178,IMX/USDT,1778301053.3732498,1779062399.999,0.19237,0.17216,8.0,58.59374999999999,-6.155739915267453,STOP_LOSS
reset_be10,closed-176,MON/USDT,1778801725.1860821,1779076799.999,0.029894,0.02708,8.0,11.71875,-1.103116428045762,STOP_LOSS
reset_be10,closed-215,FIL/USDT,1778823647.6918747,1779091199.999,1.02,0.93638,8.0,78.125,-6.404718137254907,STOP_LOSS
reset_be10,closed-216,DOGE/USDT,1777867939.9468355,1779119999.999,0.11303,0.10381,8.0,58.59375000000001,-4.779566265593206,STOP_LOSS
reset_be10,closed-217,W/USDT,1778868687.5313115,1779119999.999,0.01318,0.01211,8.0,19.53125,-1.5856174127465883,STOP_LOSS
reset_be10,closed-218,KAITO/USDT,1779034109.0460885,1779177599.999,0.49811,0.45066,8.0,19.53125,-1.8605484983236633,STOP_LOSS
reset_be10,closed-237,MON/USDT,1779394866.682503,1779479999.999,0.029253,0.026533,8.0,39.0625,-3.6321061087751665,STOP_LOSS
reset_be10,closed-144,HYPER/USDT,1778027735.9757051,1779479999.999,0.10849,0.10663,8.0,19.53125,-0.3348522905336892,BE_STOP
reset_be10,closed-209,AIXBT/USDT,1778976126.813539,1779494399.999,0.032229,0.029254,8.0,39.0625,-3.6057878773775207,STOP_LOSS
reset_be10,closed-114,COMP/USDT,1777737408.6844754,1779494399.999,22.645,19.647,8.0,39.062625000000004,-5.171550000000003,STOP_LOSS
reset_be10,closed-245,TURBO/USDT,1779437090.04329,1779494399.999,0.001218,0.00111,8.0,39.0625,-3.463669950738912,STOP_LOSS
reset_be10,closed-243,FLOKI/USDT,1778990618.0513735,1779494399.999,0.031644,0.028922,8.0,39.0625,-3.3601354127164687,STOP_LOSS
reset_be10,closed-240,AR/USDT,1779293670.9670963,1779494399.999,2.2377,2.0439,8.0,39.0625,-3.3830774902801966,STOP_LOSS
reset_be10,closed-236,VIRTUAL/USDT,1779423653.5368202,1779523199.999,0.76334,0.6879,8.0,39.0625,-3.8605012183299743,STOP_LOSS
reset_be10,closed-235,SPX/USDT,1779264730.7604845,1779523199.999,0.37281,0.34183,8.0,39.0625,-3.2460402081489197,STOP_LOSS
reset_be10,closed-230,ZEN/USDT,1779278568.483516,1779523199.999,6.3773,5.7743,8.0,58.59375,-5.540280565443055,STOP_LOSS
reset_be10,closed-252,FIL/USDT,1779452180.1996272,1779523199.999,1.023,0.92628,8.0,58.59374999999999,-5.539772727272723,STOP_LOSS
reset_be10,closed-234,SUI/USDT,1779322474.7654321,1779523199.999,1.0845,0.99515,8.0,39.0625,-3.218288958045184,STOP_LOSS
reset_be10,closed-223,VVV/USDT,1779033642.6291392,1779652799.999,14.334,19.971,8.0,39.0625,15.36174916282964,TRIM
reset_be10,closed-264,VVV/USDT,1779667493.865621,1779753599.999,19.117,17.369,8.0,39.0625,-3.5717555055709593,STOP_LOSS
reset_be10,closed-257,GMT/USDT,1779518426.2256098,1779753599.999,0.012264,0.011201,8.0,19.53125,-1.6928994414546665,STOP_LOSS
reset_be10,closed-265,GMX/USDT,1779379343.8030367,1779767999.999,6.98,6.3722,8.0,58.59375,-5.102189290830948,STOP_LOSS
reset_be10,closed-270,ETC/USDT,1779452180.1786182,1779839999.999,9.38,8.6268,8.0,39.0625,-3.136660447761201,STOP_LOSS
reset_be10,closed-256,BCH/USDT,1779084611.2709715,1779839999.999,374.73,343.06,8.0,19.53125,-1.6506676473727757,STOP_LOSS
reset_be10,closed-275,ALGO/USDT,1779249645.582131,1779926399.999,0.11575,0.10635,8.0,78.125,-6.344492440604754,STOP_LOSS
reset_be10,closed-278,VIRTUAL/USDT,1779567384.146958,1779926399.999,0.75786,0.7446,8.0,39.0625,-0.6834623149394332,BE_STOP
reset_be10,closed-277,EIGEN/USDT,1779725268.386489,1779926399.999,0.2548,0.2281,8.0,39.0625,-4.093283948194666,STOP_LOSS
reset_be10,closed-250,POLYX/USDT,1779371457.0499516,1779940799.999,0.052928,0.048634,8.0,39.0625,-3.1691047271765465,STOP_LOSS
reset_be10,closed-289,AIXBT/USDT,1779917961.0039396,1779940799.999,0.0295,0.027068,8.0,39.0625,-3.220338983050846,STOP_LOSS
reset_be10,closed-284,AERO/USDT,1779087736.1520138,1779940799.999,0.40568,0.40159,8.0,11.71875,-0.11814653791165441,BE_STOP
reset_be10,closed-293,WIF/USDT,1776931487.6728902,1779940799.999,0.1803,0.17857,8.0,19.53125,-0.1874046727676085,BE_STOP
reset_be10,closed-294,MINA/USDT,1779048867.2561538,1779940799.999,0.059114,0.053866,8.0,19.53125,-1.7339378150691884,STOP_LOSS
reset_be10,closed-285,ZEN/USDT,1779739802.556133,1779940799.999,6.2987,5.7271,8.0,39.0625,-3.544878308222332,STOP_LOSS
reset_be10,closed-286,ICP/USDT,1779739725.2246745,1779940799.999,2.732,2.7201,8.0,39.0625,-0.1701477855051278,BE_STOP
reset_be10,closed-255,ZORA/USDT,1779272556.200639,1779940799.999,0.011136,0.009886,8.0,11.71875,-1.3154128502155162,STOP_LOSS
reset_be10,closed-242,SUPER/USDT,1779226254.6535099,1779955199.999,0.11049,0.11013,8.0,19.53125,-0.06363698072223622,BE_STOP
reset_be10,closed-773,OP/USDT,1779305847.0323625,1779955199.999,0.12892,0.11778,8.0,19.53125,-1.6876987666770114,STOP_LOSS
reset_be10,closed-287,FLOKI/USDT,1779624990.4271636,1779969599.999,0.029687,0.027111,8.0,19.53125,-1.6947653855222842,STOP_LOSS
reset_be10,closed-232,DYDX/USDT,1779249877.1534681,1779969599.999,0.1487,0.14616,8.0,39.0625,-0.6672410894418245,BE_STOP
reset_be10,closed-297,ACE/USDT,1779055755.161081,1779969599.999,0.1173,0.1077,8.0,11.71875,-0.9590792838874677,STOP_LOSS
reset_be10,closed-298,DASH/USDT,1777814320.8284965,1779969599.999,39.231,38.925,8.0,39.0625,-0.30468570773113746,BE_STOP
reset_be10,closed-290,BTC/USDT,1776873742.6110334,1779983999.999,79309.8,72924.0,8.0,58.59375,-4.717802450012484,STOP_LOSS
reset_be10,closed-112,XMR/USDT,1777220029.4978356,1779983999.999,398.12,354.93,8.0,58.59375,-6.356535874861851,STOP_LOSS
reset_be10,closed-301,PENDLE/USDT,1777622677.5949273,1779983999.999,1.5087,1.4862,8.0,58.59375,-0.8738379896599678,BE_STOP
reset_be10,closed-303,TAO/USDT,1776989342.9104133,1780084799.999,254.35,249.19,8.0,58.59375000000001,-1.1886917633182585,BE_STOP
reset_be10,closed-306,HEMI/USDT,1780082379.7867532,1780099199.999,0.007892,0.007153,8.0,19.53125,-1.8288892232640641,STOP_LOSS
reset_be10,closed-248,TIA/USDT,1779293748.480091,1780199999.999,0.4083,0.40698,8.0,39.0625,-0.12628581925054788,BE_STOP
reset_be10,closed-282,FIL/USDT,1779840664.905889,1780257599.999,1.017,0.91985,8.0,39.0625,-3.7314866027531948,STOP_LOSS
reset_be10,closed-319,CAKE/USDT,1780200315.0915463,1780329599.999,1.5459,1.4119,8.0,39.0625,-3.3859725726114247,STOP_LOSS
reset_be10,closed-307,HBAR/USDT,1780099864.263912,1780329599.999,0.10104,0.092206,8.0,39.0625,-3.415262519794143,STOP_LOSS
reset_be10,closed-315,XMR/USDT,1780142639.0777988,1780343999.999,390.32,351.34,8.0,39.0625,-3.901045936667352,STOP_LOSS
reset_be10,closed-322,MON/USDT,1779986104.197807,1780401599.999,0.0233,0.021201,8.0,11.71875,-1.0556934012875538,STOP_LOSS
reset_be10,closed-323,POLYX/USDT,1780218270.4593215,1780415999.999,0.0508,0.044766,8.0,19.53125,-2.3199126476377945,STOP_LOSS
reset_be10,closed-296,TRB/USDT,1779278568.4669595,1780415999.999,17.54,15.967,8.0,58.59375,-5.254730259407062,STOP_LOSS
reset_be10,closed-321,HEMI/USDT,1780125567.0923514,1780415999.999,0.00718,0.006538,8.0,19.53125,-1.7463875348189404,STOP_LOSS
reset_be10,closed-247,STX/USDT,1779046368.1057413,1780415999.999,0.2392,0.21662,8.0,19.53125,-1.8437108068561858,STOP_LOSS
reset_be10,closed-249,MANTA/USDT,1779380668.1599226,1780415999.999,0.07492,0.07486,8.0,39.0625,-0.031283368926858686,BE_STOP
reset_be10,closed-326,EIGEN/USDT,1780372879.4081883,1780415999.999,0.2323,0.2056,8.0,39.0625,-4.489749246663799,STOP_LOSS
reset_be10,closed-328,ALGO/USDT,1780056271.1944377,1780430399.999,0.1151,0.11482,8.0,39.0625,-0.09502606429191793,BE_STOP
reset_be10,closed-332,APT/USDT,1775674070.2227201,1780444799.999,0.84,0.8238,8.0,40.32258064516129,-0.7776497695852516,BE_STOP
reset_be10,closed-330,GMX/USDT,1780344359.7110274,1780444799.999,6.92,6.2157,8.0,39.0625,-3.975681900289015,STOP_LOSS
reset_be10,closed-333,BCH/USDT,1779990796.1670983,1780444799.999,303.05,268.18,8.0,19.53125,-2.2473343920145186,STOP_LOSS
reset_be10,closed-335,TIA/USDT,1780294463.4956298,1780459199.999,0.3878,0.35255,8.0,39.0625,-3.550678506962354,STOP_LOSS
reset_be10,closed-336,HYPER/USDT,1780220301.9767911,1780459199.999,0.0911,0.083524,8.0,19.53125,-1.624245334796927,STOP_LOSS
reset_be10,closed-314,BNB/USDT,1780156970.2760699,1780459199.999,695.81,633.73,8.0,39.0625,-3.4851468073180847,STOP_LOSS
reset_be10,closed-310,FLOKI/USDT,1780128613.9591773,1780545599.999,0.028004,0.02576,8.0,19.53125,-1.5650665976289106,STOP_LOSS
reset_be10,closed-324,JUP/USDT,1780315286.9960775,1780559999.999,0.1959,0.1773,8.0,39.0625,-3.708843797856046,STOP_LOSS
reset_be10,closed-341,DASH/USDT,1780315286.9651337,1780559999.999,39.268,35.222,8.0,39.0625,-4.024826194356729,STOP_LOSS
reset_be10,closed-343,FIL/USDT,1780435849.7055304,1780559999.999,0.884,0.85031,8.0,19.53125,-0.7443527290723986,BE_STOP
reset_be10,closed-311,ASTER/USDT,1779697110.1054738,1780559999.999,0.7173,0.65422,8.0,39.0625,-3.4351909940052994,STOP_LOSS
reset_be10,closed-352,VVV/USDT,1780000793.4626982,1780631999.999,16.281,15.838,8.0,19.53125,-0.5314381026963944,BE_STOP
reset_be10,closed-355,MORPHO/USDT,1779221028.0415614,1780631999.999,1.782,1.7439,8.0,39.0625,-0.8351746632996636,BE_STOP
reset_be10,closed-246,RENDER/USDT,1779048162.8418307,1780631999.999,1.8399,1.7703,8.0,78.125,-2.9553236588945095,BE_STOP
reset_be10,closed-358,ALGO/USDT,1780520219.971721,1780631999.999,0.1055,0.097,8.0,19.53125,-1.5736078199052121,STOP_LOSS
reset_be10,closed-329,WIF/USDT,1779989545.0272965,1780631999.999,0.18,0.15822,8.0,19.53125,-2.36328125,STOP_LOSS
reset_be10,closed-353,ZORA/USDT,1780140918.1112487,1780631999.999,0.010075,0.009569,8.0,19.53125,-0.9809243176178684,BE_STOP
reset_be10,closed-360,COMP/USDT,1779998601.883189,1780646399.999,17.835,16.375,8.0,19.53125,-1.5988575834034215,STOP_LOSS
reset_be10,closed-367,ZEC/USDT,1776809046.3825746,1780646399.999,310.24,308.44,8.0,11.71875,-0.06799171609076904,BE_STOP
reset_be10,closed-368,DASH/USDT,1780617552.2371874,1780646399.999,34.26,31.508,8.0,19.53125,-1.568884997081143,STOP_LOSS
reset_be10,closed-280,AR/USDT,1779884302.4937804,1780646399.999,2.2268,2.1841,8.0,39.0625,-0.7490429091072367,BE_STOP
reset_be10,closed-351,ICP/USDT,1780560231.4405499,1780646399.999,2.727,2.4972,8.0,39.0625,-3.2917354235423564,STOP_LOSS
reset_be10,closed-364,BCH/USDT,1780463668.8400123,1780646399.999,253.72,225.55,8.0,11.71875,-1.301108259104524,STOP_LOSS
reset_be10,closed-103,CC/USDT,1776338275.5379689,1780660799.999,0.14667,0.14503,8.0,54.94505494505494,-0.6143716513935392,BE_STOP
reset_be10,closed-366,GRASS/USDT,1779336374.1308303,1780660799.999,0.33487,0.33414,8.0,39.0625,-0.08515431361423749,BE_STOP
reset_be10,closed-374,FET/USDT,1779112283.5234506,1780689599.999,0.1921,0.19085,8.0,19.53125,-0.12709038261322134,BE_STOP
reset_be10,closed-380,PAXG/USDT,1774987196.2754548,1780732799.999,4679.4,4304.1,8.0,166.66666666666666,-13.36709834594176,STOP_LOSS
reset_be10,closed-384,PURR/USDT,1779048317.5804737,1780747199.999,0.074363,0.089688,8.0,19.531250000000004,4.025071692239421,RISK_OFF
reset_be10,closed-381,INJ/USDT,1777737646.3004081,1780747199.999,3.8554,5.2001,8.0,58.59374999999999,20.43653463324168,RISK_OFF
reset_be10,closed-383,ONDO/USDT,1777906945.5523825,1780747199.999,0.31426,0.32349,8.0,58.59375,1.7209327069942155,RISK_OFF
reset_be10,closed-60,STABLE/USDT,1776338349.0425384,1780804799.999,0.025863,0.033585,8.0,22.727272727272727,6.785755712794338,RISK_OFF
reset_be10,closed-387,WLD/USDT,1778853980.962852,1780804799.999,0.24036,0.44838,8.0,19.53125,16.903355903644535,RISK_OFF
reset_be10,closed-377,ZEC/USDT,1780698411.3956475,1780833599.999,368.73,410.3,8.0,11.71875,1.3211521641851767,RISK_OFF
reset_be10,closed-394,HMSTR/USDT,1780762485.204381,1780934399.999,0.000182,0.000166,8.0,39.0625,-3.4340659340659347,STOP_LOSS
reset_be10,closed-356,KAITO/USDT,1779941262.478525,1780977599.999,0.4579,0.41873,8.0,39.0625,-3.3415115199825296,STOP_LOSS
reset_be10,closed-362,MON/USDT,1780596630.5717359,1780977599.999,0.020465,0.020324,8.0,11.71875,-0.08073998289763158,BE_STOP
reset_be10,closed-399,HYPER/USDT,1780884799.3267574,1780977599.999,0.0719,0.065584,8.0,19.53125,-1.715707579972184,STOP_LOSS
reset_be10,closed-400,STABLE/USDT,1780848740.8903265,1780991999.999,0.033945,0.030918,8.0,11.71875,-1.0450038665488297,STOP_LOSS
reset_be10,closed-406,VVV/USDT,1780992237.9547663,1781078399.999,15.906,14.472,8.0,39.0625,-3.5216663523198823,STOP_LOSS
reset_be10,closed-393,ZEC/USDT,1780848740.9524384,1781092799.999,421.07,413.8,8.0,11.718749999999998,-0.20233052105350557,BE_STOP
reset_be10,closed-404,PURR/USDT,1780977750.5072625,1781121599.999,0.093406,0.082263,8.0,39.0625,-4.660015818041667,STOP_LOSS
reset_be10,closed-391,WLD/USDT,1780848740.918154,1781121599.999,0.5021,0.44743,8.0,11.71875,-1.2759690549691296,STOP_LOSS
reset_be10,closed-412,ALGO/USDT,1780817866.7060897,1781135999.999,0.0957,0.086494,8.0,11.71875,-1.1273021159874599,STOP_LOSS
reset_be10,closed-392,JTO/USDT,1780862572.580509,1781193599.999,0.6002,0.55158,8.0,39.0625,-3.164309813395534,STOP_LOSS
reset_be10,closed-414,TRX/USDT,1774195577.9395382,1781207999.999,0.3154,0.31275,8.0,135.13513513513513,-1.1354093472039173,BE_STOP
reset_be10,closed-419,HMSTR/USDT,1781079430.8631015,1781366399.999,0.0001905,0.000182,8.0,39.0625,-1.74294619422572,BE_STOP
reset_be10,closed-429,TRUMP/USDT,1781419887.7816548,1781625599.999,2.066,1.8757,8.0,11.71875,-1.0794182599225557,STOP_LOSS
reset_be10,closed-433,RENDER/USDT,1781525227.2752872,1781697599.999,1.851,1.6978,8.0,39.0625,-3.233049702863317,STOP_LOSS
reset_be10,closed-431,UNI/USDT,1781669798.6692238,1781726399.999,3.502,3.1943,8.0,39.0625,-3.4321905339805774,STOP_LOSS
reset_be10,closed-432,EIGEN/USDT,1781539897.3976665,1781726399.999,0.2247,0.2056,8.0,39.0625,-3.3203994214508255,STOP_LOSS
reset_be10,closed-405,INJ/USDT,1780848740.8612041,1781755199.999,5.323,5.2793,8.0,19.53125,-0.16034484783017172,BE_STOP
reset_be10,closed-436,XPL/USDT,1781714241.8100111,1781755199.999,0.1174,0.10794,8.0,39.0625,-3.147625638841569,STOP_LOSS
reset_be10,closed-424,TAO/USDT,1781366951.6642995,1781769599.999,264.0,242.69,8.0,19.53125,-1.5765565814393934,STOP_LOSS
reset_be10,closed-440,DASH/USDT,1781511128.6411324,1781783999.999,38.87,35.696,8.0,39.0625,-3.189718934911243,STOP_LOSS
reset_be10,closed-439,SPX/USDT,1781581996.958385,1781798399.999,0.3955,0.37704,8.0,19.53125,-0.9116229456384347,BE_STOP
reset_be10,closed-443,PENDLE/USDT,1781669798.6333141,1781798399.999,1.489,1.3666,8.0,39.0625,-3.2110476830087302,STOP_LOSS
reset_be10,closed-425,HMSTR/USDT,1781432657.3822312,1781798399.999,0.0001687,0.000155,8.0,11.71875,-0.9516708654416128,STOP_LOSS
reset_be10,closed-437,ASTER/USDT,1781698028.55902,1781798399.999,0.702,0.63232,8.0,58.59375000000001,-5.815972222222223,STOP_LOSS
reset_be10,closed-452,ADA/USDT,1781648169.7057853,1781855999.999,0.1736,0.15933,8.0,11.71875,-0.9632866503456218,STOP_LOSS
reset_be10,closed-444,BRETT/USDT,1781484103.0187473,1781884799.999,0.006592,0.006023,8.0,19.53125,-1.6858739760315546,STOP_LOSS
reset_be10,closed-453,MON/USDT,1781678652.6327553,1781985599.999,0.022163,0.020379,8.0,19.53125,-1.5721585525425246,STOP_LOSS
reset_be10,closed-402,MORPHO/USDT,1781007012.335147,1782014399.999,1.972,1.8125,8.0,39.0625,-3.1594669117647034,STOP_LOSS
reset_be10,closed-430,TIA/USDT,1781655383.7623835,1782014399.999,0.4013,0.36826,8.0,39.0625,-3.216110142038376,STOP_LOSS
reset_be10,closed-456,TNSR/USDT,1782024916.566551,1782057599.999,0.0475,0.04332,8.0,11.71875,-1.0312500000000009,STOP_LOSS
reset_be10,closed-457,ACE/USDT,1781987683.2156267,1782086399.999,0.0883,0.0794,8.0,11.719176000000001,-1.1812080000000005,STOP_LOSS
reset_be10,closed-411,ONDO/USDT,1781006521.7861316,1782086399.999,0.3619,0.32922,8.0,39.0625,-3.5273901630284614,STOP_LOSS
reset_be10,closed-462,RESOLV/USDT,1782055831.1045032,1782086399.999,0.0213,0.020834,8.0,19.531248,-0.4273033600000018,BE_STOP
reset_be10,closed-466,ANIME/USDT,1781938266.5400033,1782115199.999,0.00316,0.002885,8.0,11.71875,-1.01982792721519,STOP_LOSS
reset_be10,closed-469,HMSTR/USDT,1782129819.8315377,1782172799.999,0.0001873,0.000168,8.0,39.0625,-4.025126801922053,STOP_LOSS
reset_be10,closed-423,KAITO/USDT,1781381308.0824552,1782201599.999,0.4493,0.44614,8.0,39.0625,-0.27473291787224674,BE_STOP
reset_be10,closed-378,FLOKI/USDT,1780621776.44543,1782201599.999,2.466e-05,2.4295e-05,8.0,19.53125,-0.2890878446877533,BE_STOP
reset_be10,closed-475,TRUMP/USDT,1781643170.3853374,1782215999.999,1.927,1.7477,8.0,11.71875,-1.090384989621173,STOP_LOSS
reset_be10,closed-478,GMX/USDT,1781067878.30476,1782273599.999,5.5,5.485,8.0,19.53125,-0.05326704545454471,BE_STOP
reset_be10,closed-489,TNSR/USDT,1782292564.161693,1782316799.999,0.0373,0.03409,8.0,11.71875,-1.0085036863270775,STOP_LOSS
reset_be10,closed-483,TIA/USDT,1782129978.7034001,1782316799.999,0.3989,0.35794,8.0,58.59375000000001,-6.016545500125344,STOP_LOSS
reset_be10,closed-487,SPX/USDT,1782197260.4713876,1782316799.999,0.3602,0.33056,8.0,78.125,-6.42872015546918,STOP_LOSS
reset_be10,closed-488,FIL/USDT,1781137083.6482263,1782316799.999,0.74,0.73798,8.0,19.53125,-0.05331503378378389,BE_STOP
reset_be10,closed-474,MNT/USDT,1780725060.4331667,1782316799.999,0.513,0.50298,8.0,11.71692,-0.2288568000000001,BE_STOP
reset_be10,closed-484,BONK/USDT,1780804971.9607763,1782316799.999,4.3e-06,4.191e-06,8.0,11.71875,-0.2970566860465121,BE_STOP
reset_be10,closed-447,NEO/USDT,1780877013.1042066,1782331199.999,2.172,1.9845,8.0,19.53125,-1.6860540400552506,STOP_LOSS
reset_be10,closed-494,SNX/USDT,1782302805.6669137,1782388799.999,0.232,0.20631,8.0,19.53125,-2.162749191810347,STOP_LOSS
reset_be10,closed-497,FLOKI/USDT,1782253102.0016835,1782403199.999,2.394e-05,2.1986e-05,8.0,11.71875,-0.9564927944862166,STOP_LOSS
reset_be10,closed-490,EIGEN/USDT,1781827637.6596103,1782403199.999,0.2232,0.2194,8.0,39.0625,-0.6650425627240152,BE_STOP
reset_be10,closed-445,GMT/USDT,1780849284.8957825,1782417599.999,0.007873,0.007231,8.0,11.718749999999998,-0.9555998348786992,STOP_LOSS
reset_be10,closed-498,TNSR/USDT,1782395770.280907,1782575999.999,0.04,0.03641,8.0,19.5312,-1.752925200000002,STOP_LOSS
reset_be10,closed-510,INJ/USDT,1782547497.3253458,1782604799.999,5.051,4.6341,8.0,39.0625,-3.2241449712928136,STOP_LOSS
reset_be10,closed-499,XLM/USDT,1779930313.5068414,1782619199.999,0.17359,0.17347,8.0,78.125,-0.0540065671985647,BE_STOP
reset_be10,closed-512,ZEC/USDT,1782196007.5979333,1782633599.999,421.73,385.55,8.0,39.0625,-3.351151803286465,STOP_LOSS
reset_be10,closed-390,CC/USDT,1780776866.1722734,1782719999.999,0.1598,0.14644,8.0,58.59375,-4.898701501877352,STOP_LOSS
reset_be10,closed-379,MANTA/USDT,1780702546.2298055,1782777599.999,0.07366,0.07332,8.0,39.0625,-0.18030477871300732,BE_STOP
reset_be10,closed-517,EIGEN/USDT,1782619330.2867289,1782777599.999,0.2443,0.2178,8.0,39.0625,-4.237233933688088,STOP_LOSS
reset_be10,closed-519,ANIME/USDT,1782725422.1525645,1782791999.999,0.003,0.002735,8.0,19.53125,-1.7252604166666674,STOP_LOSS
reset_be10,closed-523,AAVE/USDT,1782518977.869402,1782835199.999,95.72,85.424,8.0,58.59374999999999,-6.302562160468024,STOP_LOSS
reset_be10,closed-527,TIA/USDT,1782734495.152051,1782863999.999,0.3888,0.35544,8.0,39.0625,-3.351658950617284,STOP_LOSS
reset_be10,closed-531,WLD/USDT,1782734736.8752205,1782892799.999,0.4291,0.39141,8.0,39.0625,-3.431054824050337,STOP_LOSS
reset_be10,closed-514,ZORA/USDT,1782449237.0781515,1782892799.999,0.007257,0.006659,8.0,11.71875,-0.9656624638280285,STOP_LOSS
reset_be10,closed-479,DYDX/USDT,1782244900.9432364,1782950399.999,0.14497,0.1435,8.0,39.0625,-0.39609488169966167,BE_STOP
reset_be10,closed-481,VVV/USDT,1782213327.6637526,1783209599.999,13.217,12.15,8.0,39.0625,-3.153490769463572,STOP_LOSS
reset_be10,closed-538,XPL/USDT,1783181278.1669436,1783223999.999,0.11306,0.10382,8.0,39.0625,-3.192442066159559,STOP_LOSS
reset_be10,closed-521,HYPER/USDT,1782803358.4710279,1783252799.999,0.0815,0.074513,8.0,19.53125,-1.6744152607361973,STOP_LOSS
reset_be10,closed-545,WLD/USDT,1783008724.4264107,1783468799.999,0.3884,0.38072,8.0,19.53125,-0.3861997940267782,BE_STOP
reset_be10,closed-547,XPL/USDT,1783311173.1689131,1783468799.999,0.11141,0.098894,8.0,39.0625,-4.388351584238398,STOP_LOSS
reset_be10,closed-541,TRB/USDT,1783282670.9326565,1783483199.999,17.64,16.018,8.0,39.0625,-3.591801303854873,STOP_LOSS
reset_be10,closed-550,EIGEN/USDT,1783195415.784594,1783483199.999,0.2375,0.2156,8.0,39.0625,-3.601973684210524,STOP_LOSS
reset_be10,closed-549,AAVE/USDT,1783353963.244336,1783483199.999,96.29,88.032,8.0,58.59375,-5.0251032038633365,STOP_LOSS
reset_be10,closed-551,GRASS/USDT,1781165621.0111458,1783497599.999,0.35831,0.35778,8.0,39.0625,-0.05777992520443649,BE_STOP
reset_be10,closed-555,PURR/USDT,1782763582.1987953,1783526399.999,0.09019,0.089669,8.0,39.0625,-0.2256520955760087,BE_STOP
reset_be10,closed-553,XLM/USDT,1782792163.6886702,1783526399.999,0.1834,0.18035,8.0,39.0625,-0.6496217284623776,BE_STOP
reset_be10,closed-546,MINA/USDT,1783328794.9097502,1783641599.999,0.0482,0.044076,8.0,19.531122,-1.67108604,STOP_LOSS
reset_be10,closed-532,TNSR/USDT,1782726984.6112034,1783828799.999,0.0348,0.03184,8.0,19.53125,-1.6612787356321836,STOP_LOSS
reset_be10,closed-540,TRUMP/USDT,1782472045.1479235,1783915199.999,1.685,1.5379,8.0,11.71875,-1.023043397626113,STOP_LOSS
reset_be10,closed-566,GRASS/USDT,1783857784.7628722,1783972799.999,0.4004,0.36204,8.0,39.0625,-3.7423513986014005,STOP_LOSS
reset_be10,closed-528,SPX/USDT,1782763349.1429372,1783972799.999,0.3617,0.35266,8.0,39.0625,-0.9762925076029892,BE_STOP
reset_be10,closed-567,FLOKI/USDT,1782437887.1031537,1784001599.999,2.184e-05,2.1825000000000002e-05,8.0,11.71875,-0.008048592032967004,BE_STOP
reset_be10,closed-570,ONDO/USDT,1782964954.9056075,1784001599.999,0.3326,0.30579,8.0,58.59375,-4.723086101924231,STOP_LOSS
reset_be10,closed-572,BONK/USDT,1784095661.7755017,1784231999.999,3.77e-06,3.435e-06,8.0,19.53125,-1.7355354774535787,STOP_LOSS
reset_be10,closed-573,SPX/USDT,1784088051.9300985,1784246399.999,0.3856,0.35145,8.0,39.0625,-3.459503047199171,STOP_LOSS
reset_be10,closed-577,HMSTR/USDT,1782561809.6411333,1784303999.999,0.0001796,0.000178,8.0,39.0625,-0.34799554565701807,BE_STOP
reset_be10,closed-557,TIA/USDT,1783080734.6087062,1784347199.999,0.4033,0.36889,8.0,39.0625,-3.332855504587155,STOP_LOSS
reset_be10,closed-581,BONK/USDT,1784322295.6699743,1784390399.999,3.15e-06,2.7430000000000002e-06,8.0,19.53125,-2.523561507936506,STOP_LOSS
reset_be10,closed-582,ACE/USDT,1784391140.54845,1784419199.999,0.0728,0.0631,8.0,11.71875,-1.561426854395604,STOP_LOSS
reset_be10,closed-542,MORPHO/USDT,1782777709.8485007,1784735999.999,1.889,1.8501,8.0,58.59375,-1.2066156034939102,BE_STOP
reset_be10,closed-590,GRASS/USDT,1784707267.7851388,1784836799.999,0.38645,0.35424,8.0,19.53125,-1.6278989843446765,STOP_LOSS
reset_be10,closed-435,JUP/USDT,1781496566.8399804,1784836799.999,0.1868,0.18652,8.0,39.0625,-0.058551927194861256,BE_STOP
reset_be10,closed-592,SPX/USDT,1784693278.8365808,1784908799.999,0.3687,0.33847,8.0,39.0625,-3.2027647816653153,STOP_LOSS
reset_be10,closed-559,EIGEN/USDT,1783498504.649774,1784908799.999,0.2303,0.2115,8.0,39.0625,-3.1887755102040853,STOP_LOSS
reset_be10,closed-576,WLD/USDT,1783978344.11361,1784937599.999,0.387,0.34677,8.0,39.0625,-4.060683139534881,STOP_LOSS
reset_be10,closed-564,PENDLE/USDT,1782964954.9500952,1784951999.999,1.473,1.4701,8.0,39.0625,-0.07690512559402773,BE_STOP
reset_be10,closed-599,PUMP/USDT,1784491398.7413979,1784980799.999,0.001787,0.00177,8.0,39.0625,-0.3716074426412955,BE_STOP
reset_be10,closed-597,STX/USDT,1784867931.568794,1784995199.999,0.1484,0.13626,8.0,19.53125,-1.5977720687331562,STOP_LOSS
reset_be10,closed-600,TNSR/USDT,1784881629.385052,1785196799.999,0.0339,0.03055,8.0,19.53125,-1.9300792772861357,STOP_LOSS
reset_be10,closed-607,NEO/USDT,1784430110.1912744,1785211199.999,2.054,1.8791,8.0,19.53125,-1.663104004381692,STOP_LOSS
reset_be10,closed-586,XLM/USDT,1783843469.8249702,1785239999.999,0.1855,0.17032,8.0,39.06259,-3.1966044,STOP_LOSS
reset_be10,closed-585,JTO/USDT,1784620884.6568456,1785239999.999,0.6063,0.55061,8.0,39.0625,-3.5879772802243064,STOP_LOSS
reset_be10,closed-522,POLYX/USDT,1782667354.2106571,1785297599.999,0.0356,0.032727,8.0,19.53125,-1.5762157654494389,STOP_LOSS
reset_be10,closed-513,MNT/USDT,1782443601.6444745,1785513599.999,0.4252,0.39071,8.0,19.53125,-1.58427284219191,STOP_LOSS
reset_be10,closed-617,LDO/USDT,1784088212.0616543,1785571199.999,0.3356,0.33253,8.0,58.59375,-0.5360036129320672,BE_STOP
reset_be10,closed-593,VVV/USDT,1784361783.1890852,1785614399.999,11.686,11.615,8.0,19.5308118,-0.1186622999999987,BE_STOP
reset_be10,closed-562,ICP/USDT,1781798795.8786416,1785614399.999,2.22,2.0254,8.0,19.53125,-1.7120636261261282,STOP_LOSS
reset_be10,closed-619,HYPER/USDT,1785631351.6740508,1785830399.999,0.0644,0.059188,8.0,11.71875,-0.9484180900621122,STOP_LOSS
reset_be10,closed-622,VVV/USDT,1785787566.5668435,1785931199.999,12.454,11.219,8.0,39.0625,-3.8736299582463505,STOP_LOSS
reset_be10,closed-624,JUP/USDT,1785369741.2278616,1786046399.999,0.1981,0.1811,8.0,39.0625,-3.352158001009588,STOP_LOSS
reset_be10,closed-621,INJ/USDT,1785556959.1757183,1786190399.999,4.844,4.3914,8.0,78.125,-7.29962324525186,STOP_LOSS
reset_be10,closed-623,HMSTR/USDT,1785960268.6308312,1786334399.999,0.0001961,0.000195,8.0,19.53125,-0.1095582610912793,BE_STOP
reset_be10,closed-563,AAVE/USDT,1783699588.7760444,1786463999.999,95.12,86.417,8.0,39.0625,-3.5740216305719117,STOP_LOSS
reset_be10,closed-633,SNX/USDT,1782439840.2201767,1786521599.999,0.2,0.19918,8.0,19.532,-0.08008120000000202,BE_STOP
reset_be10,closed-634,KAITO/USDT,1782489700.1778343,1786535999.999,0.5354,0.49282,8.0,39.0625,-3.1066142136720227,BE_STOP
reset_be10,closed-635,BONK/USDT,1786118688.6852303,1786535999.999,2.46e-06,2.262e-06,8.0,19.53125,-1.5720274390243896,STOP_LOSS
reset_be10,closed-639,ONDO/USDT,1784132258.6563902,1786564799.999,0.3306,0.3306,8.0,39.0625,0.0,BE_STOP
reset_be10,closed-645,UNI/USDT,1783541496.437711,1786708799.999,3.312,3.2008,8.0,58.59375,-1.9672780797101395,BE_STOP
reset_be10,closed-646,INJ/USDT,1786594563.1878557,1786723199.999,4.677,4.2187,8.0,58.59375,-5.741611209108396,STOP_LOSS
reset_be10,closed-648,KAITO/USDT,1786684508.3852868,1786838399.999,0.4135,0.37233,8.0,11.71875,-1.1667737303506651,STOP_LOSS
reset_be10,closed-649,STABLE/USDT,1786183822.3444536,1786867199.999,0.03279,0.030016,8.0,19.53125,-1.6523234980176869,STOP_LOSS
reset_be10,closed-650,HEMI/USDT,1786853877.180719,1786881599.999,0.007899,0.006649,8.0,58.59375,-9.272336688188373,STOP_LOSS
reset_be10,closed-654,WLD/USDT,1786930216.0583718,1787025599.999,0.36777,0.32797,8.0,78.125,-8.454672757429917,STOP_LOSS
reset_be10,closed-657,HEMI/USDT,1786987757.442123,1787068799.999,0.007213,0.006532,8.0,58.59375,-5.532003847220301,STOP_LOSS
reset_be10,closed-672,TURBO/USDT,1787306088.5451221,1787342399.999,0.001081,0.00099,8.0,39.0625,-3.2883325624421826,STOP_LOSS
reset_be10,closed-676,FIL/USDT,1787375150.025655,1787385599.999,0.85667,0.78649,8.0,39.0625,-3.2000726650869074,STOP_LOSS
reset_be10,closed-673,WLFI/USDT,1787375150.3591092,1787385599.999,0.0719,0.060126,8.0,58.59375,-9.595032162726014,STOP_LOSS
reset_be10,closed-675,ZEN/USDT,1787355248.110739,1787399999.999,5.3395,5.2021,8.0,58.59375,-1.5077781159284624,BE_STOP
reset_be10,closed-679,HMSTR/USDT,1787316031.6526325,1787399999.999,0.000192,0.000191,8.0,58.593792,-0.30517600000000217,BE_STOP
reset_be10,closed-678,ASTER/USDT,1787217826.342816,1787399999.999,0.67359,0.66153,8.0,39.0625,-0.6993775887409286,BE_STOP
reset_be10,closed-677,TNSR/USDT,1787375150.3003032,1787414399.999,0.0384,0.0346,8.0,58.59374999999999,-5.798339843749995,STOP_LOSS
reset_be10,closed-681,TIA/USDT,1787316031.8481514,1787414399.999,0.3764,0.37512,8.0,58.59374999999999,-0.19925611052072284,BE_STOP
reset_be10,closed-680,KAS/USDT,1787375150.0972967,1787414399.999,0.031633,0.029086,8.0,58.59375,-4.717803599089561,STOP_LOSS
reset_be10,closed-662,KAITO/USDT,1787221072.8077412,1787443199.999,0.34704,0.34677,8.0,11.71875,-0.009117284751037312,BE_STOP
reset_be10,closed-684,SUPER/USDT,1787375150.237171,1787457599.999,0.1058,0.09696,8.0,58.59374999999999,-4.895734877126652,STOP_LOSS
reset_be10,closed-674,XPL/USDT,1787316031.9495687,1787457599.999,0.10111,0.09194,8.0,58.59375,-5.314060800118687,STOP_LOSS
reset_be10,closed-656,JTO/USDT,1786348922.4082553,1787601599.999,0.5649,0.56088,8.0,39.0625,-0.27798061603823054,BE_STOP
reset_be10,closed-692,ZRO/USDT,1787437410.9899712,1787644799.999,1.181,1.0765,8.0,58.59375,-5.184629022015246,STOP_LOSS
reset_be10,closed-668,EIGEN/USDT,1787335674.933256,1787659199.999,0.2159,0.2132,8.0,39.0625,-0.4885074108383538,BE_STOP
reset_be10,closed-695,GRASS/USDT,1787559050.7811475,1787687999.999,0.3778,0.34003,8.0,58.59374999999999,-5.857824080201167,STOP_LOSS
reset_be10,closed-664,SUI/USDT,1787355247.5039132,1787687999.999,0.85385,0.77534,8.0,58.59375,-5.387591863324939,STOP_LOSS
reset_be10,closed-665,ALGO/USDT,1787355247.8064127,1787702399.999,0.097594,0.089043,8.0,58.59375,-5.133872535709165,STOP_LOSS
reset_be10,closed-709,DASH/USDT,1787348509.3227394,1787702399.999,38.079,37.881,8.0,58.59375,-0.3046708815882806,BE_STOP
reset_be10,closed-715,SUPER/USDT,1787518614.9741669,1787759999.999,0.1075,0.10617,8.0,58.59394999999999,-0.7249298,BE_STOP
reset_be10,closed-667,DOGE/USDT,1787355247.865448,1787759999.999,0.092489,0.084495,8.0,58.59375000000001,-5.0643691411951695,STOP_LOSS
reset_be10,closed-682,ARB/USDT,1787316031.607199,1787759999.999,0.09681,0.08883,8.0,39.0625,-3.2199023861171314,STOP_LOSS
reset_be10,closed-710,ETC/USDT,1787355247.9277246,1787759999.999,8.298,7.5407,8.0,58.59375,-5.347438765365144,STOP_LOSS
reset_be10,closed-659,XLM/USDT,1787237441.916199,1787759999.999,0.1809,0.17915,8.0,19.53125,-0.18894244057490348,BE_STOP
reset_be10,closed-720,JTO/USDT,1787647630.5436575,1787759999.999,0.56107,0.51069,8.0,19.53125,-1.7537640134029615,STOP_LOSS
reset_be10,closed-721,XPL/USDT,1787649878.6262581,1787759999.999,0.09388,0.084816,8.0,78.125,-7.542873881550916,STOP_LOSS
reset_be10,closed-663,AVAX/USDT,1787355247.4307506,1787759999.999,7.8877,7.2244,8.0,39.0625,-3.2848810489749827,STOP_LOSS
reset_be10,closed-726,STABLE/USDT,1787555196.2889938,1787774399.999,0.029603,0.026398,8.0,19.53125,-2.1145713694557986,STOP_LOSS
reset_be10,closed-725,COMP/USDT,1787198553.4763155,1787932799.999,18.94,17.867,8.0,58.59375,-3.3194875263991532,BE_STOP
reset_be10,closed-630,GRIFFAIN/USDT,1786305971.8689485,1787932799.999,0.011439,0.011391,8.0,58.59375000000001,-0.24586939417781034,BE_STOP
reset_be10,closed-724,SYRUP/USDT,1787296143.531936,1787932799.999,0.183,0.17921,8.0,58.59375,-1.2134989754098293,BE_STOP
reset_be10,closed-686,AR/USDT,1787276574.8004525,1787975999.999,2.062,2.0616,8.0,58.59375,-0.011366391852566955,BE_STOP
reset_be10,closed-671,TAO/USDT,1787355248.0483787,1787990399.999,233.0,232.67,8.0,58.59375,-0.08298685622317933,BE_STOP
reset_be10,closed-723,TURBO/USDT,1787691612.4212477,1788134399.999,0.000987,0.000936,8.0,58.59375,-3.0276405775076043,BE_STOP
reset_be10,closed-690,WLD/USDT,1787276574.9872198,1788134399.999,0.371,0.36171,8.0,78.125,-1.9562836927223757,BE_STOP
reset_be10,closed-736,ONDO/USDT,1787179310.9892206,1788134399.999,0.34686,0.34392,8.0,39.0625,-0.3310953987199425,BE_STOP
reset_be10,closed-669,HBAR/USDT,1787355247.990655,1788134399.999,0.080468,0.073438,8.0,58.59375,-5.1189797497141685,STOP_LOSS
reset_be10,closed-742,ZORA/USDT,1788143655.4969327,1788235199.999,0.008656,0.008528,8.0,19.53125,-0.28881700554528583,BE_STOP
reset_be10,closed-755,ANIME/USDT,1788137884.9913085,1788292799.999,0.002988,0.002722,8.0,19.53125,-1.7387257362784492,STOP_LOSS
reset_be10,closed-747,MON/USDT,1787237121.7899277,1788292799.999,0.02598,0.025924,8.0,78.125,-0.16839876828329825,BE_STOP
reset_be10,closed-691,FARTCOIN/USDT,1787257012.0257638,1788307199.999,0.16936,0.16781,8.0,58.59375,-0.5362559783892383,BE_STOP
reset_be10,closed-751,GRASS/USDT,1787782118.7022953,1788321599.999,0.37537,0.34379,8.0,58.59375,-4.929511215600608,STOP_LOSS
reset_be10,closed-754,ENS/USDT,1787330533.7404306,1788364799.999,5.3742,5.3206,8.0,58.59375,-0.5843893044546228,BE_STOP
reset_be10,closed-756,INJ/USDT,1787257012.0682034,1788379199.999,4.7554,4.7483,8.0,39.0625,-0.058321855154136806,BE_STOP
reset_be10,closed-767,GRIFFAIN/USDT,1788495178.9890077,1788796799.999,0.012499,0.01143,8.0,78.125,-6.681784542763424,STOP_LOSS
reset_be10,closed-765,FARTCOIN/USDT,1788509300.8572931,1788969599.999,0.17199,0.15777,8.0,39.0625,-3.229657247514391,STOP_LOSS
reset_no_be,closed-1,VVV/USDT,1773376987.682436,1773719999.999,6.363,5.8404,8.0,238.0952380952381,-19.555016726162428,STOP_LOSS
reset_no_be,closed-0,TRX/USDT,1773376987.6815863,1773935999.999,0.2896,0.29989,8.0,476.19047619047626,16.91988950276235,NO_LONG
reset_no_be,closed-2,TAO/USDT,1774441801.607653,1774612799.999,358.03,324.56,8.0,116.27906976744185,-10.870207706382914,STOP_LOSS
reset_no_be,closed-6,PURR/USDT,1774442017.1916852,1774612799.999,0.087222,0.078611,8.0,166.66666666666666,-16.454182048871445,STOP_LOSS
reset_no_be,closed-219,MORPHO/USDT,1774510530.623234,1774612799.999,1.67,1.5096,8.0,41.666666666666664,-4.001996007984029,STOP_LOSS
reset_no_be,closed-5,ZRO/USDT,1774441946.5160167,1774627199.999,2.219,2.0187,8.0,181.8181818181818,-16.41197918800441,STOP_LOSS
reset_no_be,closed-24,POLYX/USDT,1775288053.4456906,1775318399.999,0.0559,0.051078,8.0,40.32258064516129,-3.4782734145074707,STOP_LOSS
reset_no_be,closed-26,AIXBT/USDT,1775657941.3443787,1775678399.999,0.02726,0.024891,8.0,40.32258064516129,-3.5041890516649703,STOP_LOSS
reset_no_be,closed-3,TAO/USDT,1774650703.1715167,1775793599.999,313.81,276.09,8.0,166.66666666666666,-20.03335351539681,STOP_LOSS
reset_no_be,closed-4,TNSR/USDT,1775720377.817925,1775836799.999,0.04687,0.04235,8.0,24.193548387096772,-2.333152095363293,STOP_LOSS
reset_no_be,closed-20,ALGO/USDT,1775318628.0736766,1775879999.999,0.11886,0.10877,8.0,80.64516129032258,-6.845950508323689,STOP_LOSS
reset_no_be,closed-10,TURBO/USDT,1776366178.3499205,1776412799.999,0.00133,0.001211,8.0,19.53125,-1.747532894736841,STOP_LOSS
reset_no_be,closed-16,GRIFFAIN/USDT,1776441680.2020073,1776470399.999,0.01773,0.0162,8.0,39.0625,-3.370875634517768,STOP_LOSS
reset_no_be,closed-13,MOODENG/USDT,1776370082.2002487,1776513599.999,0.061019,0.056095,8.0,58.59375,-4.728291597699077,STOP_LOSS
reset_no_be,closed-15,ZETA/USDT,1776392430.3794386,1776513599.999,0.06179,0.05586,8.0,19.53125,-1.874418392943842,STOP_LOSS
reset_no_be,closed-27,GRASS/USDT,1776338275.5458813,1776527999.999,0.37161,0.33569,8.0,109.89010989010987,-10.622030481560628,STOP_LOSS
reset_no_be,closed-32,RENDER/USDT,1775246608.4542537,1776542399.999,1.9436,1.7829,8.0,166.66666666666666,-13.780270288811142,STOP_LOSS
reset_no_be,closed-31,VIRTUAL/USDT,1776442685.225196,1776542399.999,0.77449,0.70582,8.0,58.59375,-5.195203052976798,STOP_LOSS
reset_no_be,closed-25,TIA/USDT,1776470858.0107574,1776542399.999,0.4314,0.39664,8.0,58.59375,-4.721183936022253,STOP_LOSS
reset_no_be,closed-22,ACE/USDT,1776501359.121004,1776542399.999,0.1444,0.1253,8.0,11.71875,-1.5500562673130196,STOP_LOSS
reset_no_be,closed-17,ZRO/USDT,1776338966.3650606,1776556799.999,1.9454,1.7817,8.0,19.53125,-1.6435003726740005,STOP_LOSS
reset_no_be,closed-9,MON/USDT,1776338349.0392292,1776556799.999,0.035808,0.032415,8.0,45.45454545454545,-4.307061905922494,STOP_LOSS
reset_no_be,closed-14,LDO/USDT,1776356269.2247193,1776571199.999,0.41589,0.37339,8.0,58.59374999999999,-5.98772361682175,STOP_LOSS
reset_no_be,closed-37,WLD/USDT,1776474095.795278,1776571199.999,0.28456,0.261,8.0,11.71875,-0.9702479266235583,STOP_LOSS
reset_no_be,closed-28,AERO/USDT,1776427632.5067496,1776585599.999,0.41991,0.38055,8.0,58.59375,-5.492248338929773,STOP_LOSS
reset_no_be,closed-45,ZEC/USDT,1776338419.7554412,1776628799.999,345.78,303.4,8.0,39.0625,-4.787635924576321,STOP_LOSS
reset_no_be,closed-46,TAO/USDT,1776441680.2079284,1776643199.999,260.73,239.36,8.0,78.125,-6.403295554788481,STOP_LOSS
reset_no_be,closed-38,PURR/USDT,1776348142.5372531,1776643199.999,0.080033,0.073511,8.0,78.125,-6.366514437794405,STOP_LOSS
reset_no_be,closed-8,FET/USDT,1776338275.5433605,1776643199.999,0.2312,0.2085,8.0,27.47252747252747,-2.6973459066884664,STOP_LOSS
reset_no_be,closed-49,CAKE/USDT,1776442685.2202237,1776643199.999,1.6391,1.5029,8.0,58.59375000000001,-4.868811390397175,STOP_LOSS
reset_no_be,closed-29,DYDX/USDT,1776484907.512156,1776643199.999,0.14717,0.13368,8.0,58.59375,-5.370861503703203,STOP_LOSS
reset_no_be,closed-34,KAITO/USDT,1776338275.548521,1776657599.999,0.4499,0.4068,8.0,54.94505494505494,-5.26368497028644,STOP_LOSS
reset_no_be,closed-69,HEMI/USDT,1777148562.0403845,1777262399.999,0.009872,0.008819,8.0,19.53125,-2.0833069540113454,STOP_LOSS
reset_no_be,closed-68,HYPER/USDT,1777117974.2439666,1777276799.999,0.13234,0.11691,8.0,19.53125,-2.2772191892096143,STOP_LOSS
reset_no_be,closed-76,INJ/USDT,1777188940.993972,1777305599.999,3.9042,3.5434,8.0,19.53125,-1.8049472363096137,STOP_LOSS
reset_no_be,closed-67,MON/USDT,1776960050.4621058,1777348799.999,0.03295,0.030009,8.0,39.0625,-3.486580045523519,STOP_LOSS
reset_no_be,closed-82,MINA/USDT,1777183609.7501297,1777348799.999,0.066591,0.061162,8.0,19.53125,-1.5923346435704517,STOP_LOSS
reset_no_be,closed-74,SPX/USDT,1776960127.6242328,1777391999.999,0.3914,0.35815,8.0,39.0625,-3.318416262135921,STOP_LOSS
reset_no_be,closed-87,JUP/USDT,1777263265.137944,1777478399.999,0.1981,0.18167,8.0,39.0625,-3.239762115093388,STOP_LOSS
reset_no_be,closed-88,WLD/USDT,1776659553.5330515,1777622399.999,0.26257,0.23954,8.0,19.53125,-1.7130848440415893,STOP_LOSS
reset_no_be,closed-75,TRUMP/USDT,1777153335.7161508,1777636799.999,2.5483,2.3195,8.0,19.53125,-1.7536200604324435,STOP_LOSS
reset_no_be,closed-106,STX/USDT,1778011394.3662658,1778025599.999,0.27688,0.25326,8.0,39.0625,-3.3323325989598414,STOP_LOSS
reset_no_be,closed-120,VVV/USDT,1773965225.795107,1778500799.999,5.7672,17.733,8.0,142.85714285714286,296.40033291718686,TRIM
reset_no_be,closed-126,OP/USDT,1778276246.1016092,1778515199.999,0.17145,0.15762,8.0,58.59375,-4.7264599737532755,STOP_LOSS
reset_no_be,closed-119,LINEA/USDT,1778286505.0023654,1778558399.999,0.004307,0.003926,8.0,78.125,-6.910987926631073,STOP_LOSS
reset_no_be,closed-129,VVV/USDT,1778544063.000116,1778572799.999,17.234,17.195,8.0,78.125,-0.1767944180109185,TRIM
reset_no_be,closed-135,YGG/USDT,1778286505.0236268,1778587199.999,0.04793,0.044095,8.0,58.59375,-4.688233491550178,STOP_LOSS
reset_no_be,closed-133,ENA/USDT,1778288907.9717069,1778587199.999,0.13441,0.12334,8.0,58.59375,-4.825777936909455,STOP_LOSS
reset_no_be,closed-116,AR/USDT,1778040684.8378124,1778601599.999,2.5154,2.2897,8.0,58.59375000000001,-5.2574578098910765,STOP_LOSS
reset_no_be,closed-118,FARTCOIN/USDT,1778068848.3786285,1778601599.999,0.25099,0.23069,8.0,58.59375,-4.739045878321842,STOP_LOSS
reset_no_be,closed-136,ENS/USDT,1778443738.9499888,1778601599.999,7.5691,6.8669,8.0,58.59375000000001,-5.435855154509778,STOP_LOSS
reset_no_be,closed-121,PURR/USDT,1777907180.30233,1778687999.999,0.069262,0.059397,8.0,19.53125,-2.7818396992578918,STOP_LOSS
reset_no_be,closed-125,PUMP/USDT,1778156495.6259973,1778687999.999,0.002053,0.001863,8.0,58.59375,-5.422704578665367,STOP_LOSS
reset_no_be,closed-150,VVV/USDT,1778638618.0104995,1778731199.999,15.562,13.257,8.0,78.125,-11.571656920704278,STOP_LOSS
reset_no_be,closed-108,HMSTR/USDT,1777985982.784278,1778731199.999,0.000178,0.000163,8.0,19.53125,-1.6458918539325817,STOP_LOSS
reset_no_be,closed-169,GMT/USDT,1778789470.1753953,1778846399.999,0.013324,0.012245,8.0,58.59375,-4.745020733263284,STOP_LOSS
reset_no_be,closed-138,FET/USDT,1778054711.5226376,1778860799.999,0.22606,0.20308,8.0,58.59374999999999,-5.956314142263117,STOP_LOSS
reset_no_be,closed-85,MOODENG/USDT,1776845770.4253204,1778860799.999,0.06087,0.054389,8.0,58.59375,-6.23864126416954,STOP_LOSS
reset_no_be,closed-101,ZETA/USDT,1777563250.3521895,1778860799.999,0.05895,0.05264,8.0,19.53125,-2.0906223494486857,STOP_LOSS
reset_no_be,closed-127,FIL/USDT,1778040139.0388875,1778860799.999,1.1152,0.99543,8.0,39.0625,-4.195225632173598,STOP_LOSS
reset_no_be,closed-151,BRETT/USDT,1778300975.9792583,1778860799.999,0.009479,0.008419,8.0,58.59374999999999,-6.5523130077012315,STOP_LOSS
reset_no_be,closed-122,SKY/USDT:USDT,1776384133.7954965,1778875199.999,0.076726,0.070418,8.0,78.125,-6.423018272814964,STOP_LOSS
reset_no_be,closed-130,KAS/USDT,1778429740.3404424,1778875199.999,0.0386,0.035278,8.0,58.59375,-5.042705634715034,STOP_LOSS
reset_no_be,closed-72,LDO/USDT,1776888212.1474862,1778903999.999,0.394,0.36081,8.0,58.59375,-4.935854219543145,STOP_LOSS
reset_no_be,closed-187,WLFI/USDT,1778351621.9763196,1778903999.999,0.069881,0.064232,8.0,11.71875,-0.9473135580486837,STOP_LOSS
reset_no_be,closed-80,GRASS/USDT,1776687450.598616,1778918399.999,0.3347,0.30228,8.0,39.0625,-3.7837055572154155,STOP_LOSS
reset_no_be,closed-132,TURBO/USDT,1777968203.8377542,1778918399.999,0.001287,0.00117,8.0,58.59375,-5.3267045454545405,STOP_LOSS
reset_no_be,closed-134,ZEN/USDT,1777810728.8971298,1778918399.999,6.6011,5.9274,8.0,58.59375,-5.9800047529957165,STOP_LOSS
reset_no_be,closed-159,STX/USDT,1778214541.0529773,1778918399.999,0.26412,0.24175,8.0,58.59375,-4.962676766242624,STOP_LOSS
reset_no_be,closed-147,SNX/USDT,1778200279.8742115,1778918399.999,0.3399,0.31034,8.0,58.59375,-5.0957082965578095,STOP_LOSS
reset_no_be,closed-182,ETC/USDT,1778257707.5379243,1778918399.999,9.7875,8.9182,8.0,58.59375,-5.204142720306511,STOP_LOSS
reset_no_be,closed-171,PURR/USDT,1778797954.3954852,1778932799.999,0.069389,0.063169,8.0,19.53125,-1.7507728170171084,STOP_LOSS
reset_no_be,closed-203,LINK/USDT,1778301053.3965695,1778932799.999,10.541,9.648,8.0,58.59375000000001,-4.96387617398729,STOP_LOSS
reset_no_be,closed-128,UNI/USDT,1778372238.987565,1778932799.999,3.8104,3.479,8.0,58.59375,-5.096044706592482,STOP_LOSS
reset_no_be,closed-202,CAKE/USDT,1778429740.3196933,1779033599.999,1.5887,1.4586,8.0,58.59375,-4.798292235790273,STOP_LOSS
reset_no_be,closed-153,VIRTUAL/USDT,1777867939.9666662,1779062399.999,0.77685,0.70182,8.0,58.59374999999999,-5.659122176095774,STOP_LOSS
reset_no_be,closed-63,SUPER/USDT,1776663915.8739815,1779062399.999,0.12494,0.1139,8.0,19.53125,-1.7258283976308622,STOP_LOSS
reset_no_be,closed-178,IMX/USDT,1778301053.3732498,1779062399.999,0.19237,0.17216,8.0,58.59374999999999,-6.155739915267453,STOP_LOSS
reset_no_be,closed-97,MON/USDT,1777648071.9245172,1779091199.999,0.029378,0.026852,8.0,19.53125,-1.679349768534278,STOP_LOSS
reset_no_be,closed-167,ICP/USDT,1778054711.548446,1779091199.999,2.7566,2.5303,8.0,58.59375,-4.8101885021403215,STOP_LOSS
reset_no_be,closed-172,ARB/USDT,1778184130.607847,1779091199.999,0.12634,0.11585,8.0,39.0625,-3.243356221307586,STOP_LOSS
reset_no_be,closed-170,SUI/USDT,1778401945.7011185,1779091199.999,1.1266,1.035,8.0,58.59375,-4.764057784484293,STOP_LOSS
reset_no_be,closed-58,COMP/USDT,1776338275.5405662,1779119999.999,22.779,20.944,8.0,82.41758241758241,-6.639284592662704,STOP_LOSS
reset_no_be,closed-216,DOGE/USDT,1777867939.9468355,1779119999.999,0.11303,0.10381,8.0,58.59375000000001,-4.779566265593206,STOP_LOSS
reset_no_be,closed-217,W/USDT,1778868687.5313115,1779119999.999,0.01318,0.01211,8.0,19.53125,-1.5856174127465883,STOP_LOSS
reset_no_be,closed-94,GMX/USDT,1776932030.135696,1779249599.999,7.0524,6.4852,8.0,39.0625,-3.141660994838637,STOP_LOSS
reset_no_be,closed-237,MON/USDT,1779394866.682503,1779479999.999,0.029253,0.026533,8.0,39.0625,-3.6321061087751665,STOP_LOSS
reset_no_be,closed-241,COMP/USDT,1779230623.658495,1779494399.999,22.616,19.647,8.0,78.125,-10.256151618323319,STOP_LOSS
reset_no_be,closed-245,TURBO/USDT,1779437090.04329,1779494399.999,0.001218,0.00111,8.0,39.0625,-3.463669950738912,STOP_LOSS
reset_no_be,closed-21,FLOKI/USDT,1776410843.7259934,1779494399.999,3.153e-05,2.8922e-05,8.0,78.125,-6.462099587694259,STOP_LOSS
reset_no_be,closed-240,AR/USDT,1779293670.9670963,1779494399.999,2.2377,2.0439,8.0,39.0625,-3.3830774902801966,STOP_LOSS
reset_no_be,closed-91,AIXBT/USDT,1777537069.5531116,1779523199.999,0.03023,0.027599,8.0,39.0625,-3.399716754879261,STOP_LOSS
reset_no_be,closed-236,VIRTUAL/USDT,1779423653.5368202,1779523199.999,0.76334,0.6879,8.0,39.0625,-3.8605012183299743,STOP_LOSS
reset_no_be,closed-235,SPX/USDT,1779264730.7604845,1779523199.999,0.37281,0.34183,8.0,39.0625,-3.2460402081489197,STOP_LOSS
reset_no_be,closed-185,MINA/USDT,1777860052.3457975,1779523199.999,0.060491,0.055335,8.0,19.53125,-1.664762113372238,STOP_LOSS
reset_no_be,closed-230,ZEN/USDT,1779278568.483516,1779523199.999,6.3773,5.7743,8.0,58.59375,-5.540280565443055,STOP_LOSS
reset_no_be,closed-252,FIL/USDT,1779452180.1996272,1779523199.999,1.023,0.92628,8.0,58.59374999999999,-5.539772727272723,STOP_LOSS
reset_no_be,closed-234,SUI/USDT,1779322474.7654321,1779523199.999,1.0845,0.99515,8.0,39.0625,-3.218288958045184,STOP_LOSS
reset_no_be,closed-223,VVV/USDT,1779033642.6291392,1779652799.999,14.334,19.971,8.0,39.0625,15.36174916282964,TRIM
reset_no_be,closed-264,VVV/USDT,1779667493.865621,1779753599.999,19.117,17.369,8.0,39.0625,-3.5717555055709593,STOP_LOSS
reset_no_be,closed-144,HYPER/USDT,1778027735.9757051,1779753599.999,0.10849,0.099753,8.0,19.53125,-1.5729056249423916,STOP_LOSS
reset_no_be,closed-257,GMT/USDT,1779518426.2256098,1779753599.999,0.012264,0.011201,8.0,19.53125,-1.6928994414546665,STOP_LOSS
reset_no_be,closed-265,GMX/USDT,1779379343.8030367,1779767999.999,6.98,6.3722,8.0,58.59375,-5.102189290830948,STOP_LOSS
reset_no_be,closed-270,ETC/USDT,1779452180.1786182,1779839999.999,9.38,8.6268,8.0,39.0625,-3.136660447761201,STOP_LOSS
reset_no_be,closed-256,BCH/USDT,1779084611.2709715,1779839999.999,374.73,343.06,8.0,19.53125,-1.6506676473727757,STOP_LOSS
reset_no_be,closed-195,ANIME/USDT,1775527308.6855934,1779926399.999,0.004501,0.004067,8.0,40.32258064516129,-3.888024883359249,STOP_LOSS
reset_no_be,closed-277,EIGEN/USDT,1779725268.386489,1779926399.999,0.2548,0.2281,8.0,39.0625,-4.093283948194666,STOP_LOSS
reset_no_be,closed-211,POLYX/USDT,1778272136.726014,1779940799.999,0.053748,0.048634,8.0,58.59375,-5.57506209533378,STOP_LOSS
reset_no_be,closed-289,AIXBT/USDT,1779917961.0039396,1779940799.999,0.0295,0.027068,8.0,39.0625,-3.220338983050846,STOP_LOSS
reset_no_be,closed-285,ZEN/USDT,1779739802.556133,1779940799.999,6.2987,5.7271,8.0,39.0625,-3.544878308222332,STOP_LOSS
reset_no_be,closed-179,NEO/USDT,1778142776.6817453,1779940799.999,2.9751,2.6688,8.0,58.59375,-6.032491554905713,STOP_LOSS
reset_no_be,closed-255,ZORA/USDT,1779272556.200639,1779940799.999,0.011136,0.009886,8.0,11.71875,-1.3154128502155162,STOP_LOSS
reset_no_be,closed-7,TRB/USDT,1776338419.7474828,1779955199.999,17.773,16.297,8.0,58.59375000000001,-4.866053845721038,STOP_LOSS
reset_no_be,closed-773,OP/USDT,1779305847.0323625,1779955199.999,0.12892,0.11778,8.0,19.53125,-1.6876987666770114,STOP_LOSS
reset_no_be,closed-287,FLOKI/USDT,1779624990.4271636,1779969599.999,0.029687,0.027111,8.0,19.53125,-1.6947653855222842,STOP_LOSS
reset_no_be,closed-90,ACE/USDT,1776621986.14587,1779969599.999,0.1173,0.1077,8.0,11.71827,-0.9590399999999997,STOP_LOSS
reset_no_be,closed-290,BTC/USDT,1776873742.6110334,1779983999.999,79309.8,72924.0,8.0,58.59375,-4.717802450012484,STOP_LOSS
reset_no_be,closed-112,XMR/USDT,1777220029.4978356,1779983999.999,398.12,354.93,8.0,58.59375,-6.356535874861851,STOP_LOSS
reset_no_be,closed-184,SKY/USDT,1774583431.537942,1780027199.999,0.070643,0.064857,8.0,24.999999999999996,-2.047619721699248,STOP_LOSS
reset_no_be,closed-306,HEMI/USDT,1780082379.7867532,1780099199.999,0.007892,0.007153,8.0,19.53125,-1.8288892232640641,STOP_LOSS
reset_no_be,closed-301,PENDLE/USDT,1777622677.5949273,1780099199.999,1.5087,1.3815,8.0,58.59375,-4.940097434877706,STOP_LOSS
reset_no_be,closed-282,FIL/USDT,1779840664.905889,1780257599.999,1.017,0.91985,8.0,39.0625,-3.7314866027531948,STOP_LOSS
reset_no_be,closed-319,CAKE/USDT,1780200315.0915463,1780329599.999,1.5459,1.4119,8.0,39.0625,-3.3859725726114247,STOP_LOSS
reset_no_be,closed-307,HBAR/USDT,1780099864.263912,1780329599.999,0.10104,0.092206,8.0,39.0625,-3.415262519794143,STOP_LOSS
reset_no_be,closed-315,XMR/USDT,1780142639.0777988,1780343999.999,390.32,351.34,8.0,39.0625,-3.901045936667352,STOP_LOSS
reset_no_be,closed-322,MON/USDT,1779986104.197807,1780401599.999,0.0233,0.021201,8.0,11.71875,-1.0556934012875538,STOP_LOSS
reset_no_be,closed-323,POLYX/USDT,1780218270.4593215,1780415999.999,0.0508,0.044766,8.0,19.53125,-2.3199126476377945,STOP_LOSS
reset_no_be,closed-65,DOT/USDT,1775980972.484268,1780415999.999,1.2249,1.0948,8.0,40.32258064516129,-4.282772260540032,STOP_LOSS
reset_no_be,closed-208,AERO/USDT,1776870104.3286061,1780415999.999,0.4193,0.37382,8.0,19.53125,-2.118486167421894,STOP_LOSS
reset_no_be,closed-321,HEMI/USDT,1780125567.0923514,1780415999.999,0.00718,0.006538,8.0,19.53125,-1.7463875348189404,STOP_LOSS
reset_no_be,closed-247,STX/USDT,1779046368.1057413,1780415999.999,0.2392,0.21662,8.0,19.53125,-1.8437108068561858,STOP_LOSS
reset_no_be,closed-326,EIGEN/USDT,1780372879.4081883,1780415999.999,0.2323,0.2056,8.0,39.0625,-4.489749246663799,STOP_LOSS
reset_no_be,closed-303,TAO/USDT,1776989342.9104133,1780444799.999,254.35,225.79,8.0,58.59375000000001,-6.579270689994104,STOP_LOSS
reset_no_be,closed-200,TIA/USDT,1778214541.0735338,1780444799.999,0.4011,0.35943,8.0,58.59375,-6.087263930441285,STOP_LOSS
reset_no_be,closed-330,GMX/USDT,1780344359.7110274,1780444799.999,6.92,6.2157,8.0,39.0625,-3.975681900289015,STOP_LOSS
reset_no_be,closed-333,BCH/USDT,1779990796.1670983,1780444799.999,303.05,268.18,8.0,19.53125,-2.2473343920145186,STOP_LOSS
reset_no_be,closed-278,VIRTUAL/USDT,1779567384.146958,1780459199.999,0.75786,0.69374,8.0,39.0625,-3.304947483704114,STOP_LOSS
reset_no_be,closed-336,HYPER/USDT,1780220301.9767911,1780459199.999,0.0911,0.083524,8.0,19.53125,-1.624245334796927,STOP_LOSS
reset_no_be,closed-314,BNB/USDT,1780156970.2760699,1780459199.999,695.81,633.73,8.0,39.0625,-3.4851468073180847,STOP_LOSS
reset_no_be,closed-310,FLOKI/USDT,1780128613.9591773,1780545599.999,0.028004,0.02576,8.0,19.53125,-1.5650665976289106,STOP_LOSS
reset_no_be,closed-332,APT/USDT,1775674070.2227201,1780559999.999,0.84,0.7633,8.0,40.32258064516129,-3.6818356374807997,STOP_LOSS
reset_no_be,closed-324,JUP/USDT,1780315286.9960775,1780559999.999,0.1959,0.1773,8.0,39.0625,-3.708843797856046,STOP_LOSS
reset_no_be,closed-298,DASH/USDT,1777814320.8284965,1780559999.999,39.231,35.222,8.0,39.0625,-3.991781053248708,STOP_LOSS
reset_no_be,closed-311,ASTER/USDT,1779697110.1054738,1780559999.999,0.7173,0.65422,8.0,39.0625,-3.4351909940052994,STOP_LOSS
reset_no_be,closed-81,ALGO/USDT,1777090682.0724192,1780574399.999,0.11172,0.10136,8.0,39.0625,-3.622337092731827,STOP_LOSS
reset_no_be,closed-242,SUPER/USDT,1779226254.6535099,1780574399.999,0.11049,0.10125,8.0,19.53125,-1.6333491718707565,STOP_LOSS
reset_no_be,closed-293,WIF/USDT,1776931487.6728902,1780631999.999,0.1803,0.15822,8.0,19.53125,-2.391846921797004,STOP_LOSS
reset_no_be,closed-360,COMP/USDT,1779998601.883189,1780646399.999,17.835,16.375,8.0,19.53125,-1.5988575834034215,STOP_LOSS
reset_no_be,closed-368,DASH/USDT,1780617552.2371874,1780646399.999,34.26,31.508,8.0,19.53125,-1.568884997081143,STOP_LOSS
reset_no_be,closed-343,FIL/USDT,1780435849.7055304,1780646399.999,0.884,0.80448,8.0,19.53125,-1.756928733031675,STOP_LOSS
reset_no_be,closed-286,ICP/USDT,1779739725.2246745,1780646399.999,2.732,2.4972,8.0,39.0625,-3.357201683748174,STOP_LOSS
reset_no_be,closed-364,BCH/USDT,1780463668.8400123,1780646399.999,253.72,225.55,8.0,11.71875,-1.301108259104524,STOP_LOSS
reset_no_be,closed-280,AR/USDT,1779884302.4937804,1780660799.999,2.2268,2.0193,8.0,39.0625,-3.639962614514101,STOP_LOSS
reset_no_be,closed-353,ZORA/USDT,1780140918.1112487,1780660799.999,0.010075,0.009202,8.0,19.53125,-1.6923852357320102,STOP_LOSS
reset_no_be,closed-246,RENDER/USDT,1779048162.8418307,1780675199.999,1.8399,1.6274,8.0,78.125,-9.023078699929352,STOP_LOSS
reset_no_be,closed-355,MORPHO/USDT,1779221028.0415614,1780718399.999,1.782,1.6304,8.0,39.0625,-3.3231621773288427,STOP_LOSS
reset_no_be,closed-380,PAXG/USDT,1774987196.2754548,1780732799.999,4679.4,4304.1,8.0,166.66666666666666,-13.36709834594176,STOP_LOSS
reset_no_be,open-0,HYPE/USDT,1773232095.0530453,1780747199.999,35.49,59.658,8.0,454.54545454545456,309.5366172289249,RISK_OFF
reset_no_be,closed-352,VVV/USDT,1780000793.4626982,1780747199.999,16.281,16.19,8.0,19.53125,-0.10916674344327477,RISK_OFF
reset_no_be,closed-384,PURR/USDT,1779048317.5804737,1780747199.999,0.074363,0.089688,8.0,19.531250000000004,4.025071692239421,RISK_OFF
reset_no_be,closed-381,INJ/USDT,1777737646.3004081,1780747199.999,3.8554,5.2001,8.0,58.59374999999999,20.43653463324168,RISK_OFF
reset_no_be,closed-383,ONDO/USDT,1777906945.5523825,1780747199.999,0.31426,0.32349,8.0,58.59375,1.7209327069942155,RISK_OFF
reset_no_be,closed-60,STABLE/USDT,1776338349.0425384,1780804799.999,0.025863,0.033585,8.0,22.727272727272727,6.785755712794338,RISK_OFF
reset_no_be,closed-387,WLD/USDT,1778853980.962852,1780804799.999,0.24036,0.44838,8.0,19.53125,16.903355903644535,RISK_OFF
reset_no_be,closed-366,GRASS/USDT,1779336374.1308303,1780833599.999,0.33487,0.35047,8.0,39.0625,1.8197360169618093,RISK_OFF
reset_no_be,closed-367,ZEC/USDT,1776809046.3825746,1780833599.999,310.24,410.3,8.0,11.71875,3.7795839511346063,RISK_OFF
reset_no_be,closed-394,HMSTR/USDT,1780762485.204381,1780934399.999,0.000182,0.000166,8.0,39.0625,-3.4340659340659347,STOP_LOSS
reset_no_be,closed-399,HYPER/USDT,1780884799.3267574,1780977599.999,0.0719,0.065584,8.0,19.53125,-1.715707579972184,STOP_LOSS
reset_no_be,closed-400,STABLE/USDT,1780848740.8903265,1780991999.999,0.033945,0.030918,8.0,11.71875,-1.0450038665488297,STOP_LOSS
reset_no_be,closed-206,DYDX/USDT,1776787769.7733579,1781035199.999,0.13995,0.1271,8.0,58.59375,-5.379990621650591,STOP_LOSS
reset_no_be,closed-406,VVV/USDT,1780992237.9547663,1781078399.999,15.906,14.472,8.0,39.0625,-3.5216663523198823,STOP_LOSS
reset_no_be,closed-404,PURR/USDT,1780977750.5072625,1781121599.999,0.093406,0.082263,8.0,39.0625,-4.660015818041667,STOP_LOSS
reset_no_be,closed-391,WLD/USDT,1780848740.918154,1781121599.999,0.5021,0.44743,8.0,11.71875,-1.2759690549691296,STOP_LOSS
reset_no_be,closed-412,ALGO/USDT,1780817866.7060897,1781135999.999,0.0957,0.086494,8.0,11.71875,-1.1273021159874599,STOP_LOSS
reset_no_be,closed-392,JTO/USDT,1780862572.580509,1781193599.999,0.6002,0.55158,8.0,39.0625,-3.164309813395534,STOP_LOSS
reset_no_be,closed-183,KAITO/USDT,1777521756.313358,1781251199.999,0.4445,0.40296,8.0,39.0625,-3.650520247469066,STOP_LOSS
reset_no_be,closed-419,HMSTR/USDT,1781079430.8631015,1781380799.999,0.0001905,0.000175,8.0,39.0625,-3.178313648293965,STOP_LOSS
reset_no_be,closed-429,TRUMP/USDT,1781419887.7816548,1781625599.999,2.066,1.8757,8.0,11.71875,-1.0794182599225557,STOP_LOSS
reset_no_be,closed-433,RENDER/USDT,1781525227.2752872,1781697599.999,1.851,1.6978,8.0,39.0625,-3.233049702863317,STOP_LOSS
reset_no_be,closed-431,UNI/USDT,1781669798.6692238,1781726399.999,3.502,3.1943,8.0,39.0625,-3.4321905339805774,STOP_LOSS
reset_no_be,closed-432,EIGEN/USDT,1781539897.3976665,1781726399.999,0.2247,0.2056,8.0,39.0625,-3.3203994214508255,STOP_LOSS
reset_no_be,closed-436,XPL/USDT,1781714241.8100111,1781755199.999,0.1174,0.10794,8.0,39.0625,-3.147625638841569,STOP_LOSS
reset_no_be,closed-424,TAO/USDT,1781366951.6642995,1781769599.999,264.0,242.69,8.0,19.53125,-1.5765565814393934,STOP_LOSS
reset_no_be,closed-440,DASH/USDT,1781511128.6411324,1781783999.999,38.87,35.696,8.0,39.0625,-3.189718934911243,STOP_LOSS
reset_no_be,closed-443,PENDLE/USDT,1781669798.6333141,1781798399.999,1.489,1.3666,8.0,39.0625,-3.2110476830087302,STOP_LOSS
reset_no_be,closed-425,HMSTR/USDT,1781432657.3822312,1781798399.999,0.0001687,0.000155,8.0,11.71875,-0.9516708654416128,STOP_LOSS
reset_no_be,closed-437,ASTER/USDT,1781698028.55902,1781798399.999,0.702,0.63232,8.0,58.59375000000001,-5.815972222222223,STOP_LOSS
reset_no_be,closed-439,SPX/USDT,1781581996.958385,1781841599.999,0.3955,0.36281,8.0,19.53125,-1.614352876106195,STOP_LOSS
reset_no_be,closed-452,ADA/USDT,1781648169.7057853,1781855999.999,0.1736,0.15933,8.0,11.71875,-0.9632866503456218,STOP_LOSS
reset_no_be,closed-444,BRETT/USDT,1781484103.0187473,1781884799.999,0.006592,0.006023,8.0,19.53125,-1.6858739760315546,STOP_LOSS
reset_no_be,closed-402,MORPHO/USDT,1781007012.335147,1782014399.999,1.972,1.8125,8.0,39.0625,-3.1594669117647034,STOP_LOSS
reset_no_be,closed-430,TIA/USDT,1781655383.7623835,1782014399.999,0.4013,0.36826,8.0,39.0625,-3.216110142038376,STOP_LOSS
reset_no_be,closed-456,TNSR/USDT,1782024916.566551,1782057599.999,0.0475,0.04332,8.0,11.71875,-1.0312500000000009,STOP_LOSS
reset_no_be,closed-457,ACE/USDT,1781987683.2156267,1782086399.999,0.0883,0.0794,8.0,11.719176000000001,-1.1812080000000005,STOP_LOSS
reset_no_be,closed-405,INJ/USDT,1780848740.8612041,1782086399.999,5.323,4.8163,8.0,19.53125,-1.8591930067631055,STOP_LOSS
reset_no_be,closed-411,ONDO/USDT,1781006521.7861316,1782086399.999,0.3619,0.32922,8.0,39.0625,-3.5273901630284614,STOP_LOSS
reset_no_be,closed-466,ANIME/USDT,1781938266.5400033,1782115199.999,0.00316,0.002885,8.0,11.71875,-1.01982792721519,STOP_LOSS
reset_no_be,closed-469,HMSTR/USDT,1782129819.8315377,1782172799.999,0.0001873,0.000168,8.0,39.0625,-4.025126801922053,STOP_LOSS
reset_no_be,closed-374,FET/USDT,1779112283.5234506,1782201599.999,0.1921,0.17493,8.0,19.53125,-1.7457134955752214,STOP_LOSS
reset_no_be,closed-475,TRUMP/USDT,1781643170.3853374,1782215999.999,1.927,1.7477,8.0,11.71875,-1.090384989621173,STOP_LOSS
reset_no_be,closed-489,TNSR/USDT,1782292564.161693,1782316799.999,0.0373,0.03409,8.0,11.71875,-1.0085036863270775,STOP_LOSS
reset_no_be,closed-483,TIA/USDT,1782129978.7034001,1782316799.999,0.3989,0.35794,8.0,58.59375000000001,-6.016545500125344,STOP_LOSS
reset_no_be,closed-487,SPX/USDT,1782197260.4713876,1782316799.999,0.3602,0.33056,8.0,78.125,-6.42872015546918,STOP_LOSS
reset_no_be,closed-462,RESOLV/USDT,1782055831.1045032,1782316799.999,0.0213,0.019419,8.0,19.531248,-1.724801760000001,STOP_LOSS
reset_no_be,closed-378,FLOKI/USDT,1780621776.44543,1782331199.999,2.466e-05,2.2574e-05,8.0,19.53125,-1.6521568329278176,STOP_LOSS
reset_no_be,closed-447,NEO/USDT,1780877013.1042066,1782331199.999,2.172,1.9845,8.0,19.53125,-1.6860540400552506,STOP_LOSS
reset_no_be,closed-494,SNX/USDT,1782302805.6669137,1782388799.999,0.232,0.20631,8.0,19.53125,-2.162749191810347,STOP_LOSS
reset_no_be,closed-474,MNT/USDT,1780725060.4331667,1782403199.999,0.513,0.45507,8.0,11.71692,-1.3231212000000008,STOP_LOSS
reset_no_be,closed-445,GMT/USDT,1780849284.8957825,1782417599.999,0.007873,0.007231,8.0,11.718749999999998,-0.9555998348786992,STOP_LOSS
reset_no_be,closed-362,MON/USDT,1780596630.5717359,1782475199.999,0.020465,0.018671,8.0,11.71875,-1.0272874419741018,STOP_LOSS
reset_no_be,closed-498,TNSR/USDT,1782395770.280907,1782575999.999,0.04,0.03641,8.0,19.5312,-1.752925200000002,STOP_LOSS
reset_no_be,closed-510,INJ/USDT,1782547497.3253458,1782604799.999,5.051,4.6341,8.0,39.0625,-3.2241449712928136,STOP_LOSS
reset_no_be,closed-393,ZEC/USDT,1780848740.9524384,1782633599.999,421.07,385.55,8.0,11.718749999999998,-0.9885529721898959,STOP_LOSS
reset_no_be,closed-519,ANIME/USDT,1782725422.1525645,1782791999.999,0.003,0.002735,8.0,19.53125,-1.7252604166666674,STOP_LOSS
reset_no_be,closed-201,MANTA/USDT,1778501315.778693,1782806399.999,0.07504,0.06734,8.0,58.59375,-6.012418376865668,STOP_LOSS
reset_no_be,closed-103,CC/USDT,1776338275.5379689,1782820799.999,0.14667,0.13392,8.0,54.94505494505494,-4.776364972724141,STOP_LOSS
reset_no_be,closed-523,AAVE/USDT,1782518977.869402,1782835199.999,95.72,85.424,8.0,58.59374999999999,-6.302562160468024,STOP_LOSS
reset_no_be,closed-527,TIA/USDT,1782734495.152051,1782863999.999,0.3888,0.35544,8.0,39.0625,-3.351658950617284,STOP_LOSS
reset_no_be,closed-490,EIGEN/USDT,1781827637.6596103,1782863999.999,0.2232,0.2029,8.0,39.0625,-3.552727374551974,STOP_LOSS
reset_no_be,closed-531,WLD/USDT,1782734736.8752205,1782892799.999,0.4291,0.39141,8.0,39.0625,-3.431054824050337,STOP_LOSS
reset_no_be,closed-514,ZORA/USDT,1782449237.0781515,1782892799.999,0.007257,0.006659,8.0,11.71875,-0.9656624638280285,STOP_LOSS
reset_no_be,closed-479,DYDX/USDT,1782244900.9432364,1783022399.999,0.14497,0.12975,8.0,39.0625,-4.101064013244116,STOP_LOSS
reset_no_be,closed-481,VVV/USDT,1782213327.6637526,1783209599.999,13.217,12.15,8.0,39.0625,-3.153490769463572,STOP_LOSS
reset_no_be,closed-538,XPL/USDT,1783181278.1669436,1783223999.999,0.11306,0.10382,8.0,39.0625,-3.192442066159559,STOP_LOSS
reset_no_be,closed-521,HYPER/USDT,1782803358.4710279,1783252799.999,0.0815,0.074513,8.0,19.53125,-1.6744152607361973,STOP_LOSS
reset_no_be,closed-547,XPL/USDT,1783311173.1689131,1783468799.999,0.11141,0.098894,8.0,39.0625,-4.388351584238398,STOP_LOSS
reset_no_be,closed-541,TRB/USDT,1783282670.9326565,1783483199.999,17.64,16.018,8.0,39.0625,-3.591801303854873,STOP_LOSS
reset_no_be,closed-550,EIGEN/USDT,1783195415.784594,1783483199.999,0.2375,0.2156,8.0,39.0625,-3.601973684210524,STOP_LOSS
reset_no_be,closed-549,AAVE/USDT,1783353963.244336,1783483199.999,96.29,88.032,8.0,58.59375,-5.0251032038633365,STOP_LOSS
reset_no_be,closed-546,MINA/USDT,1783328794.9097502,1783641599.999,0.0482,0.044076,8.0,19.531122,-1.67108604,STOP_LOSS
reset_no_be,closed-532,TNSR/USDT,1782726984.6112034,1783828799.999,0.0348,0.03184,8.0,19.53125,-1.6612787356321836,STOP_LOSS
reset_no_be,closed-540,TRUMP/USDT,1782472045.1479235,1783915199.999,1.685,1.5379,8.0,11.71875,-1.023043397626113,STOP_LOSS
reset_no_be,closed-484,BONK/USDT,1780804971.9607763,1783915199.999,4.3e-06,3.910000000000001e-06,8.0,11.71875,-1.062863372093022,STOP_LOSS
reset_no_be,closed-555,PURR/USDT,1782763582.1987953,1783958399.999,0.09019,0.081841,8.0,39.0625,-3.616064003769824,STOP_LOSS
reset_no_be,closed-570,ONDO/USDT,1782964954.9056075,1784001599.999,0.3326,0.30579,8.0,58.59375,-4.723086101924231,STOP_LOSS
reset_no_be,closed-572,BONK/USDT,1784095661.7755017,1784231999.999,3.77e-06,3.435e-06,8.0,19.53125,-1.7355354774535787,STOP_LOSS
reset_no_be,closed-557,TIA/USDT,1783080734.6087062,1784347199.999,0.4033,0.36889,8.0,39.0625,-3.332855504587155,STOP_LOSS
reset_no_be,closed-581,BONK/USDT,1784322295.6699743,1784390399.999,3.15e-06,2.7430000000000002e-06,8.0,19.53125,-2.523561507936506,STOP_LOSS
reset_no_be,closed-582,ACE/USDT,1784391140.54845,1784419199.999,0.0728,0.0631,8.0,11.71875,-1.561426854395604,STOP_LOSS
reset_no_be,closed-559,EIGEN/USDT,1783498504.649774,1784908799.999,0.2303,0.2115,8.0,39.0625,-3.1887755102040853,STOP_LOSS
reset_no_be,closed-545,WLD/USDT,1783008724.4264107,1784937599.999,0.3884,0.34677,8.0,19.53125,-2.093424143923791,STOP_LOSS
reset_no_be,closed-528,SPX/USDT,1782763349.1429372,1784937599.999,0.3617,0.32902,8.0,39.0625,-3.5293406137683205,STOP_LOSS
reset_no_be,closed-597,STX/USDT,1784867931.568794,1784995199.999,0.1484,0.13626,8.0,19.53125,-1.5977720687331562,STOP_LOSS
reset_no_be,closed-600,TNSR/USDT,1784881629.385052,1785196799.999,0.0339,0.03055,8.0,19.53125,-1.9300792772861357,STOP_LOSS
reset_no_be,closed-551,GRASS/USDT,1781165621.0111458,1785211199.999,0.35831,0.32268,8.0,39.0625,-3.884337235913037,STOP_LOSS
reset_no_be,closed-607,NEO/USDT,1784430110.1912744,1785211199.999,2.054,1.8791,8.0,19.53125,-1.663104004381692,STOP_LOSS
reset_no_be,closed-585,JTO/USDT,1784620884.6568456,1785239999.999,0.6063,0.55061,8.0,39.0625,-3.5879772802243064,STOP_LOSS
reset_no_be,closed-522,POLYX/USDT,1782667354.2106571,1785297599.999,0.0356,0.032727,8.0,19.53125,-1.5762157654494389,STOP_LOSS
reset_no_be,closed-577,HMSTR/USDT,1782561809.6411333,1785297599.999,0.0001796,0.000165,8.0,39.0625,-3.1754593541202674,STOP_LOSS
reset_no_be,closed-488,FIL/USDT,1781137083.6482263,1785355199.999,0.74,0.66522,8.0,19.53125,-1.9737119932432419,STOP_LOSS
reset_no_be,closed-513,MNT/USDT,1782443601.6444745,1785513599.999,0.4252,0.39071,8.0,19.53125,-1.58427284219191,STOP_LOSS
reset_no_be,closed-562,ICP/USDT,1781798795.8786416,1785614399.999,2.22,2.0254,8.0,19.53125,-1.7120636261261282,STOP_LOSS
reset_no_be,closed-564,PENDLE/USDT,1782964954.9500952,1785729599.999,1.473,1.3426,8.0,39.0625,-3.4580787508486095,STOP_LOSS
reset_no_be,closed-619,HYPER/USDT,1785631351.6740508,1785830399.999,0.0644,0.059188,8.0,11.71875,-0.9484180900621122,STOP_LOSS
reset_no_be,closed-617,LDO/USDT,1784088212.0616543,1785844799.999,0.3356,0.30217,8.0,58.59375,-5.8366777786054875,STOP_LOSS
reset_no_be,closed-621,INJ/USDT,1785556959.1757183,1786190399.999,4.844,4.3914,8.0,78.125,-7.29962324525186,STOP_LOSS
reset_no_be,closed-563,AAVE/USDT,1783699588.7760444,1786463999.999,95.12,86.417,8.0,39.0625,-3.5740216305719117,STOP_LOSS
reset_no_be,closed-635,BONK/USDT,1786118688.6852303,1786535999.999,2.46e-06,2.262e-06,8.0,19.53125,-1.5720274390243896,STOP_LOSS
reset_no_be,closed-435,JUP/USDT,1781496566.8399804,1786550399.999,0.1868,0.17129,8.0,39.0625,-3.2433585385438977,STOP_LOSS
reset_no_be,closed-623,HMSTR/USDT,1785960268.6308312,1786564799.999,0.0001961,0.000179,8.0,19.53125,-1.7031329678735343,STOP_LOSS
reset_no_be,closed-499,XLM/USDT,1779930313.5068414,1786564799.999,0.17359,0.15863,8.0,78.125,-6.732818710755229,STOP_LOSS
reset_no_be,closed-423,KAITO/USDT,1781381308.0824552,1786694399.999,0.4493,0.40899,8.0,39.0625,-3.5045835188070305,STOP_LOSS
reset_no_be,closed-646,INJ/USDT,1786594563.1878557,1786723199.999,4.677,4.2187,8.0,58.59375,-5.741611209108396,STOP_LOSS
reset_no_be,closed-649,STABLE/USDT,1786183822.3444536,1786867199.999,0.03279,0.030016,8.0,19.53125,-1.6523234980176869,STOP_LOSS
reset_no_be,closed-650,HEMI/USDT,1786853877.180719,1786881599.999,0.007899,0.006649,8.0,58.59375,-9.272336688188373,STOP_LOSS
reset_no_be,closed-567,FLOKI/USDT,1782437887.1031537,1786924799.999,2.184e-05,2.0047e-05,8.0,11.71875,-0.9620750343406598,STOP_LOSS
reset_no_be,closed-654,WLD/USDT,1786930216.0583718,1787025599.999,0.36777,0.32797,8.0,78.125,-8.454672757429917,STOP_LOSS
reset_no_be,closed-657,HEMI/USDT,1786987757.442123,1787068799.999,0.007213,0.006532,8.0,58.59375,-5.532003847220301,STOP_LOSS
reset_no_be,closed-672,TURBO/USDT,1787306088.5451221,1787342399.999,0.001081,0.00099,8.0,39.0625,-3.2883325624421826,STOP_LOSS
reset_no_be,closed-676,FIL/USDT,1787375150.025655,1787385599.999,0.85667,0.78649,8.0,39.0625,-3.2000726650869074,STOP_LOSS
reset_no_be,closed-673,WLFI/USDT,1787375150.3591092,1787385599.999,0.0719,0.060126,8.0,58.59375,-9.595032162726014,STOP_LOSS
reset_no_be,closed-677,TNSR/USDT,1787375150.3003032,1787414399.999,0.0384,0.0346,8.0,58.59374999999999,-5.798339843749995,STOP_LOSS
reset_no_be,closed-680,KAS/USDT,1787375150.0972967,1787414399.999,0.031633,0.029086,8.0,58.59375,-4.717803599089561,STOP_LOSS
reset_no_be,closed-684,SUPER/USDT,1787375150.237171,1787457599.999,0.1058,0.09696,8.0,58.59374999999999,-4.895734877126652,STOP_LOSS
reset_no_be,closed-674,XPL/USDT,1787316031.9495687,1787457599.999,0.10111,0.09194,8.0,58.59375,-5.314060800118687,STOP_LOSS
reset_no_be,closed-692,ZRO/USDT,1787437410.9899712,1787644799.999,1.181,1.0765,8.0,58.59375,-5.184629022015246,STOP_LOSS
reset_no_be,closed-695,GRASS/USDT,1787559050.7811475,1787687999.999,0.3778,0.34003,8.0,58.59374999999999,-5.857824080201167,STOP_LOSS
reset_no_be,closed-664,SUI/USDT,1787355247.5039132,1787687999.999,0.85385,0.77534,8.0,58.59375,-5.387591863324939,STOP_LOSS
reset_no_be,closed-665,ALGO/USDT,1787355247.8064127,1787702399.999,0.097594,0.089043,8.0,58.59375,-5.133872535709165,STOP_LOSS
reset_no_be,closed-662,KAITO/USDT,1787221072.8077412,1787702399.999,0.34704,0.31812,8.0,11.71875,-0.9765625000000004,STOP_LOSS
reset_no_be,closed-656,JTO/USDT,1786348922.4082553,1787702399.999,0.5649,0.51955,8.0,39.0625,-3.1359256063019996,STOP_LOSS
reset_no_be,closed-681,TIA/USDT,1787316031.8481514,1787759999.999,0.3764,0.34575,8.0,58.59374999999999,-4.771249833953241,STOP_LOSS
reset_no_be,closed-667,DOGE/USDT,1787355247.865448,1787759999.999,0.092489,0.084495,8.0,58.59375000000001,-5.0643691411951695,STOP_LOSS
reset_no_be,closed-682,ARB/USDT,1787316031.607199,1787759999.999,0.09681,0.08883,8.0,39.0625,-3.2199023861171314,STOP_LOSS
reset_no_be,closed-710,ETC/USDT,1787355247.9277246,1787759999.999,8.298,7.5407,8.0,58.59375,-5.347438765365144,STOP_LOSS
reset_no_be,closed-721,XPL/USDT,1787649878.6262581,1787759999.999,0.09388,0.084816,8.0,78.125,-7.542873881550916,STOP_LOSS
reset_no_be,closed-663,AVAX/USDT,1787355247.4307506,1787759999.999,7.8877,7.2244,8.0,39.0625,-3.2848810489749827,STOP_LOSS
reset_no_be,closed-726,STABLE/USDT,1787555196.2889938,1787774399.999,0.029603,0.026398,8.0,19.53125,-2.1145713694557986,STOP_LOSS
reset_no_be,closed-668,EIGEN/USDT,1787335674.933256,1787774399.999,0.2159,0.197,8.0,39.0625,-3.4195518758684593,STOP_LOSS
reset_no_be,closed-675,ZEN/USDT,1787355248.110739,1787990399.999,5.3395,4.9077,8.0,58.59375,-4.738417688922183,STOP_LOSS
reset_no_be,closed-679,HMSTR/USDT,1787316031.6526325,1788134399.999,0.000192,0.00017,8.0,58.593792,-6.713871999999996,STOP_LOSS
reset_no_be,closed-669,HBAR/USDT,1787355247.990655,1788134399.999,0.080468,0.073438,8.0,58.59375,-5.1189797497141685,STOP_LOSS
reset_no_be,closed-742,ZORA/USDT,1788143655.4969327,1788278399.999,0.008656,0.007962,8.0,19.53125,-1.5659297019408511,STOP_LOSS
reset_no_be,closed-755,ANIME/USDT,1788137884.9913085,1788292799.999,0.002988,0.002722,8.0,19.53125,-1.7387257362784492,STOP_LOSS
reset_no_be,closed-751,GRASS/USDT,1787782118.7022953,1788321599.999,0.37537,0.34379,8.0,58.59375,-4.929511215600608,STOP_LOSS
reset_no_be,closed-691,FARTCOIN/USDT,1787257012.0257638,1788379199.999,0.16936,0.15471,8.0,58.59375,-5.068483924775631,STOP_LOSS
reset_no_be,closed-765,FARTCOIN/USDT,1788509300.8572931,1788969599.999,0.17199,0.15777,8.0,39.0625,-3.229657247514391,STOP_LOSS
baseline_no_be,closed-1,VVV/USDT,1773376987.682436,1773719999.999,6.363,5.8404,8.0,238.0952380952381,-19.555016726162428,STOP_LOSS
baseline_no_be,closed-0,TRX/USDT,1773376987.6815863,1773935999.999,0.2896,0.29989,8.0,476.19047619047626,16.91988950276235,NO_LONG
baseline_no_be,closed-2,TAO/USDT,1774441801.607653,1774612799.999,358.03,324.56,8.0,116.27906976744185,-10.870207706382914,STOP_LOSS
baseline_no_be,closed-6,PURR/USDT,1774442017.1916852,1774612799.999,0.087222,0.078611,8.0,166.66666666666666,-16.454182048871445,STOP_LOSS
baseline_no_be,closed-219,MORPHO/USDT,1774510530.623234,1774612799.999,1.67,1.5096,8.0,41.666666666666664,-4.001996007984029,STOP_LOSS
baseline_no_be,closed-5,ZRO/USDT,1774441946.5160167,1774627199.999,2.219,2.0187,8.0,181.8181818181818,-16.41197918800441,STOP_LOSS
baseline_no_be,closed-24,POLYX/USDT,1775288053.4456906,1775318399.999,0.0559,0.051078,8.0,40.32258064516129,-3.4782734145074707,STOP_LOSS
baseline_no_be,closed-26,AIXBT/USDT,1775657941.3443787,1775678399.999,0.02726,0.024891,8.0,40.32258064516129,-3.5041890516649703,STOP_LOSS
baseline_no_be,closed-3,TAO/USDT,1774650703.1715167,1775793599.999,313.81,276.09,8.0,166.66666666666666,-20.03335351539681,STOP_LOSS
baseline_no_be,closed-4,TNSR/USDT,1775720377.817925,1775836799.999,0.04687,0.04235,8.0,24.193548387096772,-2.333152095363293,STOP_LOSS
baseline_no_be,closed-20,ALGO/USDT,1775318628.0736766,1775879999.999,0.11886,0.10877,8.0,80.64516129032258,-6.845950508323689,STOP_LOSS
baseline_no_be,closed-10,TURBO/USDT,1776366178.3499205,1776412799.999,0.00133,0.001211,8.0,19.53125,-1.747532894736841,STOP_LOSS
baseline_no_be,closed-16,GRIFFAIN/USDT,1776441680.2020073,1776470399.999,0.01773,0.0162,8.0,39.0625,-3.370875634517768,STOP_LOSS
baseline_no_be,closed-13,MOODENG/USDT,1776370082.2002487,1776513599.999,0.061019,0.056095,8.0,58.59375,-4.728291597699077,STOP_LOSS
baseline_no_be,closed-15,ZETA/USDT,1776392430.3794386,1776513599.999,0.06179,0.05586,8.0,19.53125,-1.874418392943842,STOP_LOSS
baseline_no_be,closed-27,GRASS/USDT,1776338275.5458813,1776527999.999,0.37161,0.33569,8.0,109.89010989010987,-10.622030481560628,STOP_LOSS
baseline_no_be,closed-32,RENDER/USDT,1775246608.4542537,1776542399.999,1.9436,1.7829,8.0,166.66666666666666,-13.780270288811142,STOP_LOSS
baseline_no_be,closed-31,VIRTUAL/USDT,1776442685.225196,1776542399.999,0.77449,0.70582,8.0,58.59375,-5.195203052976798,STOP_LOSS
baseline_no_be,closed-25,TIA/USDT,1776470858.0107574,1776542399.999,0.4314,0.39664,8.0,58.59375,-4.721183936022253,STOP_LOSS
baseline_no_be,closed-22,ACE/USDT,1776501359.121004,1776542399.999,0.1444,0.1253,8.0,11.71875,-1.5500562673130196,STOP_LOSS
baseline_no_be,closed-17,ZRO/USDT,1776338966.3650606,1776556799.999,1.9454,1.7817,8.0,19.53125,-1.6435003726740005,STOP_LOSS
baseline_no_be,closed-9,MON/USDT,1776338349.0392292,1776556799.999,0.035808,0.032415,8.0,45.45454545454545,-4.307061905922494,STOP_LOSS
baseline_no_be,closed-14,LDO/USDT,1776356269.2247193,1776571199.999,0.41589,0.37339,8.0,58.59374999999999,-5.98772361682175,STOP_LOSS
baseline_no_be,closed-37,WLD/USDT,1776474095.795278,1776571199.999,0.28456,0.261,8.0,11.71875,-0.9702479266235583,STOP_LOSS
baseline_no_be,closed-28,AERO/USDT,1776427632.5067496,1776585599.999,0.41991,0.38055,8.0,58.59375,-5.492248338929773,STOP_LOSS
baseline_no_be,closed-45,ZEC/USDT,1776338419.7554412,1776628799.999,345.78,303.4,8.0,39.0625,-4.787635924576321,STOP_LOSS
baseline_no_be,closed-46,TAO/USDT,1776441680.2079284,1776643199.999,260.73,239.36,8.0,78.125,-6.403295554788481,STOP_LOSS
baseline_no_be,closed-38,PURR/USDT,1776348142.5372531,1776643199.999,0.080033,0.073511,8.0,78.125,-6.366514437794405,STOP_LOSS
baseline_no_be,closed-8,FET/USDT,1776338275.5433605,1776643199.999,0.2312,0.2085,8.0,27.47252747252747,-2.6973459066884664,STOP_LOSS
baseline_no_be,closed-49,CAKE/USDT,1776442685.2202237,1776643199.999,1.6391,1.5029,8.0,58.59375000000001,-4.868811390397175,STOP_LOSS
baseline_no_be,closed-29,DYDX/USDT,1776484907.512156,1776643199.999,0.14717,0.13368,8.0,58.59375,-5.370861503703203,STOP_LOSS
baseline_no_be,closed-34,KAITO/USDT,1776338275.548521,1776657599.999,0.4499,0.4068,8.0,54.94505494505494,-5.26368497028644,STOP_LOSS
baseline_no_be,closed-69,HEMI/USDT,1777148562.0403845,1777262399.999,0.009872,0.008819,8.0,19.53125,-2.0833069540113454,STOP_LOSS
baseline_no_be,closed-68,HYPER/USDT,1777117974.2439666,1777276799.999,0.13234,0.11691,8.0,19.53125,-2.2772191892096143,STOP_LOSS
baseline_no_be,closed-76,INJ/USDT,1777188940.993972,1777305599.999,3.9042,3.5434,8.0,19.53125,-1.8049472363096137,STOP_LOSS
baseline_no_be,closed-67,MON/USDT,1776960050.4621058,1777348799.999,0.03295,0.030009,8.0,39.0625,-3.486580045523519,STOP_LOSS
baseline_no_be,closed-82,MINA/USDT,1777183609.7501297,1777348799.999,0.066591,0.061162,8.0,19.53125,-1.5923346435704517,STOP_LOSS
baseline_no_be,closed-74,SPX/USDT,1776960127.6242328,1777391999.999,0.3914,0.35815,8.0,39.0625,-3.318416262135921,STOP_LOSS
baseline_no_be,closed-87,JUP/USDT,1777263265.137944,1777478399.999,0.1981,0.18167,8.0,39.0625,-3.239762115093388,STOP_LOSS
baseline_no_be,closed-88,WLD/USDT,1776659553.5330515,1777622399.999,0.26257,0.23954,8.0,19.53125,-1.7130848440415893,STOP_LOSS
baseline_no_be,closed-75,TRUMP/USDT,1777153335.7161508,1777636799.999,2.5483,2.3195,8.0,19.53125,-1.7536200604324435,STOP_LOSS
baseline_no_be,closed-106,STX/USDT,1778011394.3662658,1778025599.999,0.27688,0.25326,8.0,39.0625,-3.3323325989598414,STOP_LOSS
baseline_no_be,closed-92,HYPER/USDT,1777439077.4455526,1778039999.999,0.11968,0.10949,8.0,39.0625,-3.3259264288101584,STOP_LOSS
baseline_no_be,closed-54,GRIFFAIN/USDT,1776687604.2435064,1778126399.999,0.01596,0.014587,8.0,39.0625,-3.3604519110275652,STOP_LOSS
baseline_no_be,closed-120,VVV/USDT,1773965225.795107,1778500799.999,5.7672,17.733,8.0,142.85714285714286,296.40033291718686,TRIM
baseline_no_be,closed-126,OP/USDT,1778276246.1016092,1778515199.999,0.17145,0.15762,8.0,58.59375,-4.7264599737532755,STOP_LOSS
baseline_no_be,closed-119,LINEA/USDT,1778286505.0023654,1778558399.999,0.004307,0.003926,8.0,78.125,-6.910987926631073,STOP_LOSS
baseline_no_be,closed-129,VVV/USDT,1778544063.000116,1778572799.999,17.234,17.195,8.0,78.125,-0.1767944180109185,TRIM
baseline_no_be,closed-135,YGG/USDT,1778286505.0236268,1778587199.999,0.04793,0.044095,8.0,58.59375,-4.688233491550178,STOP_LOSS
baseline_no_be,closed-133,ENA/USDT,1778288907.9717069,1778587199.999,0.13441,0.12334,8.0,58.59375,-4.825777936909455,STOP_LOSS
baseline_no_be,closed-116,AR/USDT,1778040684.8378124,1778601599.999,2.5154,2.2897,8.0,58.59375000000001,-5.2574578098910765,STOP_LOSS
baseline_no_be,closed-118,FARTCOIN/USDT,1778068848.3786285,1778601599.999,0.25099,0.23069,8.0,58.59375,-4.739045878321842,STOP_LOSS
baseline_no_be,closed-136,ENS/USDT,1778443738.9499888,1778601599.999,7.5691,6.8669,8.0,58.59375000000001,-5.435855154509778,STOP_LOSS
baseline_no_be,closed-143,VVV/USDT,1778573129.6282673,1778644799.999,17.183,15.199,8.0,58.59375,-6.765407670371881,STOP_LOSS
baseline_no_be,closed-121,PURR/USDT,1777907180.30233,1778687999.999,0.069262,0.059397,8.0,19.53125,-2.7818396992578918,STOP_LOSS
baseline_no_be,closed-125,PUMP/USDT,1778156495.6259973,1778687999.999,0.002053,0.001863,8.0,58.59375,-5.422704578665367,STOP_LOSS
baseline_no_be,closed-108,HMSTR/USDT,1777985982.784278,1778731199.999,0.000178,0.000163,8.0,19.53125,-1.6458918539325817,STOP_LOSS
baseline_no_be,closed-169,GMT/USDT,1778789470.1753953,1778846399.999,0.013324,0.012245,8.0,58.59375,-4.745020733263284,STOP_LOSS
baseline_no_be,closed-138,FET/USDT,1778054711.5226376,1778860799.999,0.22606,0.20308,8.0,58.59374999999999,-5.956314142263117,STOP_LOSS
baseline_no_be,closed-85,MOODENG/USDT,1776845770.4253204,1778860799.999,0.06087,0.054389,8.0,58.59375,-6.23864126416954,STOP_LOSS
baseline_no_be,closed-101,ZETA/USDT,1777563250.3521895,1778860799.999,0.05895,0.05264,8.0,19.53125,-2.0906223494486857,STOP_LOSS
baseline_no_be,closed-127,FIL/USDT,1778040139.0388875,1778860799.999,1.1152,0.99543,8.0,39.0625,-4.195225632173598,STOP_LOSS
baseline_no_be,closed-151,BRETT/USDT,1778300975.9792583,1778860799.999,0.009479,0.008419,8.0,58.59374999999999,-6.5523130077012315,STOP_LOSS
baseline_no_be,closed-122,SKY/USDT:USDT,1776384133.7954965,1778875199.999,0.076726,0.070418,8.0,78.125,-6.423018272814964,STOP_LOSS
baseline_no_be,closed-130,KAS/USDT,1778429740.3404424,1778875199.999,0.0386,0.035278,8.0,58.59375,-5.042705634715034,STOP_LOSS
baseline_no_be,closed-72,LDO/USDT,1776888212.1474862,1778903999.999,0.394,0.36081,8.0,58.59375,-4.935854219543145,STOP_LOSS
baseline_no_be,closed-187,WLFI/USDT,1778351621.9763196,1778903999.999,0.069881,0.064232,8.0,11.71875,-0.9473135580486837,STOP_LOSS
baseline_no_be,closed-80,GRASS/USDT,1776687450.598616,1778918399.999,0.3347,0.30228,8.0,39.0625,-3.7837055572154155,STOP_LOSS
baseline_no_be,closed-132,TURBO/USDT,1777968203.8377542,1778918399.999,0.001287,0.00117,8.0,58.59375,-5.3267045454545405,STOP_LOSS
baseline_no_be,closed-134,ZEN/USDT,1777810728.8971298,1778918399.999,6.6011,5.9274,8.0,58.59375,-5.9800047529957165,STOP_LOSS
baseline_no_be,closed-159,STX/USDT,1778214541.0529773,1778918399.999,0.26412,0.24175,8.0,58.59375,-4.962676766242624,STOP_LOSS
baseline_no_be,closed-147,SNX/USDT,1778200279.8742115,1778918399.999,0.3399,0.31034,8.0,58.59375,-5.0957082965578095,STOP_LOSS
baseline_no_be,closed-182,ETC/USDT,1778257707.5379243,1778918399.999,9.7875,8.9182,8.0,58.59375,-5.204142720306511,STOP_LOSS
baseline_no_be,closed-158,VVV/USDT,1778683772.2146978,1778932799.999,14.256,12.696,8.0,78.125,-8.549031986531986,STOP_LOSS
baseline_no_be,closed-171,PURR/USDT,1778797954.3954852,1778932799.999,0.069389,0.063169,8.0,19.53125,-1.7507728170171084,STOP_LOSS
baseline_no_be,closed-203,LINK/USDT,1778301053.3965695,1778932799.999,10.541,9.648,8.0,58.59375000000001,-4.96387617398729,STOP_LOSS
baseline_no_be,closed-128,UNI/USDT,1778372238.987565,1778932799.999,3.8104,3.479,8.0,58.59375,-5.096044706592482,STOP_LOSS
baseline_no_be,closed-202,CAKE/USDT,1778429740.3196933,1779033599.999,1.5887,1.4586,8.0,58.59375,-4.798292235790273,STOP_LOSS
baseline_no_be,closed-153,VIRTUAL/USDT,1777867939.9666662,1779062399.999,0.77685,0.70182,8.0,58.59374999999999,-5.659122176095774,STOP_LOSS
baseline_no_be,closed-63,SUPER/USDT,1776663915.8739815,1779062399.999,0.12494,0.1139,8.0,19.53125,-1.7258283976308622,STOP_LOSS
baseline_no_be,closed-178,IMX/USDT,1778301053.3732498,1779062399.999,0.19237,0.17216,8.0,58.59374999999999,-6.155739915267453,STOP_LOSS
baseline_no_be,closed-97,MON/USDT,1777648071.9245172,1779091199.999,0.029378,0.026852,8.0,19.53125,-1.679349768534278,STOP_LOSS
baseline_no_be,closed-167,ICP/USDT,1778054711.548446,1779091199.999,2.7566,2.5303,8.0,58.59375,-4.8101885021403215,STOP_LOSS
baseline_no_be,closed-172,ARB/USDT,1778184130.607847,1779091199.999,0.12634,0.11585,8.0,39.0625,-3.243356221307586,STOP_LOSS
baseline_no_be,closed-170,SUI/USDT,1778401945.7011185,1779091199.999,1.1266,1.035,8.0,58.59375,-4.764057784484293,STOP_LOSS
baseline_no_be,closed-58,COMP/USDT,1776338275.5405662,1779119999.999,22.779,20.944,8.0,82.41758241758241,-6.639284592662704,STOP_LOSS
baseline_no_be,closed-216,DOGE/USDT,1777867939.9468355,1779119999.999,0.11303,0.10381,8.0,58.59375000000001,-4.779566265593206,STOP_LOSS
baseline_no_be,closed-217,W/USDT,1778868687.5313115,1779119999.999,0.01318,0.01211,8.0,19.53125,-1.5856174127465883,STOP_LOSS
baseline_no_be,closed-94,GMX/USDT,1776932030.135696,1779249599.999,7.0524,6.4852,8.0,39.0625,-3.141660994838637,STOP_LOSS
baseline_no_be,closed-237,MON/USDT,1779394866.682503,1779479999.999,0.029253,0.026533,8.0,39.0625,-3.6321061087751665,STOP_LOSS
baseline_no_be,closed-241,COMP/USDT,1779230623.658495,1779494399.999,22.616,19.647,8.0,78.125,-10.256151618323319,STOP_LOSS
baseline_no_be,closed-245,TURBO/USDT,1779437090.04329,1779494399.999,0.001218,0.00111,8.0,39.0625,-3.463669950738912,STOP_LOSS
baseline_no_be,closed-21,FLOKI/USDT,1776410843.7259934,1779494399.999,3.153e-05,2.8922e-05,8.0,78.125,-6.462099587694259,STOP_LOSS
baseline_no_be,closed-240,AR/USDT,1779293670.9670963,1779494399.999,2.2377,2.0439,8.0,39.0625,-3.3830774902801966,STOP_LOSS
baseline_no_be,closed-91,AIXBT/USDT,1777537069.5531116,1779523199.999,0.03023,0.027599,8.0,39.0625,-3.399716754879261,STOP_LOSS
baseline_no_be,closed-236,VIRTUAL/USDT,1779423653.5368202,1779523199.999,0.76334,0.6879,8.0,39.0625,-3.8605012183299743,STOP_LOSS
baseline_no_be,closed-235,SPX/USDT,1779264730.7604845,1779523199.999,0.37281,0.34183,8.0,39.0625,-3.2460402081489197,STOP_LOSS
baseline_no_be,closed-185,MINA/USDT,1777860052.3457975,1779523199.999,0.060491,0.055335,8.0,19.53125,-1.664762113372238,STOP_LOSS
baseline_no_be,closed-230,ZEN/USDT,1779278568.483516,1779523199.999,6.3773,5.7743,8.0,58.59375,-5.540280565443055,STOP_LOSS
baseline_no_be,closed-252,FIL/USDT,1779452180.1996272,1779523199.999,1.023,0.92628,8.0,58.59374999999999,-5.539772727272723,STOP_LOSS
baseline_no_be,closed-234,SUI/USDT,1779322474.7654321,1779523199.999,1.0845,0.99515,8.0,39.0625,-3.218288958045184,STOP_LOSS
baseline_no_be,closed-223,VVV/USDT,1779033642.6291392,1779652799.999,14.334,19.971,8.0,39.0625,15.36174916282964,TRIM
baseline_no_be,closed-264,VVV/USDT,1779667493.865621,1779753599.999,19.117,17.369,8.0,39.0625,-3.5717555055709593,STOP_LOSS
baseline_no_be,closed-257,GMT/USDT,1779518426.2256098,1779753599.999,0.012264,0.011201,8.0,19.53125,-1.6928994414546665,STOP_LOSS
baseline_no_be,closed-265,GMX/USDT,1779379343.8030367,1779767999.999,6.98,6.3722,8.0,58.59375,-5.102189290830948,STOP_LOSS
baseline_no_be,closed-190,HYPER/USDT,1778675681.4016871,1779767999.999,0.10786,0.097236,8.0,78.125,-7.695160393102161,STOP_LOSS
baseline_no_be,closed-270,ETC/USDT,1779452180.1786182,1779839999.999,9.38,8.6268,8.0,39.0625,-3.136660447761201,STOP_LOSS
baseline_no_be,closed-256,BCH/USDT,1779084611.2709715,1779839999.999,374.73,343.06,8.0,19.53125,-1.6506676473727757,STOP_LOSS
baseline_no_be,closed-195,ANIME/USDT,1775527308.6855934,1779926399.999,0.004501,0.004067,8.0,40.32258064516129,-3.888024883359249,STOP_LOSS
baseline_no_be,closed-277,EIGEN/USDT,1779725268.386489,1779926399.999,0.2548,0.2281,8.0,39.0625,-4.093283948194666,STOP_LOSS
baseline_no_be,closed-211,POLYX/USDT,1778272136.726014,1779940799.999,0.053748,0.048634,8.0,58.59375,-5.57506209533378,STOP_LOSS
baseline_no_be,closed-289,AIXBT/USDT,1779917961.0039396,1779940799.999,0.0295,0.027068,8.0,39.0625,-3.220338983050846,STOP_LOSS
baseline_no_be,closed-285,ZEN/USDT,1779739802.556133,1779940799.999,6.2987,5.7271,8.0,39.0625,-3.544878308222332,STOP_LOSS
baseline_no_be,closed-179,NEO/USDT,1778142776.6817453,1779940799.999,2.9751,2.6688,8.0,58.59375,-6.032491554905713,STOP_LOSS
baseline_no_be,closed-255,ZORA/USDT,1779272556.200639,1779940799.999,0.011136,0.009886,8.0,11.71875,-1.3154128502155162,STOP_LOSS
baseline_no_be,closed-291,VVV/USDT,1779821530.2240384,1779955199.999,17.518,15.545,8.0,39.0625,-4.399492664687752,STOP_LOSS
baseline_no_be,closed-7,TRB/USDT,1776338419.7474828,1779955199.999,17.773,16.297,8.0,58.59375000000001,-4.866053845721038,STOP_LOSS
baseline_no_be,closed-773,OP/USDT,1779305847.0323625,1779955199.999,0.12892,0.11778,8.0,19.53125,-1.6876987666770114,STOP_LOSS
baseline_no_be,closed-287,FLOKI/USDT,1779624990.4271636,1779969599.999,0.029687,0.027111,8.0,19.53125,-1.6947653855222842,STOP_LOSS
baseline_no_be,closed-90,ACE/USDT,1776621986.14587,1779969599.999,0.1173,0.1077,8.0,11.71827,-0.9590399999999997,STOP_LOSS
baseline_no_be,closed-290,BTC/USDT,1776873742.6110334,1779983999.999,79309.8,72924.0,8.0,58.59375,-4.717802450012484,STOP_LOSS
baseline_no_be,closed-112,XMR/USDT,1777220029.4978356,1779983999.999,398.12,354.93,8.0,58.59375,-6.356535874861851,STOP_LOSS
baseline_no_be,closed-184,SKY/USDT,1774583431.537942,1780027199.999,0.070643,0.064857,8.0,24.999999999999996,-2.047619721699248,STOP_LOSS
baseline_no_be,closed-306,HEMI/USDT,1780082379.7867532,1780099199.999,0.007892,0.007153,8.0,19.53125,-1.8288892232640641,STOP_LOSS
baseline_no_be,closed-301,PENDLE/USDT,1777622677.5949273,1780099199.999,1.5087,1.3815,8.0,58.59375,-4.940097434877706,STOP_LOSS
baseline_no_be,closed-282,FIL/USDT,1779840664.905889,1780257599.999,1.017,0.91985,8.0,39.0625,-3.7314866027531948,STOP_LOSS
baseline_no_be,closed-319,CAKE/USDT,1780200315.0915463,1780329599.999,1.5459,1.4119,8.0,39.0625,-3.3859725726114247,STOP_LOSS
baseline_no_be,closed-307,HBAR/USDT,1780099864.263912,1780329599.999,0.10104,0.092206,8.0,39.0625,-3.415262519794143,STOP_LOSS
baseline_no_be,closed-315,XMR/USDT,1780142639.0777988,1780343999.999,390.32,351.34,8.0,39.0625,-3.901045936667352,STOP_LOSS
baseline_no_be,closed-322,MON/USDT,1779986104.197807,1780401599.999,0.0233,0.021201,8.0,11.71875,-1.0556934012875538,STOP_LOSS
baseline_no_be,closed-323,POLYX/USDT,1780218270.4593215,1780415999.999,0.0508,0.044766,8.0,19.53125,-2.3199126476377945,STOP_LOSS
baseline_no_be,closed-65,DOT/USDT,1775980972.484268,1780415999.999,1.2249,1.0948,8.0,40.32258064516129,-4.282772260540032,STOP_LOSS
baseline_no_be,closed-208,AERO/USDT,1776870104.3286061,1780415999.999,0.4193,0.37382,8.0,19.53125,-2.118486167421894,STOP_LOSS
baseline_no_be,closed-321,HEMI/USDT,1780125567.0923514,1780415999.999,0.00718,0.006538,8.0,19.53125,-1.7463875348189404,STOP_LOSS
baseline_no_be,closed-247,STX/USDT,1779046368.1057413,1780415999.999,0.2392,0.21662,8.0,19.53125,-1.8437108068561858,STOP_LOSS
baseline_no_be,closed-326,EIGEN/USDT,1780372879.4081883,1780415999.999,0.2323,0.2056,8.0,39.0625,-4.489749246663799,STOP_LOSS
baseline_no_be,closed-303,TAO/USDT,1776989342.9104133,1780444799.999,254.35,225.79,8.0,58.59375000000001,-6.579270689994104,STOP_LOSS
baseline_no_be,closed-200,TIA/USDT,1778214541.0735338,1780444799.999,0.4011,0.35943,8.0,58.59375,-6.087263930441285,STOP_LOSS
baseline_no_be,closed-330,GMX/USDT,1780344359.7110274,1780444799.999,6.92,6.2157,8.0,39.0625,-3.975681900289015,STOP_LOSS
baseline_no_be,closed-333,BCH/USDT,1779990796.1670983,1780444799.999,303.05,268.18,8.0,19.53125,-2.2473343920145186,STOP_LOSS
baseline_no_be,closed-278,VIRTUAL/USDT,1779567384.146958,1780459199.999,0.75786,0.69374,8.0,39.0625,-3.304947483704114,STOP_LOSS
baseline_no_be,closed-336,HYPER/USDT,1780220301.9767911,1780459199.999,0.0911,0.083524,8.0,19.53125,-1.624245334796927,STOP_LOSS
baseline_no_be,closed-314,BNB/USDT,1780156970.2760699,1780459199.999,695.81,633.73,8.0,39.0625,-3.4851468073180847,STOP_LOSS
baseline_no_be,closed-310,FLOKI/USDT,1780128613.9591773,1780545599.999,0.028004,0.02576,8.0,19.53125,-1.5650665976289106,STOP_LOSS
baseline_no_be,closed-332,APT/USDT,1775674070.2227201,1780559999.999,0.84,0.7633,8.0,40.32258064516129,-3.6818356374807997,STOP_LOSS
baseline_no_be,closed-324,JUP/USDT,1780315286.9960775,1780559999.999,0.1959,0.1773,8.0,39.0625,-3.708843797856046,STOP_LOSS
baseline_no_be,closed-298,DASH/USDT,1777814320.8284965,1780559999.999,39.231,35.222,8.0,39.0625,-3.991781053248708,STOP_LOSS
baseline_no_be,closed-311,ASTER/USDT,1779697110.1054738,1780559999.999,0.7173,0.65422,8.0,39.0625,-3.4351909940052994,STOP_LOSS
baseline_no_be,closed-81,ALGO/USDT,1777090682.0724192,1780574399.999,0.11172,0.10136,8.0,39.0625,-3.622337092731827,STOP_LOSS
baseline_no_be,closed-242,SUPER/USDT,1779226254.6535099,1780574399.999,0.11049,0.10125,8.0,19.53125,-1.6333491718707565,STOP_LOSS
baseline_no_be,closed-293,WIF/USDT,1776931487.6728902,1780631999.999,0.1803,0.15822,8.0,19.53125,-2.391846921797004,STOP_LOSS
baseline_no_be,closed-360,COMP/USDT,1779998601.883189,1780646399.999,17.835,16.375,8.0,19.53125,-1.5988575834034215,STOP_LOSS
baseline_no_be,closed-368,DASH/USDT,1780617552.2371874,1780646399.999,34.26,31.508,8.0,19.53125,-1.568884997081143,STOP_LOSS
baseline_no_be,closed-343,FIL/USDT,1780435849.7055304,1780646399.999,0.884,0.80448,8.0,19.53125,-1.756928733031675,STOP_LOSS
baseline_no_be,closed-286,ICP/USDT,1779739725.2246745,1780646399.999,2.732,2.4972,8.0,39.0625,-3.357201683748174,STOP_LOSS
baseline_no_be,closed-364,BCH/USDT,1780463668.8400123,1780646399.999,253.72,225.55,8.0,11.71875,-1.301108259104524,STOP_LOSS
baseline_no_be,closed-280,AR/USDT,1779884302.4937804,1780660799.999,2.2268,2.0193,8.0,39.0625,-3.639962614514101,STOP_LOSS
baseline_no_be,closed-353,ZORA/USDT,1780140918.1112487,1780660799.999,0.010075,0.009202,8.0,19.53125,-1.6923852357320102,STOP_LOSS
baseline_no_be,closed-246,RENDER/USDT,1779048162.8418307,1780675199.999,1.8399,1.6274,8.0,78.125,-9.023078699929352,STOP_LOSS
baseline_no_be,closed-355,MORPHO/USDT,1779221028.0415614,1780718399.999,1.782,1.6304,8.0,39.0625,-3.3231621773288427,STOP_LOSS
baseline_no_be,closed-380,PAXG/USDT,1774987196.2754548,1780732799.999,4679.4,4304.1,8.0,166.66666666666666,-13.36709834594176,STOP_LOSS
baseline_no_be,open-0,HYPE/USDT,1773232095.0530453,1780747199.999,35.49,59.658,8.0,454.54545454545456,309.5366172289249,RISK_OFF
baseline_no_be,closed-352,VVV/USDT,1780000793.4626982,1780747199.999,16.281,16.19,8.0,19.53125,-0.10916674344327477,RISK_OFF
baseline_no_be,closed-384,PURR/USDT,1779048317.5804737,1780747199.999,0.074363,0.089688,8.0,19.531250000000004,4.025071692239421,RISK_OFF
baseline_no_be,closed-381,INJ/USDT,1777737646.3004081,1780747199.999,3.8554,5.2001,8.0,58.59374999999999,20.43653463324168,RISK_OFF
baseline_no_be,closed-383,ONDO/USDT,1777906945.5523825,1780747199.999,0.31426,0.32349,8.0,58.59375,1.7209327069942155,RISK_OFF
baseline_no_be,closed-60,STABLE/USDT,1776338349.0425384,1780804799.999,0.025863,0.033585,8.0,22.727272727272727,6.785755712794338,RISK_OFF
baseline_no_be,closed-387,WLD/USDT,1778853980.962852,1780804799.999,0.24036,0.44838,8.0,19.53125,16.903355903644535,RISK_OFF
baseline_no_be,closed-366,GRASS/USDT,1779336374.1308303,1780833599.999,0.33487,0.35047,8.0,39.0625,1.8197360169618093,RISK_OFF
baseline_no_be,closed-367,ZEC/USDT,1776809046.3825746,1780833599.999,310.24,410.3,8.0,11.71875,3.7795839511346063,RISK_OFF
baseline_no_be,closed-388,WLD/USDT,1780805048.8600054,1780833599.999,0.4472,0.43538,8.0,39.0625,-1.032465898926655,RISK_OFF
baseline_no_be,closed-394,HMSTR/USDT,1780762485.204381,1780934399.999,0.000182,0.000166,8.0,39.0625,-3.4340659340659347,STOP_LOSS
baseline_no_be,closed-399,HYPER/USDT,1780884799.3267574,1780977599.999,0.0719,0.065584,8.0,19.53125,-1.715707579972184,STOP_LOSS
baseline_no_be,closed-400,STABLE/USDT,1780848740.8903265,1780991999.999,0.033945,0.030918,8.0,11.71875,-1.0450038665488297,STOP_LOSS
baseline_no_be,closed-206,DYDX/USDT,1776787769.7733579,1781035199.999,0.13995,0.1271,8.0,58.59375,-5.379990621650591,STOP_LOSS
baseline_no_be,closed-406,VVV/USDT,1780992237.9547663,1781078399.999,15.906,14.472,8.0,39.0625,-3.5216663523198823,STOP_LOSS
baseline_no_be,closed-404,PURR/USDT,1780977750.5072625,1781121599.999,0.093406,0.082263,8.0,39.0625,-4.660015818041667,STOP_LOSS
baseline_no_be,closed-391,WLD/USDT,1780848740.918154,1781121599.999,0.5021,0.44743,8.0,11.71875,-1.2759690549691296,STOP_LOSS
baseline_no_be,closed-412,ALGO/USDT,1780817866.7060897,1781135999.999,0.0957,0.086494,8.0,11.71875,-1.1273021159874599,STOP_LOSS
baseline_no_be,closed-392,JTO/USDT,1780862572.580509,1781193599.999,0.6002,0.55158,8.0,39.0625,-3.164309813395534,STOP_LOSS
baseline_no_be,closed-183,KAITO/USDT,1777521756.313358,1781251199.999,0.4445,0.40296,8.0,39.0625,-3.650520247469066,STOP_LOSS
baseline_no_be,closed-419,HMSTR/USDT,1781079430.8631015,1781380799.999,0.0001905,0.000175,8.0,39.0625,-3.178313648293965,STOP_LOSS
baseline_no_be,closed-429,TRUMP/USDT,1781419887.7816548,1781625599.999,2.066,1.8757,8.0,11.71875,-1.0794182599225557,STOP_LOSS
baseline_no_be,closed-433,RENDER/USDT,1781525227.2752872,1781697599.999,1.851,1.6978,8.0,39.0625,-3.233049702863317,STOP_LOSS
baseline_no_be,closed-431,UNI/USDT,1781669798.6692238,1781726399.999,3.502,3.1943,8.0,39.0625,-3.4321905339805774,STOP_LOSS
baseline_no_be,closed-432,EIGEN/USDT,1781539897.3976665,1781726399.999,0.2247,0.2056,8.0,39.0625,-3.3203994214508255,STOP_LOSS
baseline_no_be,closed-436,XPL/USDT,1781714241.8100111,1781755199.999,0.1174,0.10794,8.0,39.0625,-3.147625638841569,STOP_LOSS
baseline_no_be,closed-424,TAO/USDT,1781366951.6642995,1781769599.999,264.0,242.69,8.0,19.53125,-1.5765565814393934,STOP_LOSS
baseline_no_be,closed-440,DASH/USDT,1781511128.6411324,1781783999.999,38.87,35.696,8.0,39.0625,-3.189718934911243,STOP_LOSS
baseline_no_be,closed-443,PENDLE/USDT,1781669798.6333141,1781798399.999,1.489,1.3666,8.0,39.0625,-3.2110476830087302,STOP_LOSS
baseline_no_be,closed-425,HMSTR/USDT,1781432657.3822312,1781798399.999,0.0001687,0.000155,8.0,11.71875,-0.9516708654416128,STOP_LOSS
baseline_no_be,closed-437,ASTER/USDT,1781698028.55902,1781798399.999,0.702,0.63232,8.0,58.59375000000001,-5.815972222222223,STOP_LOSS
baseline_no_be,closed-439,SPX/USDT,1781581996.958385,1781841599.999,0.3955,0.36281,8.0,19.53125,-1.614352876106195,STOP_LOSS
baseline_no_be,closed-452,ADA/USDT,1781648169.7057853,1781855999.999,0.1736,0.15933,8.0,11.71875,-0.9632866503456218,STOP_LOSS
baseline_no_be,closed-444,BRETT/USDT,1781484103.0187473,1781884799.999,0.006592,0.006023,8.0,19.53125,-1.6858739760315546,STOP_LOSS
baseline_no_be,closed-402,MORPHO/USDT,1781007012.335147,1782014399.999,1.972,1.8125,8.0,39.0625,-3.1594669117647034,STOP_LOSS
baseline_no_be,closed-430,TIA/USDT,1781655383.7623835,1782014399.999,0.4013,0.36826,8.0,39.0625,-3.216110142038376,STOP_LOSS
baseline_no_be,closed-456,TNSR/USDT,1782024916.566551,1782057599.999,0.0475,0.04332,8.0,11.71875,-1.0312500000000009,STOP_LOSS
baseline_no_be,closed-457,ACE/USDT,1781987683.2156267,1782086399.999,0.0883,0.0794,8.0,11.719176000000001,-1.1812080000000005,STOP_LOSS
baseline_no_be,closed-405,INJ/USDT,1780848740.8612041,1782086399.999,5.323,4.8163,8.0,19.53125,-1.8591930067631055,STOP_LOSS
baseline_no_be,closed-411,ONDO/USDT,1781006521.7861316,1782086399.999,0.3619,0.32922,8.0,39.0625,-3.5273901630284614,STOP_LOSS
baseline_no_be,closed-466,ANIME/USDT,1781938266.5400033,1782115199.999,0.00316,0.002885,8.0,11.71875,-1.01982792721519,STOP_LOSS
baseline_no_be,closed-464,TNSR/USDT,1782079713.4583213,1782129599.999,0.0453,0.03983,8.0,39.0625,-4.716818432671083,STOP_LOSS
baseline_no_be,closed-469,HMSTR/USDT,1782129819.8315377,1782172799.999,0.0001873,0.000168,8.0,39.0625,-4.025126801922053,STOP_LOSS
baseline_no_be,closed-374,FET/USDT,1779112283.5234506,1782201599.999,0.1921,0.17493,8.0,19.53125,-1.7457134955752214,STOP_LOSS
baseline_no_be,closed-475,TRUMP/USDT,1781643170.3853374,1782215999.999,1.927,1.7477,8.0,11.71875,-1.090384989621173,STOP_LOSS
baseline_no_be,closed-489,TNSR/USDT,1782292564.161693,1782316799.999,0.0373,0.03409,8.0,11.71875,-1.0085036863270775,STOP_LOSS
baseline_no_be,closed-483,TIA/USDT,1782129978.7034001,1782316799.999,0.3989,0.35794,8.0,58.59375000000001,-6.016545500125344,STOP_LOSS
baseline_no_be,closed-487,SPX/USDT,1782197260.4713876,1782316799.999,0.3602,0.33056,8.0,78.125,-6.42872015546918,STOP_LOSS
baseline_no_be,closed-462,RESOLV/USDT,1782055831.1045032,1782316799.999,0.0213,0.019419,8.0,19.531248,-1.724801760000001,STOP_LOSS
baseline_no_be,closed-378,FLOKI/USDT,1780621776.44543,1782331199.999,2.466e-05,2.2574e-05,8.0,19.53125,-1.6521568329278176,STOP_LOSS
baseline_no_be,closed-447,NEO/USDT,1780877013.1042066,1782331199.999,2.172,1.9845,8.0,19.53125,-1.6860540400552506,STOP_LOSS
baseline_no_be,closed-494,SNX/USDT,1782302805.6669137,1782388799.999,0.232,0.20631,8.0,19.53125,-2.162749191810347,STOP_LOSS
baseline_no_be,closed-474,MNT/USDT,1780725060.4331667,1782403199.999,0.513,0.45507,8.0,11.71692,-1.3231212000000008,STOP_LOSS
baseline_no_be,closed-445,GMT/USDT,1780849284.8957825,1782417599.999,0.007873,0.007231,8.0,11.718749999999998,-0.9555998348786992,STOP_LOSS
baseline_no_be,closed-362,MON/USDT,1780596630.5717359,1782475199.999,0.020465,0.018671,8.0,11.71875,-1.0272874419741018,STOP_LOSS
baseline_no_be,closed-498,TNSR/USDT,1782395770.280907,1782575999.999,0.04,0.03641,8.0,19.5312,-1.752925200000002,STOP_LOSS
baseline_no_be,closed-510,INJ/USDT,1782547497.3253458,1782604799.999,5.051,4.6341,8.0,39.0625,-3.2241449712928136,STOP_LOSS
baseline_no_be,closed-393,ZEC/USDT,1780848740.9524384,1782633599.999,421.07,385.55,8.0,11.718749999999998,-0.9885529721898959,STOP_LOSS
baseline_no_be,closed-515,TNSR/USDT,1782576273.5325296,1782691199.999,0.0364,0.03345,8.0,19.53125,-1.5828897664835173,STOP_LOSS
baseline_no_be,closed-500,WLD/USDT,1781279968.0123768,1782719999.999,0.467,0.42705,8.0,39.0625,-3.3416421306209885,STOP_LOSS
baseline_no_be,closed-519,ANIME/USDT,1782725422.1525645,1782791999.999,0.003,0.002735,8.0,19.53125,-1.7252604166666674,STOP_LOSS
baseline_no_be,closed-201,MANTA/USDT,1778501315.778693,1782806399.999,0.07504,0.06734,8.0,58.59375,-6.012418376865668,STOP_LOSS
baseline_no_be,closed-103,CC/USDT,1776338275.5379689,1782820799.999,0.14667,0.13392,8.0,54.94505494505494,-4.776364972724141,STOP_LOSS
baseline_no_be,closed-523,AAVE/USDT,1782518977.869402,1782835199.999,95.72,85.424,8.0,58.59374999999999,-6.302562160468024,STOP_LOSS
baseline_no_be,closed-409,VVV/USDT,1781093142.842895,1782863999.999,13.346,12.245,8.0,39.0625,-3.2225245391877744,STOP_LOSS
baseline_no_be,closed-527,TIA/USDT,1782734495.152051,1782863999.999,0.3888,0.35544,8.0,39.0625,-3.351658950617284,STOP_LOSS
baseline_no_be,closed-490,EIGEN/USDT,1781827637.6596103,1782863999.999,0.2232,0.2029,8.0,39.0625,-3.552727374551974,STOP_LOSS
baseline_no_be,closed-531,WLD/USDT,1782734736.8752205,1782892799.999,0.4291,0.39141,8.0,39.0625,-3.431054824050337,STOP_LOSS
baseline_no_be,closed-530,MANTA/USDT,1782835385.7439444,1782892799.999,0.06705,0.06115,8.0,11.71875,-1.0311800894854581,STOP_LOSS
baseline_no_be,closed-514,ZORA/USDT,1782449237.0781515,1782892799.999,0.007257,0.006659,8.0,11.71875,-0.9656624638280285,STOP_LOSS
baseline_no_be,closed-479,DYDX/USDT,1782244900.9432364,1783022399.999,0.14497,0.12975,8.0,39.0625,-4.101064013244116,STOP_LOSS
baseline_no_be,closed-538,XPL/USDT,1783181278.1669436,1783223999.999,0.11306,0.10382,8.0,39.0625,-3.192442066159559,STOP_LOSS
baseline_no_be,closed-521,HYPER/USDT,1782803358.4710279,1783252799.999,0.0815,0.074513,8.0,19.53125,-1.6744152607361973,STOP_LOSS
baseline_no_be,closed-544,VVV/USDT,1783210498.5423172,1783411199.999,11.951,10.962,8.0,19.53125,-1.6163004141912818,STOP_LOSS
baseline_no_be,closed-547,XPL/USDT,1783311173.1689131,1783468799.999,0.11141,0.098894,8.0,39.0625,-4.388351584238398,STOP_LOSS
baseline_no_be,closed-541,TRB/USDT,1783282670.9326565,1783483199.999,17.64,16.018,8.0,39.0625,-3.591801303854873,STOP_LOSS
baseline_no_be,closed-550,EIGEN/USDT,1783195415.784594,1783483199.999,0.2375,0.2156,8.0,39.0625,-3.601973684210524,STOP_LOSS
baseline_no_be,closed-549,AAVE/USDT,1783353963.244336,1783483199.999,96.29,88.032,8.0,58.59375,-5.0251032038633365,STOP_LOSS
baseline_no_be,closed-546,MINA/USDT,1783328794.9097502,1783641599.999,0.0482,0.044076,8.0,19.531122,-1.67108604,STOP_LOSS
baseline_no_be,closed-532,TNSR/USDT,1782726984.6112034,1783828799.999,0.0348,0.03184,8.0,19.53125,-1.6612787356321836,STOP_LOSS
baseline_no_be,closed-540,TRUMP/USDT,1782472045.1479235,1783915199.999,1.685,1.5379,8.0,11.71875,-1.023043397626113,STOP_LOSS
baseline_no_be,closed-484,BONK/USDT,1780804971.9607763,1783915199.999,4.3e-06,3.910000000000001e-06,8.0,11.71875,-1.062863372093022,STOP_LOSS
baseline_no_be,closed-555,PURR/USDT,1782763582.1987953,1783958399.999,0.09019,0.081841,8.0,39.0625,-3.616064003769824,STOP_LOSS
baseline_no_be,closed-570,ONDO/USDT,1782964954.9056075,1784001599.999,0.3326,0.30579,8.0,58.59375,-4.723086101924231,STOP_LOSS
baseline_no_be,closed-572,BONK/USDT,1784095661.7755017,1784231999.999,3.77e-06,3.435e-06,8.0,19.53125,-1.7355354774535787,STOP_LOSS
baseline_no_be,closed-557,TIA/USDT,1783080734.6087062,1784347199.999,0.4033,0.36889,8.0,39.0625,-3.332855504587155,STOP_LOSS
baseline_no_be,closed-581,BONK/USDT,1784322295.6699743,1784390399.999,3.15e-06,2.7430000000000002e-06,8.0,19.53125,-2.523561507936506,STOP_LOSS
baseline_no_be,closed-582,ACE/USDT,1784391140.54845,1784419199.999,0.0728,0.0631,8.0,11.71875,-1.561426854395604,STOP_LOSS
baseline_no_be,closed-559,EIGEN/USDT,1783498504.649774,1784908799.999,0.2303,0.2115,8.0,39.0625,-3.1887755102040853,STOP_LOSS
baseline_no_be,closed-545,WLD/USDT,1783008724.4264107,1784937599.999,0.3884,0.34677,8.0,19.53125,-2.093424143923791,STOP_LOSS
baseline_no_be,closed-528,SPX/USDT,1782763349.1429372,1784937599.999,0.3617,0.32902,8.0,39.0625,-3.5293406137683205,STOP_LOSS
baseline_no_be,closed-597,STX/USDT,1784867931.568794,1784995199.999,0.1484,0.13626,8.0,19.53125,-1.5977720687331562,STOP_LOSS
baseline_no_be,closed-600,TNSR/USDT,1784881629.385052,1785196799.999,0.0339,0.03055,8.0,19.53125,-1.9300792772861357,STOP_LOSS
baseline_no_be,closed-551,GRASS/USDT,1781165621.0111458,1785211199.999,0.35831,0.32268,8.0,39.0625,-3.884337235913037,STOP_LOSS
baseline_no_be,closed-607,NEO/USDT,1784430110.1912744,1785211199.999,2.054,1.8791,8.0,19.53125,-1.663104004381692,STOP_LOSS
baseline_no_be,closed-522,POLYX/USDT,1782667354.2106571,1785297599.999,0.0356,0.032727,8.0,19.53125,-1.5762157654494389,STOP_LOSS
baseline_no_be,closed-577,HMSTR/USDT,1782561809.6411333,1785297599.999,0.0001796,0.000165,8.0,39.0625,-3.1754593541202674,STOP_LOSS
baseline_no_be,closed-488,FIL/USDT,1781137083.6482263,1785355199.999,0.74,0.66522,8.0,19.53125,-1.9737119932432419,STOP_LOSS
baseline_no_be,closed-578,JTO/USDT,1781198952.8577979,1785441599.999,0.546,0.49974,8.0,39.0625,-3.309581043956047,STOP_LOSS
baseline_no_be,closed-513,MNT/USDT,1782443601.6444745,1785513599.999,0.4252,0.39071,8.0,19.53125,-1.58427284219191,STOP_LOSS
baseline_no_be,closed-562,ICP/USDT,1781798795.8786416,1785614399.999,2.22,2.0254,8.0,19.53125,-1.7120636261261282,STOP_LOSS
baseline_no_be,closed-564,PENDLE/USDT,1782964954.9500952,1785729599.999,1.473,1.3426,8.0,39.0625,-3.4580787508486095,STOP_LOSS
baseline_no_be,closed-619,HYPER/USDT,1785631351.6740508,1785830399.999,0.0644,0.059188,8.0,11.71875,-0.9484180900621122,STOP_LOSS
baseline_no_be,closed-617,LDO/USDT,1784088212.0616543,1785844799.999,0.3356,0.30217,8.0,58.59375,-5.8366777786054875,STOP_LOSS
baseline_no_be,closed-563,AAVE/USDT,1783699588.7760444,1786463999.999,95.12,86.417,8.0,39.0625,-3.5740216305719117,STOP_LOSS
baseline_no_be,closed-635,BONK/USDT,1786118688.6852303,1786535999.999,2.46e-06,2.262e-06,8.0,19.53125,-1.5720274390243896,STOP_LOSS
baseline_no_be,closed-435,JUP/USDT,1781496566.8399804,1786550399.999,0.1868,0.17129,8.0,39.0625,-3.2433585385438977,STOP_LOSS
baseline_no_be,closed-623,HMSTR/USDT,1785960268.6308312,1786564799.999,0.0001961,0.000179,8.0,19.53125,-1.7031329678735343,STOP_LOSS
baseline_no_be,closed-499,XLM/USDT,1779930313.5068414,1786564799.999,0.17359,0.15863,8.0,78.125,-6.732818710755229,STOP_LOSS
baseline_no_be,closed-423,KAITO/USDT,1781381308.0824552,1786694399.999,0.4493,0.40899,8.0,39.0625,-3.5045835188070305,STOP_LOSS
baseline_no_be,closed-554,INJ/USDT,1783245907.8973312,1786723199.999,4.63,4.2187,8.0,39.06249999999999,-3.470066144708422,STOP_LOSS
baseline_no_be,closed-649,STABLE/USDT,1786183822.3444536,1786867199.999,0.03279,0.030016,8.0,19.53125,-1.6523234980176869,STOP_LOSS
baseline_no_be,closed-650,HEMI/USDT,1786853877.180719,1786881599.999,0.007899,0.006649,8.0,58.59375,-9.272336688188373,STOP_LOSS
baseline_no_be,closed-567,FLOKI/USDT,1782437887.1031537,1786924799.999,2.184e-05,2.0047e-05,8.0,11.71875,-0.9620750343406598,STOP_LOSS
baseline_no_be,closed-654,WLD/USDT,1786930216.0583718,1787025599.999,0.36777,0.32797,8.0,78.125,-8.454672757429917,STOP_LOSS
baseline_no_be,closed-657,HEMI/USDT,1786987757.442123,1787068799.999,0.007213,0.006532,8.0,58.59375,-5.532003847220301,STOP_LOSS
baseline_no_be,closed-672,TURBO/USDT,1787306088.5451221,1787342399.999,0.001081,0.00099,8.0,39.0625,-3.2883325624421826,STOP_LOSS
baseline_no_be,closed-676,FIL/USDT,1787375150.025655,1787385599.999,0.85667,0.78649,8.0,39.0625,-3.2000726650869074,STOP_LOSS
baseline_no_be,closed-673,WLFI/USDT,1787375150.3591092,1787385599.999,0.0719,0.060126,8.0,58.59375,-9.595032162726014,STOP_LOSS
baseline_no_be,closed-677,TNSR/USDT,1787375150.3003032,1787414399.999,0.0384,0.0346,8.0,58.59374999999999,-5.798339843749995,STOP_LOSS
baseline_no_be,closed-680,KAS/USDT,1787375150.0972967,1787414399.999,0.031633,0.029086,8.0,58.59375,-4.717803599089561,STOP_LOSS
baseline_no_be,closed-684,SUPER/USDT,1787375150.237171,1787457599.999,0.1058,0.09696,8.0,58.59374999999999,-4.895734877126652,STOP_LOSS
baseline_no_be,closed-674,XPL/USDT,1787316031.9495687,1787457599.999,0.10111,0.09194,8.0,58.59375,-5.314060800118687,STOP_LOSS
baseline_no_be,closed-692,ZRO/USDT,1787437410.9899712,1787644799.999,1.181,1.0765,8.0,58.59375,-5.184629022015246,STOP_LOSS
baseline_no_be,closed-695,GRASS/USDT,1787559050.7811475,1787687999.999,0.3778,0.34003,8.0,58.59374999999999,-5.857824080201167,STOP_LOSS
baseline_no_be,closed-664,SUI/USDT,1787355247.5039132,1787687999.999,0.85385,0.77534,8.0,58.59375,-5.387591863324939,STOP_LOSS
baseline_no_be,closed-665,ALGO/USDT,1787355247.8064127,1787702399.999,0.097594,0.089043,8.0,58.59375,-5.133872535709165,STOP_LOSS
baseline_no_be,closed-662,KAITO/USDT,1787221072.8077412,1787702399.999,0.34704,0.31812,8.0,11.71875,-0.9765625000000004,STOP_LOSS
baseline_no_be,closed-656,JTO/USDT,1786348922.4082553,1787702399.999,0.5649,0.51955,8.0,39.0625,-3.1359256063019996,STOP_LOSS
baseline_no_be,closed-681,TIA/USDT,1787316031.8481514,1787759999.999,0.3764,0.34575,8.0,58.59374999999999,-4.771249833953241,STOP_LOSS
baseline_no_be,closed-667,DOGE/USDT,1787355247.865448,1787759999.999,0.092489,0.084495,8.0,58.59375000000001,-5.0643691411951695,STOP_LOSS
baseline_no_be,closed-682,ARB/USDT,1787316031.607199,1787759999.999,0.09681,0.08883,8.0,39.0625,-3.2199023861171314,STOP_LOSS
baseline_no_be,closed-710,ETC/USDT,1787355247.9277246,1787759999.999,8.298,7.5407,8.0,58.59375,-5.347438765365144,STOP_LOSS
baseline_no_be,closed-721,XPL/USDT,1787649878.6262581,1787759999.999,0.09388,0.084816,8.0,78.125,-7.542873881550916,STOP_LOSS
baseline_no_be,closed-663,AVAX/USDT,1787355247.4307506,1787759999.999,7.8877,7.2244,8.0,39.0625,-3.2848810489749827,STOP_LOSS
baseline_no_be,closed-726,STABLE/USDT,1787555196.2889938,1787774399.999,0.029603,0.026398,8.0,19.53125,-2.1145713694557986,STOP_LOSS
baseline_no_be,closed-668,EIGEN/USDT,1787335674.933256,1787774399.999,0.2159,0.197,8.0,39.0625,-3.4195518758684593,STOP_LOSS
baseline_no_be,closed-675,ZEN/USDT,1787355248.110739,1787990399.999,5.3395,4.9077,8.0,58.59375,-4.738417688922183,STOP_LOSS
baseline_no_be,closed-679,HMSTR/USDT,1787316031.6526325,1788134399.999,0.000192,0.00017,8.0,58.593792,-6.713871999999996,STOP_LOSS
baseline_no_be,closed-669,HBAR/USDT,1787355247.990655,1788134399.999,0.080468,0.073438,8.0,58.59375,-5.1189797497141685,STOP_LOSS
baseline_no_be,closed-742,ZORA/USDT,1788143655.4969327,1788278399.999,0.008656,0.007962,8.0,19.53125,-1.5659297019408511,STOP_LOSS
baseline_no_be,closed-755,ANIME/USDT,1788137884.9913085,1788292799.999,0.002988,0.002722,8.0,19.53125,-1.7387257362784492,STOP_LOSS
baseline_no_be,closed-751,GRASS/USDT,1787782118.7022953,1788321599.999,0.37537,0.34379,8.0,58.59375,-4.929511215600608,STOP_LOSS
baseline_no_be,closed-691,FARTCOIN/USDT,1787257012.0257638,1788379199.999,0.16936,0.15471,8.0,58.59375,-5.068483924775631,STOP_LOSS
baseline_no_be,closed-765,FARTCOIN/USDT,1788509300.8572931,1788969599.999,0.17199,0.15777,8.0,39.0625,-3.229657247514391,STOP_LOSS
