id,symbol,entry_time,exit_or_mark_time,open,entry_price,exit_or_mark_price,cost_usd,pnl_usd,baseline,cooldown_4h,cooldown_24h,cooldown_48h,cooldown_168h,loss_cooldown_24h,one_entry_per_token,signal_reset,signal_reset_4h
open-0,HYPE/USDT,1773232095.0530453,1788977626.024947,True,35.49,86.593,454.54545454545456,654.5121545121543,True,True,True,True,True,True,True,True,True
closed-0,TRX/USDT,1773376987.6815863,1773934988.412864,False,0.2896,0.30103,476.19047619047626,18.794396211523278,True,True,True,True,True,True,True,True,True
closed-1,VVV/USDT,1773376987.682436,1773936268.0917568,False,6.363,5.2494,238.0952380952381,-41.66947306975599,True,True,True,True,True,True,True,True,True
closed-120,VVV/USDT,1773965225.795107,1778486503.2023683,False,5.7672,17.692,142.85714285714286,295.3847373323029,True,True,False,False,False,False,False,True,True
closed-414,TRX/USDT,1774195577.9395382,1781197926.3777509,False,0.3154,0.3152,135.13513513513513,-0.08569127148710066,True,True,True,True,False,True,False,True,True
closed-2,TAO/USDT,1774441801.607653,1774627947.2101953,False,358.03,326.55,116.27906976744185,-10.223906142722857,True,True,True,True,True,True,True,True,True
closed-647,STG/USDT,1774441876.2135448,1786777844.673243,False,0.2013,0.1432,153.06122448979593,-44.17713434106878,True,True,True,True,True,True,True,True,True
closed-5,ZRO/USDT,1774441946.5160167,1776338895.4196827,False,2.219,1.9454,181.8181818181818,-22.41796058830758,True,True,True,True,True,True,True,True,True
closed-6,PURR/USDT,1774442017.1916852,1776348071.0483358,False,0.087222,0.080033,166.66666666666666,-13.736977673828443,True,True,True,True,True,True,True,True,True
closed-219,MORPHO/USDT,1774510530.623234,1779101969.4316862,False,1.67,1.657,41.666666666666664,-0.32435129740518714,True,True,True,True,True,True,True,True,True
closed-184,SKY/USDT,1774583431.537942,1778873714.1122737,False,0.070643,0.070582,24.999999999999996,-0.021587418427866743,True,True,True,True,True,True,True,True,True
closed-3,TAO/USDT,1774650703.1715167,1776338824.5269043,False,313.81,238.3,166.66666666666666,-40.103884516108465,True,True,False,False,False,False,False,True,True
closed-380,PAXG/USDT,1774987196.2754548,1780721383.1328158,False,4679.4,4303.64,166.66666666666666,-13.383482212819281,True,True,True,True,True,True,True,True,True
open-3,APE/USDT,1775175276.6262028,1788977626.024947,True,0.0829,0.14599,41.666666666666664,31.709891435464414,True,True,True,True,True,True,True,True,True
closed-32,RENDER/USDT,1775246608.4542537,1776537270.058615,False,1.9436,1.787,166.66666666666666,-13.428689030664751,True,True,True,True,True,True,True,True,True
open-4,MOG/USDT,1775248179.942781,1788977626.024947,True,1.338e-07,1.089e-07,41.666666666666664,-7.754110612855005,True,True,True,True,True,True,True,True,True
closed-24,POLYX/USDT,1775288053.4456906,1776516095.2930508,False,0.0559,0.051284,40.32258064516129,-3.329678573489522,True,True,True,True,True,True,True,True,True
closed-382,JTO/USDT,1775309091.9612722,1780733810.9717784,False,0.3062,0.5118,40.32258064516129,27.074861465203007,True,True,True,True,True,True,True,True,True
closed-20,ALGO/USDT,1775318628.0736766,1776507486.07026,False,0.11886,0.10888,80.64516129032258,-6.771316756498557,True,True,True,True,True,True,True,True,True
closed-195,ANIME/USDT,1775527308.6855934,1778918470.1202226,False,0.004501,0.00442,40.32258064516129,-0.7256451971246486,True,True,True,True,True,True,True,True,True
closed-26,AIXBT/USDT,1775657941.3443787,1776520079.9395607,False,0.02726,0.027229,40.32258064516129,-0.04585473220836358,True,True,True,True,True,True,True,True,True
closed-332,APT/USDT,1775674070.2227201,1780438427.7624345,False,0.84,0.838,40.32258064516129,-0.09600614439324126,True,True,True,True,True,True,True,True,True
closed-4,TNSR/USDT,1775720377.817925,1776338824.5302927,False,0.04687,0.04079,24.193548387096772,-3.138399278718763,True,True,True,True,True,True,True,True,True
closed-65,DOT/USDT,1775980972.484268,1776966765.8949614,False,1.2249,1.2241,40.32258064516129,-0.02633526370816755,True,True,True,True,True,True,True,True,True
closed-103,CC/USDT,1776338275.5379689,1777899115.2981133,False,0.14667,0.14634,54.94505494505494,-0.12362356399991793,True,True,True,True,True,True,True,True,True
closed-58,COMP/USDT,1776338275.5405662,1776792549.994079,False,22.779,22.65,82.41758241758241,-0.46673989779482156,True,True,True,True,True,True,True,True,True
closed-8,FET/USDT,1776338275.5433605,1776399912.3604343,False,0.2312,0.23065,27.47252747252747,-0.06535419597703275,True,True,True,True,True,True,True,True,True
closed-27,GRASS/USDT,1776338275.5458813,1776523983.366022,False,0.37161,0.3407,109.89010989010987,-9.14050562875944,True,True,True,True,True,True,True,True,True
closed-34,KAITO/USDT,1776338275.548521,1776545462.0822296,False,0.4499,0.44931,54.94505494505494,-0.07205508428002741,True,True,True,True,True,True,True,True,True
closed-9,MON/USDT,1776338349.0392292,1776403951.6753802,False,0.035808,0.032923,45.45454545454545,-3.6622085465919225,True,True,True,True,True,True,True,True,True
closed-60,STABLE/USDT,1776338349.0425384,1776853368.478351,False,0.025863,0.02584,22.727272727272727,-0.02021139360195346,True,True,True,True,True,True,True,True,True
closed-7,TRB/USDT,1776338419.7474828,1776349517.5156777,False,17.773,17.669,58.59375000000001,-0.34286558262532796,True,True,True,True,True,True,True,True,True
closed-42,YZY/USDT,1776338419.7516146,1776606337.064367,False,0.30662,0.3061,19.53125,-0.033123247015851544,True,True,True,True,True,True,True,True,True
closed-45,ZEC/USDT,1776338419.7554412,1776618626.4887114,False,345.78,312.49,39.0625,-3.7607456330614806,True,True,True,True,True,True,True,True,True
closed-17,ZRO/USDT,1776338966.3650606,1776476650.4091518,False,1.9454,1.9447,19.53125,-0.007027796340083527,True,False,False,False,False,False,False,False,False
closed-38,PURR/USDT,1776348142.5372531,1776559509.3075633,False,0.080033,0.079584,78.125,-0.4382957654967374,True,False,False,False,False,False,False,False,False
closed-64,TRB/USDT,1776349588.5967317,1776939345.7520144,False,17.669,17.63,58.59374999999999,-0.12933138547739467,True,False,False,False,False,False,False,False,False
closed-14,LDO/USDT,1776356269.2247193,1776424274.2815242,False,0.41589,0.41574,58.59374999999999,-0.021133142177015632,True,True,True,True,True,True,True,True,True
closed-52,ZEREBRO/USDT,1776356269.2281923,1776659398.7570379,False,0.012528,0.012528,58.59370656,0.0,True,True,True,True,True,True,True,True,True
closed-10,TURBO/USDT,1776366178.3499205,1776404604.2195253,False,0.00133,0.001219,19.53125,-1.630051691729323,True,True,True,True,True,True,True,True,True
closed-13,MOODENG/USDT,1776370082.2002487,1776422317.8442702,False,0.061019,0.056074,58.59375,-4.748456935544665,True,True,True,True,True,True,True,True,True
closed-11,VINE/USDT,1776372472.6034534,1776405614.8660288,False,0.022623,0.020456,58.59375000000001,-5.612547241745132,True,True,True,True,True,True,True,True,True
closed-122,SKY/USDT:USDT,1776384133.7954965,1778501552.321205,False,0.076726,0.076667,78.125,-0.060075789171861856,True,True,True,True,True,True,True,True,True
closed-15,ZETA/USDT,1776392430.3794386,1776453902.8389175,False,0.06179,0.06178,19.53125,-0.0031609079139007005,True,True,True,True,True,True,True,True,True
closed-36,MON/USDT,1776404022.9878602,1776547797.4756997,False,0.032923,0.032429,39.0625,-0.5861214044892644,True,False,False,False,False,False,False,False,False
closed-33,VINE/USDT,1776405687.3160179,1776540823.7662575,False,0.020456,0.018785,58.59375,-4.78637838531482,True,False,False,False,False,False,False,False,False
closed-21,FLOKI/USDT,1776410843.7259934,1776508710.2203238,False,3.153e-05,3.118e-05,78.125,-0.8672296225816558,True,True,True,True,True,True,True,True,True
closed-40,FET/USDT,1776412916.5611246,1776578573.8317125,False,0.2322,0.2131,78.125,-6.426302756244609,True,False,False,False,False,False,False,True,False
closed-19,LDO/USDT,1776424345.2777207,1776506837.0472457,False,0.41574,0.41315,58.59375,-0.36503057800548155,True,False,False,False,False,False,False,False,False
closed-28,AERO/USDT,1776427632.5067496,1776531140.5835044,False,0.41991,0.41977,58.59375,-0.019535436164896523,True,True,True,True,True,True,True,True,True
closed-16,GRIFFAIN/USDT,1776441680.2020073,1776470208.4383478,False,0.01773,0.01627,39.0625,-3.216652566271855,True,True,True,True,True,True,True,True,True
closed-46,TAO/USDT,1776441680.2079284,1776622713.7972767,False,260.73,239.07,78.125,-6.490191002186175,True,True,True,True,True,True,False,True,True
closed-49,CAKE/USDT,1776442685.2202237,1776637617.1718156,False,1.6391,1.5012,58.59375000000001,-4.929582163992432,True,True,True,True,True,True,True,True,True
closed-31,VIRTUAL/USDT,1776442685.225196,1776537044.5103185,False,0.77449,0.70897,58.59375,-4.9568909863264885,True,True,True,True,True,True,True,True,True
closed-18,ZETA/USDT,1776453973.7301004,1776477587.6171877,False,0.06178,0.05674,58.59374999999999,-4.780066364519264,True,False,False,False,False,False,False,False,False
closed-53,GRIFFAIN/USDT,1776470279.05441,1776687527.310677,False,0.01627,0.01596,78.125,-1.4885525507068285,True,False,False,False,False,False,False,False,False
closed-25,TIA/USDT,1776470858.0107574,1776518429.292715,False,0.4314,0.3963,58.59375,-4.767363525730183,True,True,True,True,True,True,True,True,True
closed-37,WLD/USDT,1776474095.795278,1776558568.3678308,False,0.28456,0.26117,11.71875,-0.9632469865757647,True,True,True,True,True,True,True,True,True
closed-35,ZRO/USDT,1776476720.843546,1776547138.028708,False,1.9447,1.78,78.125,-6.616541111739603,True,True,True,False,False,True,False,True,True
closed-62,ZETA/USDT,1776477659.4743516,1776911973.4483094,False,0.05674,0.05207,19.53125,-1.60752445364822,True,True,False,False,False,False,False,True,True
closed-29,DYDX/USDT,1776484907.512156,1776532130.1010218,False,0.14717,0.13487,58.59375,-4.897079058231979,True,True,True,True,True,True,True,True,True
closed-23,MOODENG/USDT,1776499803.5761616,1776516095.2876976,False,0.060308,0.05461,58.59375,-5.536034812960139,True,True,False,False,False,False,False,True,True
closed-22,ACE/USDT,1776501359.121004,1776515297.7870884,False,0.1444,0.1436,11.71875,-0.06492382271468104,True,True,True,True,True,True,True,True,True
closed-39,LDO/USDT,1776506909.4459152,1776559653.5258863,False,0.41315,0.3789,78.125,-6.476536972044052,True,True,False,False,False,False,False,False,False
closed-30,ACE/USDT,1776515368.2648625,1776535225.9795709,False,0.1436,0.1321,11.71875,-0.9384792827298059,True,False,False,False,False,False,False,False,False
closed-48,GRASS/USDT,1776524054.0455146,1776636036.6174197,False,0.3407,0.3119,39.0625,-3.302025242148517,True,False,False,False,False,False,False,False,False
closed-41,AERO/USDT,1776531211.0253696,1776579519.8592541,False,0.41977,0.3858,39.0625,-3.1611433046668425,True,False,False,False,False,False,False,False,False
closed-50,DYDX/USDT,1776532200.9940228,1776640616.9751961,False,0.13487,0.1337,58.59375,-0.5083019759768566,True,False,False,False,False,False,False,False,False
closed-199,RENDER/USDT,1776537341.7600853,1778923230.3617501,False,1.787,1.7859,78.125,-0.04809037493004507,True,False,False,False,False,False,False,False,False
closed-51,KAITO/USDT,1776545533.350196,1776651968.675704,False,0.44931,0.40901,78.125,-7.0072722619127115,True,False,False,False,False,False,False,False,False
closed-47,MON/USDT,1776547869.308769,1776625023.0492635,False,0.032429,0.029804,39.0625,-3.161955734065187,True,True,True,False,False,True,False,False,False
closed-56,PURR/USDT,1776559580.457705,1776748139.0050707,False,0.079584,0.0712,78.125,-8.23029754724568,True,True,True,True,False,True,False,False,False
closed-77,FET/USDT,1776604923.9345534,1777346184.571439,False,0.2205,0.2023,19.53125,-1.612103174603174,True,True,True,True,False,True,False,True,True
closed-43,YZY/USDT,1776606413.81315,1776610254.0541708,False,0.3061,0.301,19.53125,-0.3254144887291731,True,False,False,False,False,False,False,False,False
closed-44,YZY/USDT,1776610337.3628705,1776612411.4802876,False,0.301,0.29,19.53125,-0.7137666112956816,True,False,False,False,False,False,False,False,False
closed-78,YZY/USDT,1776612488.5701282,1777367984.8968742,False,0.29,0.2869,19.53125,-0.20878232758620635,True,False,False,False,False,False,False,False,False
closed-59,ZEC/USDT,1776618704.6572251,1776797156.6921675,False,312.49,311.82,11.71875,-0.02512580402572942,True,False,False,False,False,False,False,False,False
closed-90,ACE/USDT,1776621986.14587,1777579035.5056412,False,0.1173,0.1173,11.71827,0.0,True,True,True,False,False,True,False,True,True
closed-55,DYDX/USDT,1776640693.9106002,1776736757.8353083,False,0.1337,0.13264,39.0625,-0.30969521316380105,True,True,True,False,False,True,False,True,True
closed-57,CHILLGUY/USDT,1776658528.4228868,1776786825.9560945,False,0.014494,0.01333,58.59375,-4.705610942458949,True,True,True,True,True,True,True,True,True
open-5,ZEREBRO/USDT,1776659476.294088,1788977626.024947,True,0.012528,0.03709,78.125,153.16940054278416,True,False,False,False,False,True,False,False,False
closed-88,WLD/USDT,1776659553.5330515,1777486532.8617573,False,0.26257,0.2404,19.53125,-1.6491138077465073,True,True,True,False,False,True,False,True,True
closed-63,SUPER/USDT,1776663915.8739815,1776918350.168184,False,0.12494,0.1246,19.53125,-0.053150512245876955,True,True,True,True,True,True,True,True,True
closed-80,GRASS/USDT,1776687450.598616,1777377140.2577724,False,0.3347,0.3346,39.0625,-0.011670899312816162,True,True,True,False,False,True,False,True,True
closed-54,GRIFFAIN/USDT,1776687604.2435064,1776687868.624008,False,0.01596,0.01209,39.0625,-9.4719219924812,True,True,True,True,False,True,False,False,False
closed-140,GRIFFAIN/USDT,1776687945.7269871,1778604670.470082,False,0.01209,0.011976,39.0625,-0.36833126550868334,True,False,False,False,False,False,False,False,False
closed-206,DYDX/USDT,1776787769.7733579,1778926303.2806838,False,0.13995,0.13989,58.59375,-0.02512057877813693,True,True,False,True,False,False,False,True,True
closed-96,COMP/USDT,1776792626.8056686,1777737331.4656334,False,22.65,22.645,78.125,-0.017246136865338733,True,False,False,False,False,False,False,False,False
closed-367,ZEC/USDT,1776809046.3825746,1780643399.026294,False,310.24,292.24,11.71875,-0.6799171609076844,True,True,True,True,False,True,False,True,True
closed-85,MOODENG/USDT,1776845770.4253204,1777464525.8017113,False,0.06087,0.06075,58.59375,-0.11551256776737505,True,True,True,True,False,True,False,True,True
closed-386,STABLE/USDT,1776853445.8355432,1780790680.0138679,False,0.02584,0.033804,19.53125,6.019615905572757,True,False,False,False,False,False,False,False,False
closed-61,CHILLGUY/USDT,1776860155.66351,1776903845.5216355,False,0.014304,0.013107,39.0625,-3.2688627307046985,True,True,False,False,False,False,False,True,True
closed-208,AERO/USDT,1776870104.3286061,1778959513.0108325,False,0.4193,0.41765,19.53125,-0.07685800739327381,True,True,True,True,False,True,False,True,True
closed-290,BTC/USDT,1776873742.6110334,1779942203.1229606,False,79309.8,72882.0,58.59375,-4.748831875127667,True,True,True,True,True,True,True,True,True
closed-72,LDO/USDT,1776888212.1474862,1777270449.1891568,False,0.394,0.3911,58.59375,-0.43127379441624564,True,True,True,True,False,True,False,True,True
closed-293,WIF/USDT,1776931487.6728902,1779942985.6457458,False,0.1803,0.177,19.53125,-0.35747712146422606,True,True,True,True,True,True,True,True,True
closed-94,GMX/USDT,1776932030.135696,1777701864.7192588,False,7.0524,7.0491,39.0625,-0.01827835205036259,True,True,True,True,True,True,True,True,True
closed-193,TRB/USDT,1776939422.8415506,1778915952.5872836,False,17.63,17.55,78.125,-0.35450935904707126,True,True,True,True,False,True,False,False,False
closed-66,CHILLGUY/USDT,1776946163.635455,1777052054.4244514,False,0.013964,0.012819,39.0625,-3.202990726152965,True,True,True,False,False,True,False,True,True
closed-67,MON/USDT,1776960050.4621058,1777136134.9060128,False,0.03295,0.03002,39.0625,-3.4735394537177524,True,True,True,True,False,True,False,True,True
closed-74,SPX/USDT,1776960127.6242328,1777271864.5569947,False,0.3914,0.386,39.0625,-0.5389307613694446,True,True,True,True,True,True,True,True,True
closed-303,TAO/USDT,1776989342.9104133,1780059159.133641,False,254.35,252.7,58.59375000000001,-0.3801049243168875,True,True,True,True,False,True,False,True,True
closed-81,ALGO/USDT,1777090682.0724192,1777389912.6139443,False,0.11172,0.1117,39.0625,-0.00699292875044969,True,True,True,True,False,True,False,True,True
closed-68,HYPER/USDT,1777117974.2439666,1777173993.02028,False,0.13234,0.13208,19.53125,-0.03837180746562036,True,True,True,True,True,True,True,True,True
closed-69,HEMI/USDT,1777148562.0403845,1777178325.614722,False,0.009872,0.008825,19.53125,-2.0714362591166955,True,True,True,True,True,True,True,True,True
closed-75,TRUMP/USDT,1777153335.7161508,1777274344.5201097,False,2.5483,2.5363,19.53125,-0.09197308009260745,True,True,True,True,True,True,True,True,True
closed-70,HYPER/USDT,1777174070.4384947,1777249944.654576,False,0.13208,0.12097,39.0625,-3.2857690414900085,True,False,False,False,False,False,False,False,False
closed-82,MINA/USDT,1777183609.7501297,1777417077.6699984,False,0.066591,0.06116,19.53125,-1.5929212468651914,True,True,True,True,True,True,True,True,True
closed-76,INJ/USDT,1777188940.993972,1777292368.46822,False,3.9042,3.5774,19.53125,-1.634857973464474,True,True,True,True,True,True,True,True,True
closed-112,XMR/USDT,1777220029.4978356,1778193752.3147383,False,398.12,396.96,58.59375,-0.17072427911182927,True,True,True,True,True,True,True,True,True
closed-71,HYPER/USDT,1777250027.1065764,1777255705.5335596,False,0.12097,0.12004,39.0625,-0.300306894271307,True,True,False,False,False,False,False,False,False
closed-73,HYPER/USDT,1777255783.3401592,1777271466.5337408,False,0.12004,0.11977,39.0625,-0.08786133788736843,True,False,False,False,False,False,False,False,False
closed-87,JUP/USDT,1777263265.137944,1777477314.7166953,False,0.1981,0.182,39.0625,-3.174690812720849,True,True,True,True,True,True,True,True,True
closed-79,LDO/USDT,1777270526.911403,1777376190.1533995,False,0.3911,0.3906,39.0625,-0.04993927384300695,True,False,False,False,True,False,False,False,False
closed-83,HYPER/USDT,1777271554.9697955,1777438999.5020216,False,0.11977,0.11968,39.0625,-0.029353135175755725,True,True,True,False,False,True,False,False,False
closed-181,SPX/USDT,1777271942.379167,1778858367.066287,False,0.386,0.386,39.0632,0.0,True,False,False,False,False,False,False,False,False
closed-86,PURR/USDT,1777287867.600242,1777477237.7663171,False,0.0717,0.0651,19.53125,-1.7978556485355632,True,True,True,True,True,True,False,True,True
closed-99,LDO/USDT,1777376275.7438529,1777854411.8821425,False,0.3906,0.35923,39.0625,-3.1372007808499753,True,True,True,False,False,True,False,True,True
closed-104,ALGO/USDT,1777389991.37229,1777938944.1758707,False,0.1117,0.11165,39.0625,-0.017485452103847672,True,False,False,False,True,False,False,False,False
closed-93,TRUMP/USDT,1777398443.293293,1777691630.6548345,False,2.4715,2.2699,11.71875,-0.9558972284038035,True,True,True,False,False,True,False,True,True
closed-84,YZY/USDT,1777413946.414287,1777440495.196834,False,0.275,0.2745,19.53125,-0.03551136363636367,True,True,True,True,True,True,False,True,True
closed-92,HYPER/USDT,1777439077.4455526,1777680751.6244607,False,0.11968,0.1193,39.0625,-0.12402865975935548,True,False,False,True,False,False,False,False,False
closed-100,YZY/USDT,1777441622.9647472,1777871081.7900906,False,0.2745,0.27081,19.53125,-0.26255122950819854,True,False,False,False,False,False,False,True,False
closed-89,GRASS/USDT,1777464209.6407816,1777557125.143455,False,0.346,0.318,39.0625,-3.1611271676300547,True,True,True,True,True,True,False,True,True
closed-102,MOODENG/USDT,1777464604.6298974,1777889282.202018,False,0.06075,0.060653,58.59375,-0.09355709876543197,True,False,False,False,True,False,False,False,False
closed-283,JUP/USDT,1777477392.1580186,1779938757.0710773,False,0.182,0.182,39.06266,0.0,True,False,False,False,False,False,False,False,False
closed-180,WLD/USDT,1777486619.8021655,1778853903.630007,False,0.2404,0.24036,19.53125,-0.003249792013312143,True,False,False,True,True,False,False,False,False
closed-183,KAITO/USDT,1777521756.313358,1778861271.9149668,False,0.4445,0.43884,39.0625,-0.49739876265466804,True,True,True,True,True,True,False,True,True
closed-91,AIXBT/USDT,1777537069.5531116,1777629050.5024912,False,0.03023,0.030224,39.0625,-0.007753059874295843,True,True,True,True,True,True,False,True,True
closed-101,ZETA/USDT,1777563250.3521895,1777880498.2891283,False,0.05895,0.05891,19.53125,-0.013252756573369018,True,True,True,True,True,True,False,True,True
closed-177,FLOKI/USDT,1777565097.6998005,1778853589.3485115,False,0.03252,0.032374,39.0625,-0.17537284747847515,True,True,True,True,True,True,False,True,True
closed-301,PENDLE/USDT,1777622677.5949273,1779974292.116703,False,1.5087,1.503,58.59375,-0.2213722907138611,True,True,True,True,True,True,True,True,True
closed-157,AIXBT/USDT,1777629127.8737214,1778701958.3867297,False,0.030224,0.03013,58.59375,-0.18223307636315575,True,False,False,False,False,False,False,False,False
closed-97,MON/USDT,1777648071.9245172,1777822791.9530969,False,0.029378,0.029323,19.53125,-0.03656541459595813,True,True,True,True,True,True,False,True,True
closed-95,HYPER/USDT,1777680829.3069212,1777707685.4072862,False,0.1193,0.11922,78.125,-0.05238893545682938,True,True,True,False,False,True,False,False,False
closed-98,CHILLGUY/USDT,1777683343.7791765,1777854096.0304637,False,0.013743,0.013731,78.125,-0.06821654660554384,True,True,True,True,True,True,False,True,True
closed-111,GMX/USDT,1777701942.1280642,1778176343.1549983,False,7.0491,7.0386,78.125,-0.11637123888156375,True,False,False,False,False,False,False,False,False
closed-105,HYPER/USDT,1777707773.5829453,1777942458.7505448,False,0.11922,0.11847,78.125,-0.49147584297936636,True,False,False,False,False,False,False,False,False
closed-114,COMP/USDT,1777737408.6844754,1778205879.2612314,False,22.645,22.645,39.062625000000004,0.0,True,True,True,True,True,True,False,True,True
closed-381,INJ/USDT,1777737646.3004081,1780733810.9321065,False,3.8554,5.234,58.59374999999999,20.95174138870156,True,True,True,True,False,True,False,True,True
closed-156,GRASS/USDT,1777781215.8021033,1778688044.7185125,False,0.32731,0.32557,78.125,-0.4153172833093923,True,True,True,True,False,True,False,True,True
closed-134,ZEN/USDT,1777810728.8971298,1778584841.000057,False,6.6011,6.5986,58.59375,-0.022190903788758064,True,True,True,True,True,True,True,True,True
closed-298,DASH/USDT,1777814320.8284965,1779965833.9319174,False,39.231,39.1,39.0625,-0.13043734546659552,True,True,True,True,True,True,True,True,True
closed-210,CHILLGUY/USDT,1777854172.8143647,1779061501.6992478,False,0.013731,0.013286,78.125,-2.5319077270410077,True,False,False,False,False,False,False,False,False
closed-185,MINA/USDT,1777860052.3457975,1778875794.663045,False,0.060491,0.060404,19.53125,-0.028090439073582402,True,True,True,True,False,True,False,True,True
closed-216,DOGE/USDT,1777867939.9468355,1779089061.0839074,False,0.11303,0.1039,58.59375000000001,-4.732911063434486,True,True,True,True,True,True,True,True,True
closed-153,VIRTUAL/USDT,1777867939.9666662,1778686408.3537185,False,0.77685,0.77327,58.59374999999999,-0.270020756902879,True,True,True,True,True,True,False,True,True
closed-207,CC/USDT,1777899192.282877,1778934854.5670466,False,0.14634,0.14408,39.0625,-0.6032612409457386,True,False,False,False,False,False,False,False,False
closed-383,ONDO/USDT,1777906945.5523825,1780733811.0063,False,0.31426,0.3302,58.59375,2.9720116304970423,True,True,True,True,True,True,True,True,True
closed-121,PURR/USDT,1777907180.30233,1778498729.1845531,False,0.069262,0.068542,19.53125,-0.20303340937310457,True,True,True,True,False,True,False,True,True
closed-361,TON/USDT,1777939571.055459,1780638993.8918002,False,1.6174,1.607,39.0625,-0.25117472486706977,True,True,True,True,True,True,True,True,True
closed-107,HYPER/USDT,1777942535.5990837,1778027659.1461158,False,0.11847,0.10849,78.125,-6.581307504009455,True,True,True,True,True,True,False,False,False
closed-132,TURBO/USDT,1777968203.8377542,1778583350.2079077,False,0.001287,0.001283,58.59375,-0.18210955710955168,True,True,True,True,True,True,False,True,True
closed-145,MON/USDT,1777968383.841233,1778675604.5271637,False,0.030123,0.029952,78.125,-0.44349417388706563,True,True,True,False,False,True,False,True,True
closed-108,HMSTR/USDT,1777985982.784278,1778052918.9088373,False,0.000178,0.000174,19.53125,-0.43890449438202117,True,True,True,True,True,True,True,True,True
closed-106,STX/USDT,1778011394.3662658,1778013607.2537525,False,0.27688,0.24859,39.0625,-3.9911807461716275,True,True,True,True,True,True,True,True,True
closed-146,ALGO/USDT,1778011640.4313915,1778675999.067597,False,0.11899,0.11829,78.125,-0.459597445163454,True,True,True,True,False,True,False,True,True
closed-110,STX/USDT,1778013686.7711427,1778171985.7351727,False,0.24859,0.2482,39.0625,-0.06128313689207151,True,False,False,False,False,False,False,False,False
closed-144,HYPER/USDT,1778027735.9757051,1778675604.507619,False,0.10849,0.10786,19.53125,-0.11341771130979915,True,False,False,False,False,False,False,True,True
closed-127,FIL/USDT,1778040139.0388875,1778550104.3041084,False,1.1152,1.114,39.0625,-0.04203281922524645,True,True,True,True,True,True,True,True,True
closed-123,MOODENG/USDT,1778040375.3291528,1778510133.0883296,False,0.063431,0.062905,58.59375,-0.4858872239125967,True,True,True,True,False,True,False,True,True
closed-116,AR/USDT,1778040684.8378124,1778321018.606847,False,2.5154,2.5118,58.59375000000001,-0.08385843205852063,True,True,True,True,True,True,True,True,True
closed-160,LDO/USDT,1778040684.8561368,1778729190.1804082,False,0.38222,0.38189,58.59375000000001,-0.05058850269478265,True,True,True,True,True,True,False,True,True
closed-138,FET/USDT,1778054711.5226376,1778596339.4222753,False,0.22606,0.22336,58.59374999999999,-0.6998280323807858,True,True,True,True,True,True,False,True,True
closed-167,ICP/USDT,1778054711.548446,1778823259.9588368,False,2.7566,2.7476,58.59375,-0.19130223826453602,True,True,True,True,True,True,True,True,True
closed-118,FARTCOIN/USDT,1778068848.3786285,1778375917.8203294,False,0.25099,0.25068,58.59375,-0.07236966612215089,True,True,True,True,True,True,True,True,True
closed-109,HMSTR/USDT,1778126487.1084788,1778138736.619826,False,0.000217,0.000215,58.59375000000001,-0.5400345622119801,True,True,False,False,False,False,False,True,True
closed-113,HMSTR/USDT,1778138813.532918,1778202086.1077807,False,0.000215,0.000214,58.59374999999999,-0.27252906976744107,True,False,False,False,False,False,False,False,False
closed-179,NEO/USDT,1778142776.6817453,1778853589.390267,False,2.9751,2.96,58.59375,-0.2973902137743248,True,True,True,True,True,True,True,True,True
closed-162,ZETA/USDT,1778142776.7135594,1778744054.4307976,False,0.06095,0.05597,58.59375,-4.787479491386381,True,True,True,True,False,True,False,True,True
closed-125,PUMP/USDT,1778156495.6259973,1778511071.8300314,False,0.002053,0.002049,58.59375,-0.11416220165611576,True,True,True,True,True,True,True,True,True
closed-142,GMX/USDT,1778183897.7016904,1778629170.599125,False,7.2157,7.2134,39.0625,-0.012451148190750555,True,True,True,True,False,True,False,True,True
closed-172,ARB/USDT,1778184130.607847,1778851937.9253404,False,0.12634,0.12545,39.0625,-0.2751751226848193,True,True,True,True,True,True,True,True,True
closed-139,XMR/USDT,1778193829.4074852,1778602299.476794,False,396.96,396.38,39.0625,-0.05707439036678603,True,False,False,False,False,False,False,False,False
closed-147,SNX/USDT,1778200279.8742115,1778680124.329412,False,0.3399,0.33932,58.59375,-0.09998345101499914,True,True,True,True,True,True,True,True,True
closed-115,HMSTR/USDT,1778202162.8781226,1778225451.4853294,False,0.000214,0.000192,58.59375,-6.023656542056073,True,True,True,False,False,True,False,True,True
closed-155,COMP/USDT,1778205957.4391108,1778687656.4489908,False,22.645,22.617,78.125,-0.09659969088098468,True,False,False,False,False,True,False,False,False
closed-159,STX/USDT,1778214541.0529773,1778722576.2082412,False,0.26412,0.2629,58.59375,-0.2706511244888684,True,True,True,True,False,True,False,True,True
closed-200,TIA/USDT,1778214541.0735338,1778923230.3803754,False,0.4011,0.4006,58.59375,-0.07304132385938675,True,True,True,True,True,True,False,True,True
closed-137,HMSTR/USDT,1778225528.2128973,1778596260.378246,False,0.000192,0.000176,58.59375,-4.8828125000000036,True,False,False,False,False,False,False,False,False
closed-182,ETC/USDT,1778257707.5379243,1778858915.0057027,False,9.7875,9.0,58.59375,-4.714439655172412,True,True,True,True,True,True,True,True,True
closed-211,POLYX/USDT,1778272136.726014,1779061501.7273657,False,0.053748,0.05293,58.59375,-0.8917482976110732,True,True,True,True,True,True,False,True,True
closed-126,OP/USDT,1778276246.1016092,1778511619.8541267,False,0.17145,0.1567,58.59375,-5.040873797025367,True,True,True,True,True,True,True,True,True
closed-119,LINEA/USDT,1778286505.0023654,1778472820.7811344,False,0.004307,0.003961,78.125,-6.276120269328999,True,True,True,True,True,True,True,True,True
closed-135,YGG/USDT,1778286505.0236268,1778586021.5476365,False,0.04793,0.044002,58.59375,-4.801924681827666,True,True,True,True,True,True,True,True,True
closed-133,ENA/USDT,1778288907.9717069,1778583503.9640796,False,0.13441,0.12349,58.59375,-4.760387991964884,True,True,True,True,True,True,True,True,True
closed-151,BRETT/USDT,1778300975.9792583,1778685690.1188755,False,0.009479,0.009467,58.59374999999999,-0.07417712838906969,True,True,True,True,True,True,True,True,True
closed-178,IMX/USDT,1778301053.3732498,1778853589.372882,False,0.19237,0.1915,58.59374999999999,-0.26499226750533117,True,True,True,True,True,True,True,True,True
closed-203,LINK/USDT,1778301053.3965695,1778926215.4754286,False,10.541,9.6421,58.59375000000001,-4.99667222037758,True,True,True,True,True,True,True,True,True
closed-117,ACE/USDT,1778312880.9325264,1778374514.6767528,False,0.1401,0.1401,19.531341,0.0,True,True,True,True,True,True,False,True,True
closed-131,AR/USDT,1778321095.4070792,1778582174.4526966,False,2.5118,2.3092,58.59374999999999,-4.726130165618279,True,False,False,False,False,False,False,False,False
closed-187,WLFI/USDT,1778351621.9763196,1778904400.6299942,False,0.069881,0.063857,11.71875,-1.0101994819765032,True,True,True,True,True,True,True,True,True
closed-128,UNI/USDT,1778372238.987565,1778550181.1888285,False,3.8104,3.7936,58.59375,-0.258339019525508,True,True,True,True,True,True,True,True,True
closed-124,FARTCOIN/USDT,1778375994.515855,1778510209.8415475,False,0.25068,0.2498,58.59375,-0.20569052178076092,True,False,False,False,False,False,False,False,False
closed-170,SUI/USDT,1778401945.7011185,1778849087.5512002,False,1.1266,1.126,58.59375,-0.031205618675669393,True,True,True,True,True,True,True,True,True
closed-202,CAKE/USDT,1778429740.3196933,1778926215.4520254,False,1.5887,1.4526,58.59375,-5.019581654812114,True,True,True,True,True,True,False,True,True
closed-130,KAS/USDT,1778429740.3404424,1778578125.87994,False,0.0386,0.038448,58.59375,-0.23073186528497308,True,True,True,True,True,True,True,True,True
closed-136,ENS/USDT,1778443738.9499888,1778596260.3573685,False,7.5691,6.9477,58.59375000000001,-4.810367976377638,True,True,True,True,True,True,True,True,True
closed-201,MANTA/USDT,1778501315.778693,1778923616.314444,False,0.07504,0.07497,58.59375,-0.0546583488805975,True,True,True,True,True,True,True,True,True
closed-186,SKY/USDT:USDT,1778501629.0545337,1778904323.6716588,False,0.076667,0.070397,19.53125,-1.5973096312624724,True,False,False,False,False,False,False,False,False
closed-152,MOODENG/USDT,1778510209.8607152,1778685690.1484394,False,0.062905,0.057638,39.0625,-3.2706809872029248,True,False,False,False,True,False,False,False,False
closed-141,FARTCOIN/USDT,1778510286.6201727,1778604747.2879395,False,0.2498,0.22912,58.59375000000001,-4.850755604483589,True,True,True,False,False,True,False,False,False
closed-154,PUMP/USDT,1778511148.6842058,1778687423.1132088,False,0.002049,0.001874,58.59374999999999,-5.004346632503661,True,False,False,False,False,False,False,False,False
closed-129,VVV/USDT,1778544063.000116,1778558648.6489003,False,17.234,17.683,78.125,2.035402402228145,True,True,True,True,True,True,False,True,True
closed-168,FIL/USDT,1778550181.1645746,1778823570.0695705,False,1.114,1.02,78.125,-6.59223518850988,True,False,False,False,False,False,False,False,False
closed-205,UNI/USDT,1778550258.0276983,1778926215.5097482,False,3.7936,3.4674,58.59374999999999,-5.0382964071067065,True,False,False,False,False,False,False,False,False
closed-143,VVV/USDT,1778573129.6282673,1778638476.03292,False,17.183,15.562,58.59375,-5.527583585520574,True,True,False,False,False,True,False,True,True
closed-175,KAS/USDT,1778578207.0118682,1778852650.3219514,False,0.038448,0.03519,78.125,-6.6201427902621806,True,False,False,False,False,False,False,False,False
closed-197,AR/USDT,1778582251.4555106,1778923067.3364625,False,2.3092,2.1149,78.125,-6.573569851030664,True,True,True,True,False,True,False,False,False
closed-161,TURBO/USDT,1778583427.0019066,1778730602.0364141,False,0.001283,0.001275,78.125,-0.487139516757598,True,False,False,False,False,False,False,False,False
closed-189,ZEN/USDT,1778584917.9839675,1778913907.7194762,False,6.5986,6.0655,78.125,-6.311708165368413,True,False,False,False,False,False,False,False,False
closed-174,FET/USDT,1778596416.1689234,1778852491.4615903,False,0.22336,0.2054,78.125,-6.281899176217768,True,False,False,False,False,False,False,False,False
closed-149,PURR/USDT,1778605541.2295043,1778681063.6858783,False,0.06708,0.06,19.53125,-2.0614378354203944,True,True,True,False,True,True,False,True,True
closed-188,XMR/USDT,1778616171.6672418,1778910769.5942838,False,410.28,377.21,78.125,-6.297147679633419,True,True,True,True,False,True,False,True,True
closed-148,VINE/USDT,1778616639.574024,1778680265.6597707,False,0.019507,0.017939,58.59375000000001,-4.709847746962629,True,True,True,True,True,True,False,True,True
closed-212,GMX/USDT,1778630678.8668063,1779062454.2419953,False,7.2025,6.6,19.53125,-1.633818552585908,True,False,False,False,True,False,False,True,False
closed-150,VVV/USDT,1778638618.0104995,1778683688.5156982,False,15.562,14.256,78.125,-6.556435548130058,True,False,False,False,False,False,False,False,False
closed-190,HYPER/USDT,1778675681.4016871,1778914063.5937648,False,0.10786,0.10785,78.125,-0.007243185610974384,True,True,True,True,True,True,False,False,False
closed-192,SNX/USDT,1778680265.6442306,1778915474.4003863,False,0.33932,0.3117,78.125,-6.3592258045502845,True,False,False,False,False,False,False,False,False
closed-158,VVV/USDT,1778683772.2146978,1778717208.0048401,False,14.256,14.222,78.125,-0.18632505611672662,True,True,True,False,False,False,False,False,False
closed-173,BRETT/USDT,1778685767.3907454,1778852491.4360142,False,0.009467,0.008611,78.125,-7.064011830569339,True,False,False,False,False,False,False,False,False
closed-224,COMP/USDT,1778687733.3699238,1779230545.086143,False,22.617,22.616,19.53125,-0.0008635650174657945,True,True,True,True,False,False,False,True,True
closed-165,VVV/USDT,1778717285.6847064,1778810289.1070395,False,14.222,14.203,78.125,-0.10437174799606315,True,False,False,False,False,False,False,False,False
closed-166,STX/USDT,1778722652.90464,1778821009.281072,False,0.2629,0.2628,39.0625,-0.014858311144928632,True,False,False,False,True,False,False,False,False
closed-194,LDO/USDT,1778729266.8945713,1778916987.6043801,False,0.38189,0.34936,39.0625,-3.3274061248003353,True,False,False,False,False,False,False,False,False
closed-169,GMT/USDT,1778789470.1753953,1778825296.876916,False,0.013324,0.01219,58.59375,-4.986889259981994,True,True,True,True,True,True,True,True,True
closed-171,PURR/USDT,1778797954.3954852,1778850450.7661076,False,0.069389,0.06745,19.53125,-0.5457795003530846,True,True,True,True,False,True,False,True,True
closed-176,MON/USDT,1778801725.1860821,1778852727.289434,False,0.029894,0.027352,11.71875,-0.9964896802033849,True,True,True,True,True,True,False,True,True
closed-191,VVV/USDT,1778810366.5834873,1778914846.032408,False,14.203,13.052,78.125,-6.331188833345067,True,True,True,True,False,True,False,False,False
closed-196,STX/USDT,1778821086.2772062,1778920060.0730426,False,0.2628,0.2406,39.0625,-3.2998002283104984,True,True,True,False,False,True,False,True,True
closed-215,FIL/USDT,1778823647.6918747,1779085546.297451,False,1.02,0.937,78.125,-6.357230392156859,True,True,True,True,False,True,False,True,True
closed-214,SUI/USDT,1778849171.4699543,1779067306.6425138,False,1.126,1.0348,78.125,-6.327708703374775,True,False,False,False,False,False,False,False,False
closed-198,IMX/USDT,1778853666.5459142,1778923230.3365264,False,0.1915,0.1755,58.59375,-4.895561357702353,True,False,False,False,False,False,False,False,False
closed-281,NEO/USDT,1778853666.5776556,1779938603.2415807,False,2.96,2.717,78.125,-6.4136402027027,True,False,False,False,False,False,False,False,False
closed-387,WLD/USDT,1778853980.962852,1780790680.0496576,False,0.24036,0.4149,19.53125,14.182827321517724,True,True,True,False,False,True,False,True,True
closed-204,PURR/USDT,1778854134.6723678,1778926215.4928489,False,0.068566,0.062856,19.53125,-1.6265122290931389,True,False,False,False,False,False,False,True,False
closed-213,TURBO/USDT,1778860958.2029781,1779062454.2648485,False,0.001227,0.001116,39.0625,-3.5337713936430313,True,True,True,True,False,True,False,True,True
closed-221,MON/USDT,1778861115.419801,1779118232.0258808,False,0.028556,0.026225,11.71875,-0.956590777769997,True,False,False,False,False,False,False,True,False
closed-217,W/USDT,1778868687.5313115,1779090389.846256,False,0.01318,0.01212,19.53125,-1.5707985584218513,True,True,True,True,True,True,True,True,True
closed-228,MANTA/USDT,1778923697.3733134,1779380591.4864514,False,0.07497,0.07492,39.0625,-0.02605208750166446,True,False,False,False,False,False,False,False,False
closed-209,AIXBT/USDT,1778976126.813539,1779039652.0322537,False,0.032229,0.032143,39.0625,-0.10423454032083239,True,True,True,True,True,True,False,True,True
closed-243,FLOKI/USDT,1778990618.0513735,1779493645.9491289,False,0.031644,0.028955,39.0625,-3.319399017191249,True,True,True,False,False,True,False,True,True
closed-223,VVV/USDT,1779033642.6291392,1779183342.1306448,False,14.334,14.31,39.0625,-0.06540393470070924,True,True,True,False,False,True,False,True,True
closed-218,KAITO/USDT,1779034109.0460885,1779091878.6743805,False,0.49811,0.45825,19.53125,-1.5629391600248943,True,True,True,True,False,True,False,True,True
closed-239,AIXBT/USDT,1779039728.772557,1779490526.4883578,False,0.032143,0.0295,39.0625,-3.2119648912671495,True,False,False,False,False,False,False,False,False
closed-247,STX/USDT,1779046368.1057413,1779522178.4828024,False,0.2392,0.2382,19.53125,-0.08165238294314389,True,True,True,True,False,True,False,True,True
closed-246,RENDER/USDT,1779048162.8418307,1779495760.5917609,False,1.8399,1.8391,78.125,-0.033969237458563215,True,True,True,True,True,True,False,True,True
closed-384,PURR/USDT,1779048317.5804737,1780733811.0412931,False,0.074363,0.090922,19.531250000000004,4.349178606968521,True,True,True,True,False,True,False,True,True
closed-294,MINA/USDT,1779048867.2561538,1779943063.4345088,False,0.059114,0.053707,19.53125,-1.786471373109586,True,True,True,True,True,True,False,True,True
closed-272,ARK/USDT,1779048944.0349562,1779856542.4825222,False,0.16596,0.15152,19.53125,-1.6993929260062675,True,True,True,True,True,True,True,True,True
closed-297,ACE/USDT,1779055755.161081,1779960279.7221482,False,0.1173,0.1076,11.71875,-0.9690696930946291,True,True,True,True,True,True,False,True,True
closed-227,POLYX/USDT,1779061578.4944713,1779371378.0654473,False,0.05293,0.052928,39.0625,-0.0014760060457171184,True,False,False,False,False,False,False,False,False
closed-225,VINE/USDT,1779070583.997034,1779365565.0266435,False,0.018211,0.016598,11.718749999999998,-1.037962975674043,True,True,True,True,False,True,False,True,True
closed-256,BCH/USDT,1779084611.2709715,1779527895.9348335,False,374.73,344.75,19.53125,-1.5625833933765654,True,True,True,True,True,True,True,True,True
closed-284,AERO/USDT,1779087736.1520138,1779939067.6976652,False,0.40568,0.4045,11.71875,-0.034086287221454147,True,True,True,False,True,True,False,True,True
closed-220,HYPER/USDT,1779088126.5799108,1779107749.9668756,False,0.11488,0.11468,19.53125,-0.03400287256267271,True,True,True,True,False,True,False,True,True
closed-222,KAITO/USDT,1779091959.9993594,1779171744.6862528,False,0.45825,0.45795,39.0625,-0.025572831423892436,True,False,False,False,False,False,False,False,False
closed-226,HYPER/USDT,1779107826.6484919,1779367204.560267,False,0.11468,0.11465,19.53125,-0.005109325950471258,True,False,False,False,False,False,False,False,False
closed-374,FET/USDT,1779112283.5234506,1780677502.7502813,False,0.1921,0.1911,19.53125,-0.10167230609057792,True,True,True,True,False,True,False,True,True
closed-229,XMR/USDT,1779127534.1136112,1779409452.3937783,False,387.21,385.43,19.53125,-0.08978493582293709,True,True,True,True,True,True,False,True,True
closed-288,KAITO/USDT,1779171821.686926,1779941185.1609344,False,0.45795,0.4579,39.0625,-0.004264930669291306,True,True,False,False,False,False,False,False,False
closed-262,VVV/USDT,1779183423.4448318,1779638499.6670473,False,14.31,20.244,39.0625,16.19824423480084,True,False,False,True,True,False,False,False,False
closed-355,MORPHO/USDT,1779221028.0415614,1780625525.3783562,False,1.782,1.776,39.0625,-0.13152356902356913,True,True,True,False,False,True,False,True,True
closed-242,SUPER/USDT,1779226254.6535099,1779493569.2221136,False,0.11049,0.10937,19.53125,-0.1979817178025178,True,True,True,True,True,True,False,True,True
closed-241,COMP/USDT,1779230623.658495,1779491854.4487004,False,22.616,20.105,78.125,-8.674030553590375,True,False,False,False,True,True,False,False,False
closed-275,ALGO/USDT,1779249645.582131,1779905839.109893,False,0.11575,0.1063,78.125,-6.3782397408207325,True,True,True,True,True,True,False,True,True
closed-232,DYDX/USDT,1779249877.1534681,1779465689.0101397,False,0.1487,0.14785,39.0625,-0.22328934095494007,True,True,True,True,True,True,False,True,True
closed-235,SPX/USDT,1779264730.7604845,1779475618.0634415,False,0.37281,0.37154,39.0625,-0.13306878839086866,True,True,True,True,True,True,False,True,True
closed-255,ZORA/USDT,1779272556.200639,1779523739.7327783,False,0.011136,0.010963,11.71875,-0.1820531384698271,True,True,True,True,True,True,True,True,True
closed-233,CHILLGUY/USDT,1779278568.445529,1779473355.0008035,False,0.013945,0.013909,39.0625,-0.1008425959125171,True,True,True,True,True,True,False,True,True
closed-296,TRB/USDT,1779278568.4669595,1779945802.9989192,False,17.54,16.07,58.59375,-4.910650655644238,True,True,True,True,True,True,False,True,True
closed-230,ZEN/USDT,1779278568.483516,1779448892.9526613,False,6.3773,6.3755,58.59375,-0.016538150941623322,True,True,True,True,True,True,False,True,True
closed-240,AR/USDT,1779293670.9670963,1779491854.4269032,False,2.2377,2.0584,39.0625,-3.1299576574160977,True,True,True,True,True,True,False,True,True
closed-313,CC/USDT,1779293670.9882667,1780252362.0208952,False,0.15269,0.15268,39.0625,-0.0025582880345753254,True,True,True,True,True,True,False,True,True
closed-248,TIA/USDT,1779293748.480091,1779522565.4167717,False,0.4083,0.4058,39.0625,-0.23917768797452876,True,True,True,True,False,True,False,True,True
closed-773,OP/USDT,1779305847.0323625,1788958467.0401196,False,0.12892,0.10442,19.53125,-3.711725294756439,True,True,True,True,True,True,False,True,True
closed-234,SUI/USDT,1779322474.7654321,1779474991.123949,False,1.0845,1.0815,39.0625,-0.10805670816044669,True,True,True,True,False,True,False,True,True
closed-366,GRASS/USDT,1779336374.1308303,1780642452.1681998,False,0.33487,0.33469,39.0625,-0.020996954041868566,True,True,True,True,True,True,False,True,True
closed-231,HYPER/USDT,1779367281.709395,1779463035.761748,False,0.11465,0.11441,78.125,-0.16354121238552394,True,True,True,True,False,True,False,True,True
closed-250,POLYX/USDT,1779371457.0499516,1779522958.4610224,False,0.052928,0.0529,39.0625,-0.02066486547763017,True,True,True,True,False,True,False,True,True
closed-265,GMX/USDT,1779379343.8030367,1779746832.6661808,False,6.98,6.42,58.59375,-4.700931232091693,True,True,True,True,False,True,False,True,True
closed-249,MANTA/USDT,1779380668.1599226,1779522879.6798677,False,0.07492,0.07452,39.0625,-0.20855579284570083,True,True,True,True,False,True,False,True,True
closed-237,MON/USDT,1779394866.682503,1779478511.3668952,False,0.029253,0.0267,39.0625,-3.409105476361398,True,True,True,True,False,True,False,True,True
closed-302,XMR/USDT,1779409531.1213696,1779975620.471088,False,385.43,354.0,78.125,-6.370725553278158,True,False,False,False,False,False,False,False,False
closed-236,VIRTUAL/USDT,1779423653.5368202,1779476319.4225287,False,0.76334,0.75786,39.0625,-0.28042877354783136,True,True,True,True,True,True,False,True,True
closed-245,TURBO/USDT,1779437090.04329,1779495294.0458825,False,0.001218,0.001107,39.0625,-3.5598830049261085,True,True,True,True,True,True,False,True,True
closed-254,ZEN/USDT,1779448972.658934,1779523584.4199808,False,6.3755,5.7619,78.125,-7.519018116226178,True,False,False,False,False,False,False,False,False
closed-270,ETC/USDT,1779452180.1786182,1779816839.4395924,False,9.38,8.62,39.0625,-3.1649786780383855,True,True,True,True,False,True,False,True,True
closed-252,FIL/USDT,1779452180.1996272,1779523584.3750591,False,1.023,0.925,58.59374999999999,-5.613086510263922,True,True,True,True,True,True,False,True,True
closed-244,HYPER/USDT,1779463112.5883071,1779493958.7067578,False,0.11441,0.1049,78.125,-6.493914430556773,True,False,False,False,False,False,False,False,False
closed-259,DYDX/USDT,1779465768.6714635,1779599384.7523074,False,0.14785,0.14752,39.0625,-0.08718718295569754,True,False,False,False,False,False,False,False,False
closed-238,CHILLGUY/USDT,1779473431.8400612,1779484286.0710552,False,0.013909,0.012771,39.0625,-3.1959971960601052,True,False,False,False,False,False,False,False,False
closed-251,SPX/USDT,1779475695.0771837,1779523505.0905323,False,0.37154,0.33943,39.0625,-3.375940342897128,True,False,False,False,False,False,False,False,False
closed-253,VIRTUAL/USDT,1779476398.422606,1779523584.398067,False,0.75786,0.68627,39.0625,-3.689974896418861,True,False,False,False,False,False,False,False,False
closed-274,CHILLGUY/USDT,1779484363.0693746,1779888611.8189642,False,0.012771,0.011547,39.0625,-3.7438336856941494,True,False,False,False,False,False,False,False,False
closed-276,AIXBT/USDT,1779490603.801345,1779917879.2247138,False,0.0295,0.0295,39.062425,0.0,True,True,True,True,False,True,False,True,True
closed-279,COMP/USDT,1779491931.6795764,1779926086.2520895,False,20.105,17.966,39.0625,-4.155915816960953,True,True,True,True,False,False,False,False,False
closed-266,HYPER/USDT,1779494040.94614,1779778256.922813,False,0.1049,0.0964,39.0625,-3.1652168732125814,True,True,False,False,False,False,False,False,False
closed-350,RENDER/USDT,1779495840.1183226,1780573229.9278326,False,1.8391,1.837,39.0625,-0.04460401826980569,True,False,False,False,False,False,False,False,False
closed-257,GMT/USDT,1779518426.2256098,1779536429.7080102,False,0.012264,0.012236,19.53125,-0.04459189497716934,True,True,True,True,True,True,False,True,True
closed-263,TIA/USDT,1779522644.965285,1779659224.3488953,False,0.4058,0.4042,39.0625,-0.15401675702316317,True,False,False,False,False,False,False,False,False
closed-269,MANTA/USDT,1779522958.4372575,1779816525.2977848,False,0.07452,0.07427,39.0625,-0.13104703435319387,True,False,False,False,False,False,False,False,False
closed-273,POLYX/USDT,1779523035.2729008,1779883274.6901414,False,0.0529,0.0529,39.062418,0.0,True,False,False,False,False,False,False,False,False
closed-258,GMT/USDT,1779536509.3890045,1779549714.9153993,False,0.012236,0.0119,39.06250000000001,-1.0726544622425613,True,False,False,False,False,False,False,False,False
closed-299,BCH/USDT,1779539399.2596414,1779968412.592507,False,344.29,303.92,19.53125,-2.2901523788085627,True,False,False,False,False,False,False,True,False
closed-260,GMT/USDT,1779549791.826632,1779605634.427617,False,0.0119,0.011883,19.53125,-0.027901785714288,True,False,False,False,False,False,False,True,False
closed-278,VIRTUAL/USDT,1779567384.146958,1779918588.565261,False,0.75786,0.75482,39.0625,-0.15669120945820778,True,True,True,False,False,True,False,True,True
closed-261,SUPER/USDT,1779583775.0115345,1779622261.277075,False,0.12944,0.1188,19.53125,-1.6054735784919651,True,True,True,False,False,True,False,True,True
closed-300,DYDX/USDT,1779599461.6562934,1779968566.6076894,False,0.14752,0.14605,39.0625,-0.38924806805856804,True,True,True,False,False,True,False,False,False
closed-267,GMT/USDT,1779605711.4328637,1779790166.7978547,False,0.011883,0.010904,19.53125,-1.60911333417487,True,True,False,False,False,False,False,False,True
closed-268,SUPER/USDT,1779622340.1085007,1779812541.9477282,False,0.1188,0.1184,19.53125,-0.0657617845117841,True,False,False,False,False,False,False,False,False
closed-287,FLOKI/USDT,1779624990.4271636,1779941185.1169672,False,0.029687,0.027193,19.53125,-1.6408171084986714,True,True,True,True,True,True,False,True,True
closed-304,TIA/USDT,1779659304.3443706,1780059636.2093139,False,0.4042,0.4038,39.0625,-0.038656605640773,True,True,True,False,True,True,False,True,True
closed-264,VVV/USDT,1779667493.865621,1779742776.5032942,False,19.117,17.521,39.0625,-3.261168070303918,True,True,True,False,False,True,False,True,True
closed-311,ASTER/USDT,1779697110.1054738,1780245798.8989475,False,0.7173,0.71434,39.0625,-0.16119475812073453,True,True,True,True,True,True,True,True,True
closed-277,EIGEN/USDT,1779725268.386489,1779918191.7875473,False,0.2548,0.2334,39.0625,-3.2807594191522806,True,True,True,True,True,True,True,True,True
closed-286,ICP/USDT,1779739725.2246745,1779940477.1757786,False,2.732,2.7276,39.0625,-0.06291178623719464,True,True,True,True,True,True,False,True,True
closed-285,ZEN/USDT,1779739802.556133,1779940164.6343791,False,6.2987,5.7714,39.0625,-3.270144037658566,True,True,True,True,False,True,False,True,True
closed-271,VVV/USDT,1779742853.2241204,1779821450.7933273,False,17.521,17.518,39.0625,-0.006688402488442694,True,False,False,False,False,False,False,False,False
closed-291,VVV/USDT,1779821530.2240384,1779942594.2736003,False,17.518,16.051,39.0625,-3.2711889199680377,True,True,False,True,False,False,False,False,False
closed-282,FIL/USDT,1779840664.905889,1779938757.0458653,False,1.017,1.009,39.0625,-0.30727630285152435,True,True,True,True,False,True,False,True,True
closed-292,POLYX/USDT,1779883352.465367,1779942903.812508,False,0.0529,0.0485,39.0625,-3.24905482041588,True,True,True,True,True,True,False,True,True
closed-280,AR/USDT,1779884302.4937804,1779936877.3597102,False,2.2268,2.1933,39.0625,-0.5876566148733624,True,True,True,True,False,True,False,True,True
closed-289,AIXBT/USDT,1779917961.0039396,1779941495.7097445,False,0.0295,0.027,39.0625,-3.310381355932202,True,False,False,False,True,True,False,False,False
closed-295,EIGEN/USDT,1779918271.5856626,1779945802.9692025,False,0.2334,0.2121,39.0625,-3.5648296915167066,True,False,False,False,False,False,False,False,False
closed-340,VIRTUAL/USDT,1779918665.323609,1780538117.0546536,False,0.75482,0.68796,39.0625,-3.46005504623619,True,False,False,True,False,False,False,False,False
closed-499,XLM/USDT,1779930313.5068414,1782440152.8491635,False,0.17359,0.1735,78.125,-0.040504925398931545,True,True,True,True,True,True,True,True,True
closed-312,FIL/USDT,1779938834.8439155,1780246343.720317,False,1.009,0.927,39.0625,-3.174554013875119,True,False,False,False,False,False,False,False,False
closed-318,AERO/USDT,1779939144.4284954,1780307537.23563,False,0.4045,0.4045,39.062565,0.0,True,False,False,True,False,False,False,False,False
closed-345,ICP/USDT,1779940553.9331832,1780560147.6747177,False,2.7276,2.727,39.0625,-0.008592718873734206,True,False,False,False,False,False,False,False,False
closed-356,KAITO/USDT,1779941262.478525,1780628023.7107532,False,0.4579,0.4565,39.0625,-0.11943109849311707,True,False,True,True,True,True,False,True,True
closed-317,DASH/USDT,1779965910.833049,1780303473.059339,False,39.1,39.099,39.0625,-0.0009990409207208829,True,False,False,False,False,False,False,False,False
closed-371,DYDX/USDT,1779968648.6046681,1780659692.8181562,False,0.14605,0.14589,39.0625,-0.04279356384800294,True,False,False,True,False,False,False,False,False
closed-322,MON/USDT,1779986104.197807,1780392936.6127279,False,0.0233,0.02143,11.71875,-0.940517703862661,True,True,True,True,True,True,False,True,True
closed-329,WIF/USDT,1779989545.0272965,1780426145.8048413,False,0.18,0.179,19.53125,-0.10850694444444454,True,True,False,False,False,False,False,True,True
closed-333,BCH/USDT,1779990796.1670983,1780442485.7342012,False,303.05,268.7,19.53125,-2.213820945388551,True,True,True,True,False,True,False,True,True
closed-305,AR/USDT,1779998601.8490114,1780060962.3661745,False,2.2595,2.256,39.0625,-0.06050840894003583,True,True,False,False,False,False,False,True,True
closed-360,COMP/USDT,1779998601.883189,1780637890.9142034,False,17.835,16.336,19.53125,-1.6415667928231032,True,True,False,False,False,True,False,True,True
closed-352,VVV/USDT,1780000793.4626982,1780609831.4380522,False,16.281,16.028,19.53125,-0.3035075394631781,True,True,True,False,False,True,False,True,True
closed-325,MANTA/USDT,1780027266.8163028,1780410725.3767848,False,0.08045,0.07395,39.0625,-3.156075201988809,True,True,True,True,True,True,False,True,True
closed-328,ALGO/USDT,1780056271.1944377,1780414561.2795334,False,0.1151,0.1148,39.0625,-0.10181364031276974,True,True,True,False,False,True,False,True,True
closed-309,AR/USDT,1780061039.7187579,1780210307.0204148,False,2.256,2.2426,39.0625,-0.23202016843971385,True,False,True,False,False,True,False,False,False
closed-316,TIA/USDT,1780070498.0639005,1780294386.5296981,False,0.4217,0.3878,39.0625,-3.140191486838988,True,False,False,True,False,False,False,True,False
closed-306,HEMI/USDT,1780082379.7867532,1780087223.580587,False,0.007892,0.00722,19.53125,-1.663076533198175,True,True,True,True,True,True,False,True,True
closed-308,HEMI/USDT,1780087300.6438062,1780125485.5409384,False,0.00722,0.00718,19.53125,-0.10820637119113602,True,False,False,False,False,False,False,False,False
closed-307,HBAR/USDT,1780099864.263912,1780112823.1573186,False,0.10104,0.10045,39.0625,-0.22809654592240974,True,True,True,True,True,True,True,True,True
closed-320,HBAR/USDT,1780112900.2416558,1780325860.1925254,False,0.10045,0.092259,39.0625,-3.185275634644103,True,False,False,False,False,False,False,False,False
closed-321,HEMI/USDT,1780125567.0923514,1780367959.3310466,False,0.00718,0.007084,19.53125,-0.2611420612813363,True,True,False,False,False,False,False,True,True
closed-310,FLOKI/USDT,1780128613.9591773,1780245404.2320912,False,0.028004,0.027956,19.53125,-0.03347736037708859,True,True,True,True,False,True,False,True,True
closed-353,ZORA/USDT,1780140918.1112487,1780619120.3860178,False,0.010075,0.010055,19.53125,-0.038771712158810714,True,True,True,True,True,True,False,True,True
closed-315,XMR/USDT,1780142639.0777988,1780280709.1459181,False,390.32,359.04,39.0625,-3.130444250871078,True,True,True,True,True,True,False,True,True
closed-314,BNB/USDT,1780156970.2760699,1780279380.5345626,False,695.81,694.75,39.0625,-0.0595079835012401,True,True,True,True,True,True,True,True,True
closed-319,CAKE/USDT,1780200315.0915463,1780323123.7910113,False,1.5459,1.4221,39.0625,-3.1282343618604083,True,True,True,True,True,True,False,True,True
closed-327,AR/USDT,1780210383.7607865,1780413387.4978669,False,2.2426,2.24,39.0625,-0.045287835548019635,True,True,False,True,True,False,False,False,False
closed-323,POLYX/USDT,1780218270.4593215,1780405305.9375966,False,0.0508,0.0467,19.53125,-1.5763410433070866,True,True,True,True,False,True,False,True,True
closed-336,HYPER/USDT,1780220301.9767911,1780515131.4364152,False,0.0911,0.0838,19.53125,-1.5650727222832055,True,True,True,True,True,True,False,True,True
closed-347,ASTER/USDT,1780245875.7516365,1780560544.4881408,False,0.71434,0.657,39.0625,-3.135542948735894,True,False,False,False,False,False,False,False,False
closed-375,CC/USDT,1780252441.6498013,1780686599.8990295,False,0.15268,0.14028,78.125,-6.344969871626943,True,False,False,False,False,False,False,False,False
closed-334,BNB/USDT,1780279457.2787566,1780458351.8326552,False,694.75,632.44,39.0625,-3.5033960057574633,True,False,False,False,False,False,False,False,False
closed-335,TIA/USDT,1780294463.4956298,1780458430.8545544,False,0.3878,0.3535,39.0625,-3.4549864620938626,True,True,True,False,False,True,False,False,True
closed-341,DASH/USDT,1780315286.9651337,1780538665.1854904,False,39.268,35.41,39.0625,-3.8378100488947786,True,True,True,True,False,True,False,True,True
closed-324,JUP/USDT,1780315286.9960775,1780410725.3450868,False,0.1959,0.1948,39.0625,-0.21934022460438798,True,True,True,True,True,True,False,True,True
closed-330,GMX/USDT,1780344359.7110274,1780428890.1135218,False,6.92,6.34,39.0625,-3.274024566473989,True,True,True,True,True,True,False,True,True
closed-326,EIGEN/USDT,1780372879.4081883,1780411037.5596194,False,0.2323,0.2125,39.0625,-3.329476969436076,True,True,True,True,False,True,False,True,True
closed-331,JUP/USDT,1780410802.9788404,1780428890.1403887,False,0.1948,0.1947,39.0625,-0.020052618069812986,True,False,False,False,False,False,False,False,False
closed-376,MANTA/USDT,1780410803.0118525,1780702469.4368823,False,0.07395,0.07366,39.0625,-0.15318627450980318,True,False,False,False,False,False,False,False,False
closed-349,AR/USDT,1780413467.9145396,1780565433.8159769,False,2.24,2.239,39.0625,-0.017438616071434394,True,False,True,False,False,True,False,False,False
closed-337,ALGO/USDT,1780414645.224554,1780520140.1460428,False,0.1148,0.1055,39.0625,-3.164470818815332,True,False,False,True,False,False,False,False,False
closed-339,JUP/USDT,1780428967.944883,1780533506.1005068,False,0.1947,0.194,39.0625,-0.1404404211607614,True,True,False,False,False,False,False,False,False
closed-343,FIL/USDT,1780435849.7055304,1780539294.6461105,False,0.884,0.858,19.53125,-0.5744485294117653,True,True,True,True,True,True,False,True,True
closed-348,APT/USDT,1780450532.1929877,1780562980.2820787,False,0.8323,0.7631,19.53125,-1.623888621891146,True,False,False,False,False,False,False,True,False
closed-364,BCH/USDT,1780463668.8400123,1780642288.955696,False,253.72,222.83,11.71875,-1.4267388755320822,True,True,False,False,True,False,False,True,True
closed-338,VINE/USDT,1780472595.2568758,1780533113.755454,False,0.013524,0.012115,19.53125,-2.034866256285121,True,True,True,True,True,True,False,True,True
closed-358,ALGO/USDT,1780520219.971721,1780632087.791431,False,0.1055,0.097,19.53125,-1.5736078199052121,True,True,True,False,True,True,False,True,True
closed-342,JUP/USDT,1780533584.9660928,1780538665.224055,False,0.194,0.1766,39.0625,-3.503543814432989,True,False,True,False,False,True,False,False,False
closed-344,DASH/USDT,1780538743.2849913,1780560147.6314132,False,35.41,35.29,39.0625,-0.13237785936175941,True,False,False,False,False,False,False,False,False
closed-346,JUP/USDT,1780538743.326861,1780560147.7044039,False,0.1766,0.1766,39.062154,0.0,True,False,False,False,False,False,False,False,False
closed-365,FIL/USDT,1780553568.3404574,1780642288.983331,False,0.874,0.794,19.53125,-1.7877574370709373,True,False,False,False,False,False,False,True,False
closed-351,ICP/USDT,1780560231.4405499,1780609125.2901464,False,2.727,2.702,39.0625,-0.35810872753941936,True,True,True,True,True,True,False,True,True
closed-359,AR/USDT,1780565512.3713336,1780632327.9036822,False,2.239,2.239,39.0624896,0.0,True,True,False,False,False,False,False,True,True
closed-354,RENDER/USDT,1780574562.2184181,1780621463.9221873,False,1.853,1.833,39.0625,-0.4216135995682681,True,True,True,True,True,True,False,True,True
closed-373,VINE/USDT,1780595618.3966627,1780675305.9180002,False,0.011448,0.010505,11.71875,-0.96530234538784,True,True,False,False,False,False,False,True,True
closed-362,MON/USDT,1780596630.5717359,1780640250.1694047,False,0.020465,0.02042,11.71875,-0.025768079648179763,True,True,True,True,False,True,False,True,True
closed-363,ICP/USDT,1780609204.8660882,1780640564.553841,False,2.702,2.458,39.0625,-3.5274796447076207,True,False,False,False,False,False,False,False,False
closed-357,VVV/USDT,1780609908.4714744,1780628337.9587505,False,16.028,16.021,39.0625,-0.017059988769647986,True,False,False,True,True,False,False,False,False
closed-368,DASH/USDT,1780617552.2371874,1780648832.9644592,False,34.26,31.06,19.53125,-1.8242848803269116,True,True,False,False,True,False,False,True,True
closed-378,FLOKI/USDT,1780621776.44543,1780719427.9103153,False,2.466e-05,2.268e-05,19.53125,-1.5682025547445266,True,True,True,True,True,True,False,True,True
closed-398,KAITO/USDT,1780628100.6967885,1780972038.1104343,False,0.4565,0.4188,39.0625,-3.2259720700985772,True,True,False,False,False,False,False,False,False
closed-369,AR/USDT,1780632407.3947375,1780657506.1107903,False,2.239,2.054,39.0625,-3.227584859312193,True,False,False,True,False,False,False,False,False
closed-493,COMP/USDT,1780637971.2320273,1782322135.842024,False,16.336,16.27,19.53125,-0.07890931072477839,True,False,True,True,True,False,False,False,False
closed-372,MON/USDT,1780640328.227204,1780665157.0256732,False,0.02042,0.020378,11.71875,-0.02410320763956926,True,False,False,False,False,False,False,False,False
closed-370,GRASS/USDT,1780642531.2418017,1780659303.283602,False,0.33469,0.33452,39.0625,-0.019841121634946175,True,False,False,False,False,False,False,False,False
closed-377,ZEC/USDT,1780698411.3956475,1780716379.0809243,False,368.73,366.75,11.71875,-0.06292714181108186,True,True,False,False,True,False,False,True,True
closed-379,MANTA/USDT,1780702546.2298055,1780720913.4261227,False,0.07366,0.07334,39.0625,-0.1696986152592999,True,True,True,True,False,True,False,True,True
closed-385,ZEC/USDT,1780716456.0524187,1780739638.4511366,False,366.75,366.09,11.71875,-0.021088957055215525,True,False,False,False,False,False,False,False,False
closed-518,MANTA/USDT,1780720994.0215352,1782775445.8303735,False,0.07334,0.07311,39.0625,-0.12250306790292216,True,False,False,False,False,False,False,False,False
closed-474,MNT/USDT,1780725060.4331667,1782204857.46407,False,0.513,0.513,11.71692,0.0,True,True,True,True,True,True,True,True,True
closed-389,ZEC/USDT,1780739715.4776342,1780819275.4707325,False,366.09,396.0,11.71875,0.9574361837253142,True,True,True,False,False,True,False,True,True
closed-394,HMSTR/USDT,1780762485.204381,1780929378.3735018,False,0.000182,0.000167,39.0625,-3.2194368131868156,True,True,True,True,True,True,False,True,True
closed-390,CC/USDT,1780776866.1722734,1780861633.4109564,False,0.1598,0.15977,58.59375,-0.011000078222779297,True,True,True,True,False,True,False,True,True
closed-484,BONK/USDT,1780804971.9607763,1782307566.3573334,False,4.3e-06,4.28e-06,11.71875,-0.05450581395349015,True,True,True,True,True,True,True,True,True
closed-388,WLD/USDT,1780805048.8600054,1780819275.4326177,False,0.4472,0.4446,39.0625,-0.2271075581395341,True,False,False,True,True,True,False,True,False
closed-412,ALGO/USDT,1780817866.7060897,1781125591.1247792,False,0.0957,0.0878,11.71875,-0.967378526645767,True,True,True,True,False,True,False,True,True
closed-396,TON/USDT,1780848740.8161047,1780965398.8133206,False,1.693,1.687,19.53125,-0.06921884229178978,True,True,True,True,False,True,False,True,True
closed-405,INJ/USDT,1780848740.8612041,1781066383.5578754,False,5.323,5.316,19.53125,-0.025684529400715937,True,True,True,False,True,True,False,True,True
closed-400,STABLE/USDT,1780848740.8903265,1780991613.4720585,False,0.033945,0.031154,11.71875,-0.9635301590808664,True,True,True,True,True,True,False,True,True
closed-391,WLD/USDT,1780848740.918154,1780861633.4431522,False,0.5021,0.4591,11.71875,-1.003597390957976,True,True,False,False,False,False,False,True,True
closed-393,ZEC/USDT,1780848740.9524384,1780921226.2737222,False,421.07,417.9,11.718749999999998,-0.08822389982663259,True,True,False,True,False,True,False,True,True
open-7,SOL/USDT,1780849284.8645537,1788977626.024947,True,65.13,103.4,19.53125,11.476446146169206,True,True,True,True,True,True,True,True,True
closed-445,GMT/USDT,1780849284.8957825,1781797776.7010386,False,0.007873,0.00777,11.718749999999998,-0.15331274609424583,True,True,True,True,True,True,False,True,True
closed-397,MON/USDT,1780853431.3468208,1780966259.7181628,False,0.022041,0.020271,11.71875,-0.9410728868926095,True,True,True,True,False,True,False,True,True
closed-415,CC/USDT,1780861710.1983457,1781198553.688682,False,0.15977,0.15968,78.125,-0.04400857482631612,True,False,False,False,True,False,False,False,False
closed-392,JTO/USDT,1780862572.580509,1780895357.4620254,False,0.6002,0.6,39.0625,-0.01301649450183129,True,True,True,False,False,True,False,True,True
closed-447,NEO/USDT,1780877013.1042066,1781797853.8485532,False,2.172,2.161,19.53125,-0.098915170349909,True,True,True,True,True,True,False,True,True
closed-399,HYPER/USDT,1780884799.3267574,1780972114.9154882,False,0.0719,0.0659,19.53125,-1.6298678720445077,True,True,True,True,False,True,False,True,True
closed-408,WLD/USDT,1780891442.2119427,1781106061.031042,False,0.4802,0.4682,39.0625,-0.9761557684298218,True,True,True,False,False,False,False,True,True
closed-395,JTO/USDT,1780895434.2264848,1780961805.6441207,False,0.6,0.5997,39.0625,-0.01953124999999785,True,False,False,False,False,False,False,False,False
closed-403,ZEC/USDT,1780924123.4763584,1781046015.9085143,False,428.83,425.5,19.53125,-0.15166630716134527,True,False,True,False,False,False,False,True,False
closed-401,JTO/USDT,1780961885.2159016,1781015541.6626246,False,0.5997,0.5943,39.0625,-0.3517383691845897,True,True,False,True,False,False,False,False,False
closed-413,TON/USDT,1780977750.4549785,1781128638.4546034,False,1.718,1.566,39.0625,-3.4560535506402768,True,False,False,False,False,False,False,True,False
closed-404,PURR/USDT,1780977750.5072625,1781059963.1160386,False,0.093406,0.085847,39.0625,-3.161182766631692,True,True,True,True,True,True,False,True,True
closed-618,STABLE/USDT,1780991690.863796,1785678192.0304205,False,0.031154,0.030668,19.53125,-0.3046859953778008,True,False,False,False,False,False,False,False,False
closed-406,VVV/USDT,1780992237.9547663,1781070077.1360483,False,15.906,14.582,39.0625,-3.251524581918772,True,True,True,True,False,True,False,True,True
closed-411,ONDO/USDT,1781006521.7861316,1781124734.3215964,False,0.3619,0.3328,39.0625,-3.140974716772591,True,True,True,True,False,True,False,True,True
closed-402,MORPHO/USDT,1781007012.335147,1781018840.363774,False,1.972,1.813,39.0625,-3.149562626774849,True,True,True,True,True,True,False,True,True
closed-416,JTO/USDT,1781015618.4976344,1781198875.4874375,False,0.5943,0.546,39.0625,-3.1746908127208484,True,False,True,False,False,True,False,False,False
closed-455,MORPHO/USDT,1781018917.1475198,1781994392.6052916,False,1.813,1.804,39.0625,-0.1939120242691649,True,False,False,False,False,False,False,False,False
closed-476,FLOKI/USDT,1781024495.8729692,1782210741.1939223,False,2.39e-05,2.389e-05,11.71875,-0.004903242677825052,True,True,True,True,False,True,False,True,True
closed-471,ZEC/USDT,1781046092.6491144,1782195930.327683,False,425.5,421.73,39.0625,-0.34610017626321804,True,True,False,False,False,True,False,False,True
closed-410,PURR/USDT,1781060040.2168622,1781111403.2792373,False,0.085847,0.085776,39.0625,-0.03230674921663032,True,False,False,False,False,False,False,False,False
closed-417,INJ/USDT,1781066462.287193,1781269998.791496,False,5.316,5.298,39.0625,-0.1322658013544003,True,False,False,True,False,False,False,False,False
closed-478,GMX/USDT,1781067878.30476,1782272558.0493996,False,5.5,5.49,19.53125,-0.035511363636362876,True,True,True,True,True,True,False,True,True
closed-407,VVV/USDT,1781070153.975006,1781093061.1330378,False,14.582,13.346,39.0625,-3.3110170072692373,True,False,False,False,False,False,False,False,False
closed-419,HMSTR/USDT,1781079430.8631015,1781294167.509449,False,0.0001905,0.0001902,39.0625,-0.061515748031497564,True,True,True,False,False,True,False,True,True
closed-409,VVV/USDT,1781093142.842895,1781110295.3144817,False,13.346,13.309,39.0625,-0.10829555672111732,True,True,False,False,False,False,False,False,False
closed-418,WLD/USDT,1781106138.7390845,1781279890.6814506,False,0.4682,0.467,39.0625,-0.10011747116616651,True,False,False,True,False,True,False,False,False
closed-477,VVV/USDT,1781110381.8114567,1782213247.8678756,False,13.309,13.217,39.0625,-0.2700240438800775,True,False,False,False,False,False,False,False,False
closed-486,PURR/USDT,1781111481.4287086,1782310299.9425209,False,0.085776,0.085774,39.0625,-0.0009108025554942887,True,True,False,False,False,False,False,False,False
closed-463,ONDO/USDT,1781124812.938304,1782083691.6055033,False,0.3328,0.3312,39.0625,-0.18780048076922962,True,False,False,False,False,False,False,False,False
open-8,AERO/USDT,1781136137.2795494,1788977626.024947,True,0.3319,0.56856,19.53125,13.926681605905392,True,True,True,True,True,True,False,True,True
closed-488,FIL/USDT,1781137083.6482263,1782316266.154491,False,0.74,0.738,19.53125,-0.052787162162162206,True,True,True,True,False,True,False,True,True
closed-428,TON/USDT,1781150672.3078358,1781619378.1281703,False,1.655,1.655,39.0624685,0.0,True,True,True,True,False,True,False,True,True
closed-551,GRASS/USDT,1781165621.0111458,1783485518.482134,False,0.35831,0.35601,39.0625,-0.250743071641877,True,True,True,True,False,True,False,True,True
closed-448,CC/USDT,1781198630.8665433,1781799501.5079346,False,0.15968,0.15933,58.59375,-0.12843068950400405,True,True,True,True,False,True,False,False,False
closed-578,JTO/USDT,1781198952.8577979,1784295368.3096151,False,0.546,0.5443,39.0625,-0.12162316849817098,True,True,False,True,False,False,False,False,False
closed-525,TRX/USDT,1781222789.8279817,1782835783.6807966,False,0.3163,0.3163,19.531525000000002,0.0,True,True,False,False,True,False,False,True,True
closed-438,INJ/USDT,1781270075.9554796,1781755143.434824,False,5.298,5.286,39.0625,-0.08847678369196259,True,True,True,False,False,True,False,False,False
closed-500,WLD/USDT,1781279968.0123768,1782440309.5588295,False,0.467,0.4651,39.0625,-0.158926659528909,True,True,True,False,False,False,False,False,False
closed-420,HMSTR/USDT,1781294244.4056485,1781318024.789983,False,0.0001902,0.0001881,39.0625,-0.43128943217665544,True,False,False,True,False,False,False,False,False
closed-421,HMSTR/USDT,1781318101.7923648,1781349771.570596,False,0.0001881,0.0001862,39.0625,-0.39457070707070546,True,True,False,False,False,False,False,False,False
closed-422,HMSTR/USDT,1781349850.3747308,1781386159.207586,False,0.0001862,0.0001713,39.0625,-3.1258391514500556,True,False,False,False,False,False,False,False,False
closed-424,TAO/USDT,1781366951.6642995,1781441671.8776052,False,264.0,263.6,19.53125,-0.02959280303030135,True,True,True,True,True,True,False,True,True
closed-423,KAITO/USDT,1781381308.0824552,1781426617.7544963,False,0.4493,0.4321,39.0625,-1.4953817048742484,True,True,True,True,True,True,False,True,True
closed-429,TRUMP/USDT,1781419887.7816548,1781620246.954348,False,2.066,1.865,11.71875,-1.1401107212003865,True,True,True,True,True,True,False,True,True
closed-492,KAITO/USDT,1781426694.878563,1782322057.7519968,False,0.4321,0.4315,39.0625,-0.05424091645452347,True,False,False,False,False,False,False,False,False
closed-425,HMSTR/USDT,1781432657.3822312,1781445127.705217,False,0.0001687,0.0001683,11.71875,-0.027786010669828772,True,True,True,False,False,True,False,True,True
closed-426,TAO/USDT,1781441751.2332273,1781560616.6031454,False,263.6,262.8,19.53125,-0.059275417298938635,True,False,False,False,False,False,False,False,False
closed-444,BRETT/USDT,1781484103.0187473,1781797776.6627865,False,0.006592,0.006469,19.53125,-0.36443321450242677,True,True,True,True,True,True,False,True,True
closed-427,HMSTR/USDT,1781495628.2900639,1781562648.7272778,False,0.0001578,0.0001563,11.71875,-0.11139496197718501,True,True,False,True,False,False,False,True,True
closed-435,JUP/USDT,1781496566.8399804,1781725508.734591,False,0.1868,0.1866,39.0625,-0.04182280513918749,True,True,True,True,True,True,False,True,True
closed-440,DASH/USDT,1781511128.6411324,1781756317.3188424,False,38.87,35.48,39.0625,-3.406788654489324,True,True,True,True,True,True,False,True,True
closed-433,RENDER/USDT,1781525227.2752872,1781688224.4482737,False,1.851,1.701,39.0625,-3.165518638573742,True,True,True,True,True,True,False,True,True
closed-432,EIGEN/USDT,1781539897.3976665,1781688224.4100766,False,0.2247,0.206,39.0625,-3.250862260792171,True,True,True,True,True,True,False,True,True
closed-441,TAO/USDT,1781560693.3918128,1781759766.0249019,False,262.8,240.6,19.53125,-1.649900114155252,True,True,True,False,False,True,False,False,False
closed-439,SPX/USDT,1781581996.958385,1781755456.660274,False,0.3955,0.394,19.53125,-0.07407553729456391,True,True,True,True,True,True,False,True,True
closed-473,TON/USDT,1781619456.8627863,1782202823.8203738,False,1.655,1.627,78.125,-1.3217522658610283,True,False,False,False,True,True,False,False,False
open-9,XMR/USDT,1781620634.1056354,1788977626.024947,True,307.76,511.56,19.53125,12.933678028333768,True,True,True,True,True,True,False,True,True
closed-475,TRUMP/USDT,1781643170.3853374,1782204857.5084453,False,1.927,1.74,11.71875,-1.137211338868708,True,True,False,False,False,False,False,True,True
closed-452,ADA/USDT,1781648169.7057853,1781855349.639915,False,0.1736,0.1589,11.71875,-0.9923135080645155,True,True,True,True,True,True,True,True,True
closed-430,TIA/USDT,1781655383.7623835,1781683909.339422,False,0.4013,0.4001,39.0625,-0.11680787440817136,True,True,True,True,True,True,False,True,True
closed-443,PENDLE/USDT,1781669798.6333141,1781797699.9003377,False,1.489,1.365,39.0625,-3.253022162525187,True,True,True,True,True,True,False,True,True
closed-431,UNI/USDT,1781669798.6692238,1781686969.2943594,False,3.502,3.499,39.0625,-0.03346302113077873,True,True,True,True,True,True,False,True,True
closed-453,MON/USDT,1781678652.6327553,1781923895.1688101,False,0.022163,0.020357,19.53125,-1.591546158011098,True,True,True,True,True,True,False,True,True
closed-454,TIA/USDT,1781683986.511117,1781964757.2967975,False,0.4001,0.3672,39.0625,-3.2120876030992234,True,False,False,False,False,False,False,False,False
closed-434,UNI/USDT,1781687046.3310697,1781707274.9664147,False,3.499,3.206,39.0625,-3.271023863961133,True,False,False,False,False,False,False,False,False
closed-437,ASTER/USDT,1781698028.55902,1781753111.565304,False,0.702,0.688,58.59375000000001,-1.168536324786326,True,True,True,True,True,True,False,True,True
closed-436,XPL/USDT,1781714241.8100111,1781734104.0405247,False,0.1174,0.1074,39.0625,-3.327299829642251,True,True,True,True,True,True,True,True,True
closed-451,JUP/USDT,1781725585.9166477,1781844929.177743,False,0.1866,0.1866,39.062844,0.0,True,False,False,False,False,False,False,False,False
closed-446,XPL/USDT,1781734186.116755,1781797776.7421703,False,0.1074,0.0988,39.0625,-3.127909683426442,True,False,False,False,False,False,False,False,False
closed-449,ASTER/USDT,1781753188.3582222,1781816937.9810154,False,0.688,0.632,58.59375,-4.769258720930229,True,False,False,False,False,False,False,False,False
closed-459,INJ/USDT,1781755220.4668584,1782076282.4848769,False,5.286,4.828,58.59375000000001,-5.076794835414294,True,False,False,True,True,False,False,False,False
closed-442,SPX/USDT,1781755536.6258676,1781784326.5060375,False,0.394,0.3939,39.0625,-0.009914340101527254,True,False,False,False,False,False,False,False,False
closed-450,SPX/USDT,1781784404.4443314,1781839213.6170504,False,0.3939,0.361,39.0625,-3.262645976136074,True,True,False,False,False,False,False,False,False
closed-562,ICP/USDT,1781798795.8786416,1783907075.4922898,False,2.22,2.218,19.53125,-0.01759572072072269,True,True,True,True,True,True,False,True,True
closed-516,CC/USDT,1781799580.621487,1782717898.5487106,False,0.15933,0.14632,39.0625,-3.189626090503984,True,False,False,False,False,False,False,False,False
closed-490,EIGEN/USDT,1781827637.6596103,1782321901.740753,False,0.2232,0.2231,39.0625,-0.01750112007168752,True,True,True,False,False,True,False,True,True
closed-472,SPX/USDT,1781839295.3156152,1782197183.3974736,False,0.361,0.3602,39.0625,-0.08656509695290507,True,False,False,False,False,False,False,False,False
closed-589,JUP/USDT,1781845006.1253214,1784830637.0347471,False,0.1866,0.1866,39.062844,0.0,True,True,True,False,False,True,False,True,True
closed-466,ANIME/USDT,1781938266.5400033,1782108505.9037323,False,0.00316,0.0029,11.71875,-0.9642009493670896,True,True,True,True,True,True,False,True,True
closed-457,ACE/USDT,1781987683.2156267,1782042222.9233708,False,0.0883,0.0883,11.719176000000001,0.0,True,True,True,True,True,True,False,True,True
closed-456,TNSR/USDT,1782024916.566551,1782029802.481798,False,0.0475,0.0467,11.71875,-0.1973684210526321,True,True,True,True,True,True,False,True,True
closed-458,TNSR/USDT,1782029879.6087623,1782055753.4721887,False,0.0467,0.0453,19.53125,-0.5855192719486075,True,False,False,False,False,False,False,False,False
closed-460,ACE/USDT,1782042299.9780567,1782077840.2000644,False,0.0883,0.0809,11.71875,-0.9820922989807478,True,False,False,False,False,True,False,False,False
closed-462,RESOLV/USDT,1782055831.1045032,1782081038.0455616,False,0.0213,0.0213,19.531248,0.0,True,True,True,True,True,True,True,True,True
closed-461,TNSR/USDT,1782055831.147073,1782079634.7556982,False,0.0453,0.0453,19.531095,0.0,True,True,False,False,False,False,False,False,False
closed-482,INJ/USDT,1782076359.274131,1782299440.18698,False,4.828,4.402,39.0625,-3.44669117647059,True,True,True,False,False,True,False,False,False
closed-464,TNSR/USDT,1782079713.4583213,1782096359.5255268,False,0.0453,0.0452,39.0625,-0.08623068432671328,True,False,False,False,False,False,False,False,False
closed-480,ONDO/USDT,1782083770.3642125,1782296628.2543497,False,0.3312,0.3036,78.125,-6.51041666666667,True,True,True,True,True,True,False,False,False
closed-465,TNSR/USDT,1782096436.586478,1782101284.31836,False,0.0452,0.0449,39.0625,-0.2592643805309689,True,True,False,False,False,False,False,False,False
closed-467,TNSR/USDT,1782101361.3866467,1782112028.801026,False,0.0449,0.0444,39.0625,-0.4349944320712698,True,False,False,False,False,False,False,False,False
closed-468,TNSR/USDT,1782112105.8342805,1782125050.2162917,False,0.0444,0.0405,39.0625,-3.431165540540541,True,False,False,False,False,False,False,False,False
closed-470,TNSR/USDT,1782125129.3094091,1782192643.408197,False,0.0405,0.0366,39.0625,-3.7615740740740744,True,True,True,False,False,True,False,False,False
closed-469,HMSTR/USDT,1782129819.8315377,1782167264.0557892,False,0.0001873,0.0001714,39.0625,-3.3160371062466645,True,True,True,True,True,True,False,True,True
closed-483,TIA/USDT,1782129978.7034001,1782300615.0828214,False,0.3989,0.3658,58.59375000000001,-4.86200332163449,True,True,True,True,False,True,False,True,True
closed-485,HMSTR/USDT,1782167343.016188,1782307566.4055617,False,0.0001714,0.0001558,39.0625,-3.555280046674446,True,False,False,False,False,False,False,False,False
closed-512,ZEC/USDT,1782196007.5979333,1782627693.8934581,False,421.73,386.58,39.0625,-3.255748642496387,True,False,True,True,True,False,False,True,False
closed-487,SPX/USDT,1782197260.4713876,1782316189.3350904,False,0.3602,0.33,78.125,-6.55018045530261,True,True,True,True,False,True,False,True,True
open-10,TON/USDT,1782202901.1267948,1788977626.024947,True,1.627,1.3824999999999998,78.125,-11.74035802089736,True,True,True,True,False,False,False,True,True
closed-481,VVV/USDT,1782213327.6637526,1782298271.587977,False,13.217,13.212,39.0625,-0.014777370053721005,True,True,True,True,True,True,False,True,True
open-11,ADA/USDT,1782241541.382184,1788977626.024947,True,0.1503,0.21699,11.71875,5.199756736526947,True,True,True,True,False,True,False,True,True
closed-479,DYDX/USDT,1782244900.9432364,1782280535.8790503,False,0.14497,0.14443,39.0625,-0.14550424225701464,True,True,True,True,True,True,False,True,True
closed-497,FLOKI/USDT,1782253102.0016835,1782400857.407692,False,2.394e-05,2.172e-05,11.71875,-1.08670112781955,True,True,False,False,True,False,False,True,True
closed-533,DYDX/USDT,1782280613.1490574,1782935738.2110736,False,0.14443,0.14417,39.0625,-0.07031953195319808,True,False,False,False,False,False,False,False,False
closed-496,MNT/USDT,1782287178.8402944,1782398279.1588776,False,0.5156,0.4676,19.53125,-1.8182699767261417,True,True,False,False,False,True,False,True,True
closed-489,TNSR/USDT,1782292564.161693,1782316342.9946194,False,0.0373,0.0342,11.71875,-0.9739443699731899,True,True,True,True,False,True,False,True,True
closed-491,VVV/USDT,1782298348.5622876,1782321901.7944577,False,13.212,11.952,39.0625,-3.725306539509536,True,False,False,False,False,False,False,False,False
closed-494,SNX/USDT,1782302805.6669137,1782361915.5667276,False,0.232,0.213,19.53125,-1.59954202586207,True,True,True,True,True,True,False,True,True
closed-495,EIGEN/USDT,1782321978.7651064,1782395459.1508582,False,0.2231,0.2193,39.0625,-0.6653406544150601,True,False,False,True,True,False,False,False,False
closed-537,VVV/USDT,1782321978.8175585,1783210419.7806642,False,11.952,11.951,39.0625,-0.003268281459168202,True,True,False,False,False,False,False,False,False
closed-501,FIL/USDT,1782326052.0353303,1782442116.2722187,False,0.714,0.711,19.53125,-0.08206407563025218,True,False,False,False,True,False,False,True,False
closed-509,GMX/USDT,1782388577.929521,1782589172.2939653,False,5.42,5.42,11.718582000000001,0.0,True,True,True,False,False,True,False,True,True
closed-498,TNSR/USDT,1782395770.280907,1782421030.8284562,False,0.04,0.04,19.5312,0.0,True,True,False,False,False,False,False,True,True
closed-502,TNSR/USDT,1782421107.6740909,1782467670.9066439,False,0.04,0.0396,19.53125,-0.1953124999999988,True,False,True,False,False,True,False,False,False
closed-567,FLOKI/USDT,1782437887.1031537,1783966937.5194724,False,2.184e-05,2.171e-05,11.71875,-0.06975446428571454,True,True,True,True,False,True,False,True,True
closed-633,SNX/USDT,1782439840.2201767,1786521494.771543,False,0.2,0.2,19.532,0.0,True,True,False,False,False,False,False,True,True
closed-513,MNT/USDT,1782443601.6444745,1782653887.2040994,False,0.4252,0.4239,19.53125,-0.05971454609595592,True,True,True,True,False,False,False,True,True
closed-514,ZORA/USDT,1782449237.0781515,1782676739.1782258,False,0.007257,0.00725,11.71875,-0.011303741215378355,True,True,True,True,True,True,False,True,True
closed-503,TNSR/USDT,1782467752.901514,1782485014.402067,False,0.0396,0.0396,78.12486,0.0,True,True,False,False,False,False,False,True,True
closed-540,TRUMP/USDT,1782472045.1479235,1783310153.78301,False,1.685,1.668,11.71875,-0.118230712166173,True,True,True,True,True,True,False,True,True
closed-507,TNSR/USDT,1782485091.1591263,1782576192.2281892,False,0.0396,0.0364,19.53125,-1.578282828282829,True,False,False,False,False,False,False,False,False
closed-634,KAITO/USDT,1782489700.1778343,1786528914.4274104,False,0.5354,0.5334,39.0625,-0.14591893911094522,True,True,True,True,True,True,False,True,True
closed-523,AAVE/USDT,1782518977.869402,1782822529.5936563,False,95.72,87.74,58.59374999999999,-4.884852956539909,True,True,True,True,True,True,True,True,True
closed-504,ARK/USDT,1782530149.9213119,1782534998.047298,False,0.1235,0.1222,11.71875,-0.12335526315789434,True,True,True,True,True,True,False,True,True
closed-505,ARK/USDT,1782535074.811439,1782545145.8500192,False,0.1222,0.12,11.71875,-0.21097585924713655,True,False,False,False,False,False,False,False,False
closed-506,ARK/USDT,1782545222.6997936,1782553448.8724885,False,0.12,0.12,11.719199999999999,0.0,True,False,False,False,False,False,False,False,False
closed-510,INJ/USDT,1782547497.3253458,1782602451.3831408,False,5.051,4.645,39.0625,-3.13984854484261,True,True,True,True,False,True,False,True,True
closed-508,ARK/USDT,1782553528.540325,1782586045.2502284,False,0.12,0.1102,11.71875,-0.9570312499999992,True,True,False,False,False,False,False,False,False
closed-577,HMSTR/USDT,1782561809.6411333,1784276841.5511644,False,0.0001796,0.000179,39.0625,-0.13049832962138402,True,True,True,True,False,True,False,True,True
closed-515,TNSR/USDT,1782576273.5325296,1782693545.4446588,False,0.0364,0.0334,19.53125,-1.6097184065934078,True,True,True,True,False,True,False,True,True
closed-511,ARK/USDT,1782598625.3752367,1782606984.8378494,False,0.1151,0.1126,11.71875,-0.25453410078192756,True,False,False,False,False,False,False,True,True
closed-539,INJ/USDT,1782602534.0422215,1783245830.5549586,False,4.645,4.63,39.0625,-0.12614370290634827,True,False,False,False,False,False,False,False,False
closed-529,ARK/USDT,1782607061.778845,1782868382.2392437,False,0.1126,0.1033,11.71875,-0.9678896536412079,True,True,False,False,False,False,False,False,False
closed-517,EIGEN/USDT,1782619330.2867289,1782742947.0964587,False,0.2443,0.2241,39.0625,-3.2298915268112975,True,True,True,True,False,True,False,True,True
closed-522,POLYX/USDT,1782667354.2106571,1782819787.0250742,False,0.0356,0.0355,19.53125,-0.05486306179775438,True,True,True,True,True,True,False,True,True
closed-519,ANIME/USDT,1782725422.1525645,1782781461.7999372,False,0.003,0.00275,19.53125,-1.6276041666666683,True,True,True,True,True,True,False,True,True
closed-532,TNSR/USDT,1782726984.6112034,1782909363.4558568,False,0.0348,0.0346,19.53125,-0.11224856321839012,True,True,False,False,True,False,False,True,True
closed-527,TIA/USDT,1782734495.152051,1782851197.282342,False,0.3888,0.3573,39.0625,-3.164785879629626,True,True,True,True,True,True,False,True,True
closed-531,WLD/USDT,1782734736.8752205,1782889808.052212,False,0.4291,0.3914,39.0625,-3.4319651596364444,True,True,True,True,True,True,False,True,True
closed-526,EIGEN/USDT,1782743034.093945,1782836720.8499415,False,0.2241,0.2056,39.0625,-3.2247043730477447,True,False,False,False,False,False,False,False,False
closed-528,SPX/USDT,1782763349.1429372,1782868382.1791084,False,0.3617,0.3322,39.0625,-3.1859102847663836,True,True,True,True,True,True,False,True,True
closed-555,PURR/USDT,1782763582.1987953,1783501659.5404692,False,0.09019,0.09017,39.0625,-0.008662268544187151,True,True,True,True,True,True,False,True,True
closed-520,MANTA/USDT,1782775525.6080556,1782796709.0147135,False,0.07311,0.06722,19.53125,-1.5735065312542722,True,True,True,True,True,True,False,True,True
closed-542,MORPHO/USDT,1782777709.8485007,1783340812.5105824,False,1.889,1.88,58.59375,-0.27916556379036894,True,True,True,True,True,True,False,True,True
closed-553,XLM/USDT,1782792163.6886702,1783499830.1868224,False,0.1834,0.1833,39.0625,-0.021299073064343806,True,True,True,True,False,True,False,True,True
closed-524,MANTA/USDT,1782796789.1480525,1782835307.4936357,False,0.06722,0.06705,19.53125,-0.04939471139541904,True,False,False,False,False,False,False,False,False
closed-521,HYPER/USDT,1782803358.4710279,1782813842.3199892,False,0.0815,0.0735,19.53125,-1.917177914110431,True,True,True,True,True,True,False,True,True
closed-530,MANTA/USDT,1782835385.7439444,1782889103.5014436,False,0.06705,0.06158,11.71875,-0.9560262863534669,True,True,False,False,False,False,False,False,False
closed-534,WLD/USDT,1782889886.7447116,1782947365.2174633,False,0.3914,0.3597,39.0625,-3.163723173224323,True,False,False,False,False,False,False,False,False
closed-561,TNSR/USDT,1782909443.4486635,1783817416.9472172,False,0.0346,0.0317,19.53125,-1.6370122832369942,True,False,True,True,False,True,False,False,False
open-12,ZEC/USDT,1782921827.397061,1788977626.024947,True,416.67,1276.7,39.0625,80.62716748266014,True,True,True,True,False,True,False,True,True
closed-535,DYDX/USDT,1782935814.9542885,1782950486.9557188,False,0.14417,0.14356,78.125,-0.3305559409031002,True,True,True,True,True,True,False,False,False
closed-536,DYDX/USDT,1782950566.199295,1783021468.2881973,False,0.14356,0.13008,39.0625,-3.6678914739481723,True,False,False,False,False,False,False,False,False
closed-548,SPX/USDT,1782964954.8542264,1783474739.9622746,False,0.3698,0.3678,39.0625,-0.21126284478096286,True,True,True,False,False,True,False,True,True
closed-570,ONDO/USDT,1782964954.9056075,1784001153.71905,False,0.3326,0.3059,58.59375,-4.703707531569453,True,True,True,True,True,True,False,True,True
closed-564,PENDLE/USDT,1782964954.9500952,1783951693.273017,False,1.473,1.47,39.0625,-0.07955702647658142,True,True,True,True,True,True,False,True,True
closed-545,WLD/USDT,1783008724.4264107,1783429917.0543213,False,0.3884,0.3883,19.53125,-0.005028643151392557,True,True,True,False,False,True,False,True,True
open-13,MANA/USDT,1783065786.1920292,1788977626.024947,True,0.0892,0.075335,19.53125,-3.0358831978699556,True,True,True,True,True,True,True,True,True
closed-557,TIA/USDT,1783080734.6087062,1783694017.2701447,False,0.4033,0.3998,39.0625,-0.3390001239771885,True,True,True,True,False,True,False,True,True
closed-538,XPL/USDT,1783181278.1669436,1783222515.2749093,False,0.11306,0.10339,39.0625,-3.3410080930479387,True,True,True,True,True,True,False,True,True
closed-550,EIGEN/USDT,1783195415.784594,1783477476.1922414,False,0.2375,0.2151,39.0625,-3.684210526315786,True,True,True,True,True,True,False,True,True
closed-544,VVV/USDT,1783210498.5423172,1783400481.4923732,False,11.951,10.981,19.53125,-1.5852491423311865,True,False,True,True,True,True,False,True,True
closed-554,INJ/USDT,1783245907.8973312,1783500147.1278055,False,4.63,4.629,39.06249999999999,-0.008436825053998497,True,True,True,True,True,True,False,False,False
closed-746,TRX/USDT,1783267758.6527386,1788265018.46211,False,0.3298,0.32603,39.0625,-0.44653009399636084,True,True,True,True,False,True,False,True,True
closed-541,TRB/USDT,1783282670.9326565,1783318835.237354,False,17.64,17.33,39.0625,-0.6864725056689392,True,True,True,True,True,True,False,True,True
closed-547,XPL/USDT,1783311173.1689131,1783461350.304136,False,0.11141,0.10183,39.0625,-3.358933219639168,True,True,True,False,False,True,False,True,True
closed-543,TRB/USDT,1783318915.7684035,1783382359.4143524,False,17.33,17.29,39.0625,-0.0901615695326005,True,False,False,False,False,False,False,False,False
closed-546,MINA/USDT,1783328794.9097502,1783434382.0334232,False,0.0482,0.0482,19.531122,0.0,True,True,True,True,True,True,False,True,True
closed-584,MORPHO/USDT,1783340889.309969,1784735938.489676,False,1.88,1.838,58.59375,-1.3090093085106327,True,False,False,False,False,False,False,False,False
closed-549,AAVE/USDT,1783353963.244336,1783476305.4545834,False,96.29,88.35,58.59375,-4.831595960120477,True,True,True,True,False,True,False,True,True
closed-552,TRB/USDT,1783382436.6886806,1783499517.212918,False,17.29,15.87,39.0625,-3.2081405436668597,True,True,False,False,False,False,False,False,False
closed-556,CHILLGUY/USDT,1783426321.381625,1783515924.2272174,False,0.011557,0.010578,39.0625,-3.3090064463095925,True,True,True,True,True,True,False,True,True
closed-568,WLD/USDT,1783429994.1111078,1783978264.5019224,False,0.3883,0.387,39.0625,-0.13077839299510363,True,False,False,True,False,False,False,False,False
closed-558,SPX/USDT,1783474817.6336842,1783745693.8987424,False,0.3678,0.3676,39.0625,-0.021241163675914377,True,False,False,True,True,False,False,False,False
closed-559,EIGEN/USDT,1783498504.649774,1783811667.213698,False,0.2303,0.2301,39.0625,-0.03392314372557631,True,True,False,False,False,False,False,True,True
closed-608,INJ/USDT,1783500224.043421,1785228289.1749642,False,4.629,4.628,78.12500000000001,-0.016877295312153102,True,False,False,False,False,False,False,False,False
closed-565,PURR/USDT,1783501736.5366185,1783953720.2627656,False,0.09017,0.080735,78.125,-8.174663136298102,True,False,False,False,False,False,False,False,False
closed-644,VINE/USDT,1783519376.4246707,1786685601.1118605,False,0.006582,0.006559,11.718749999999998,-0.04094974931631803,True,True,True,True,True,True,False,True,True
closed-587,MNT/USDT,1783526333.6290555,1784813605.9724176,False,0.4127,0.4096,11.71875,-0.0880255027865275,True,True,True,True,True,True,False,True,True
closed-645,UNI/USDT,1783541496.437711,1786706698.111975,False,3.312,3.278,58.59375,-0.6015058876811561,True,True,True,True,True,True,False,True,True
closed-560,TIA/USDT,1783694096.9113834,1783814833.41451,False,0.3998,0.3992,78.125,-0.11724612306152869,True,False,False,False,True,False,False,False,False
closed-563,AAVE/USDT,1783699588.7760444,1783912787.8880975,False,95.12,94.97,39.0625,-0.06159982127838753,True,True,True,True,True,True,False,True,True
closed-569,SPX/USDT,1783745770.6786392,1783978810.6312048,False,0.3676,0.337,39.0625,-3.2516662132752954,True,True,True,False,False,True,False,True,True
closed-574,TIA/USDT,1783814910.428525,1784244252.228994,False,0.3992,0.3986,39.0625,-0.058711172344688346,True,True,True,False,False,True,False,False,False
closed-586,XLM/USDT,1783843469.8249702,1784776827.9363382,False,0.1855,0.1855,39.06259,0.0,True,True,True,True,True,True,False,True,True
closed-566,GRASS/USDT,1783857784.7628722,1783959268.8145323,False,0.4004,0.3678,39.0625,-3.180413336663333,True,True,True,True,True,True,False,True,True
closed-571,AAVE/USDT,1783912867.1508985,1784187609.8595476,False,94.97,94.88,39.0625,-0.037018268927030994,True,False,False,False,False,False,False,False,False
closed-598,PENDLE/USDT,1783951770.1176422,1784951456.5636504,False,1.47,1.468,39.0625,-0.053146258503401406,True,False,False,False,False,False,False,False,False
closed-575,EIGEN/USDT,1783972876.986496,1784252606.6763475,False,0.239,0.2386,39.0625,-0.06537656903765425,True,True,True,True,False,True,False,True,True
closed-576,WLD/USDT,1783978344.11361,1784252938.8962076,False,0.387,0.3863,39.0625,-0.0706556847545254,True,True,True,False,True,True,False,True,True
closed-573,SPX/USDT,1784088051.9300985,1784241122.761277,False,0.3856,0.354,39.0625,-3.2011799792531135,True,True,True,True,False,True,False,True,True
closed-617,LDO/USDT,1784088212.0616543,1785556959.2318945,False,0.3356,0.3355,58.59375,-0.01745940107270368,True,True,True,True,True,True,False,True,True
closed-572,BONK/USDT,1784095661.7755017,1784227618.7894104,False,3.77e-06,3.43e-06,19.53125,-1.7614389920424385,True,True,True,True,True,True,False,True,True
closed-639,ONDO/USDT,1784132258.6563902,1786562521.047088,False,0.3306,0.3304,39.0625,-0.02363127646702704,True,True,True,False,False,True,False,True,True
closed-612,AAVE/USDT,1784187686.8724587,1785359521.1913064,False,94.88,94.75,39.0625,-0.05352155354131347,True,True,True,True,False,True,False,False,False
closed-579,BONK/USDT,1784227695.5336182,1784322218.8924866,False,3.43e-06,3.15e-06,19.53125,-1.5943877551020422,True,False,False,False,False,False,False,False,False
closed-580,TIA/USDT,1784244329.0080886,1784348422.7088838,False,0.3986,0.3657,39.0625,-3.224175238334168,True,False,False,True,False,False,False,True,True
closed-591,EIGEN/USDT,1784252683.4661775,1784843755.674021,False,0.2386,0.2195,39.0625,-3.126964585079632,True,False,False,False,True,False,False,False,False
closed-583,WLD/USDT,1784253015.6607482,1784529556.992992,False,0.3863,0.3543,39.0625,-3.2358270774009816,True,False,False,True,False,False,False,False,False
closed-581,BONK/USDT,1784322295.6699743,1784383573.5107415,False,3.15e-06,2.88e-06,19.53125,-1.6741071428571423,True,True,True,False,False,True,False,True,True
closed-593,VVV/USDT,1784361783.1890852,1784856740.5948238,False,11.686,11.686,19.5308118,0.0,True,True,True,True,True,True,False,True,True
closed-595,BONK/USDT,1784383652.5036864,1784904622.5043054,False,2.88e-06,2.88e-06,19.53124992,0.0,True,False,False,False,False,False,False,False,False
closed-582,ACE/USDT,1784391140.54845,1784410220.3752396,False,0.0728,0.0651,11.71875,-1.239483173076923,True,True,True,True,True,True,False,True,True
closed-613,GMX/USDT,1784405001.5358257,1785374521.4169087,False,6.47,6.46,39.0625,-0.06037480680061695,True,True,True,True,True,True,False,True,True
closed-614,ACE/USDT,1784425433.8558912,1785440314.5863576,False,0.0633,0.063,11.71875,-0.05553909952606538,True,True,False,False,False,False,False,True,True
closed-607,NEO/USDT,1784430110.1912744,1785200896.6825247,False,2.054,1.88,19.53125,-1.6545460077896785,True,True,True,True,True,True,False,True,True
closed-599,PUMP/USDT,1784491398.7413979,1784967081.5608354,False,0.001787,0.00177,39.0625,-0.3716074426412954,True,True,True,True,True,True,False,True,True
closed-588,WLD/USDT,1784563727.2436152,1784818839.68644,False,0.3744,0.3744,39.061152,0.0,True,True,True,False,False,True,False,True,True
closed-585,JTO/USDT,1784620884.6568456,1784772770.4061735,False,0.6063,0.6059,39.0625,-0.02577107042717843,True,True,True,True,True,True,False,True,True
closed-592,SPX/USDT,1784693278.8365808,1784853848.4543345,False,0.3687,0.3375,39.0625,-3.30553295362083,True,True,True,True,True,True,False,True,True
closed-590,GRASS/USDT,1784707267.7851388,1784835954.3890827,False,0.38645,0.35479,19.53125,-1.6001018889895207,True,True,True,True,True,True,False,True,True
closed-603,POLYX/USDT,1784722098.1613133,1785164428.3066978,False,0.038,0.0348,19.53125,-1.6447368421052642,True,True,True,True,True,True,False,True,True
open-14,MORPHO/USDT,1784736018.3896747,1788977626.024947,True,1.838,2.3518,39.0625,10.919647714907505,True,True,True,True,True,True,False,True,True
closed-594,JTO/USDT,1784772849.229516,1784898449.7931354,False,0.6059,0.6031,39.0625,-0.1805165868955289,True,False,False,False,False,False,False,False,False
closed-610,XLM/USDT,1784776906.594311,1785237188.7818818,False,0.1855,0.1706,78.125,-6.275269541778975,True,False,False,False,False,True,False,False,False
closed-596,WLD/USDT,1784818916.682467,1784930308.5826585,False,0.3744,0.3441,39.0625,-3.161308092948717,True,False,False,True,False,True,False,False,False
closed-601,EIGEN/USDT,1784843834.7607162,1784978595.6369631,False,0.2195,0.2013,78.125,-6.47779043280182,True,True,True,True,False,True,False,True,True
closed-615,VVV/USDT,1784856817.660412,1785529289.0322266,False,11.686,11.665,58.59375,-0.10529426236522733,True,False,False,False,False,True,False,False,False
closed-597,STX/USDT,1784867931.568794,1784944571.1777236,False,0.1484,0.1365,19.53125,-1.566185141509433,True,True,True,True,True,True,False,True,True
closed-600,TNSR/USDT,1784881629.385052,1784967395.6694243,False,0.0339,0.0338,19.53125,-0.057614306784662415,True,True,True,True,True,True,False,True,True
closed-611,JTO/USDT,1784898527.0126078,1785238204.645267,False,0.6031,0.5537,39.0625,-3.199614491792406,True,True,True,False,False,True,False,False,False
closed-605,STX/USDT,1784944650.0154264,1785195048.6526556,False,0.1365,0.1351,19.53125,-0.20032051282051458,True,False,False,False,False,False,False,False,False
closed-602,CHILLGUY/USDT,1784966458.4272392,1785158801.0736465,False,0.011383,0.011381,39.0625,-0.006863304928402913,True,True,True,True,True,True,False,True,True
open-15,PUMP/USDT,1784967160.36974,1788977626.024947,True,0.00177,0.004696,58.59375,96.86175847457623,True,False,False,False,False,False,False,False,False
closed-606,TNSR/USDT,1784967476.685054,1785195048.7016633,False,0.0338,0.0305,19.53125,-1.9068971893491111,True,False,False,False,False,False,False,False,False
closed-604,CHILLGUY/USDT,1785158880.5788834,1785167004.4460168,False,0.011381,0.010387,39.0625,-3.4116619804938058,True,False,False,False,False,False,False,False,False
closed-609,CHILLGUY/USDT,1785167081.2213843,1785229540.8323815,False,0.010387,0.00948,39.0625,-3.4109644266872046,True,False,False,False,False,False,False,False,False
open-16,MNT/USDT,1785302795.7687016,1788977626.024947,True,0.4002,0.62657,11.71875,6.628619284107944,True,True,True,True,False,True,False,True,True
closed-616,AAVE/USDT,1785359597.9603548,1785531937.8632655,False,94.75,94.45,39.0625,-0.1236807387862785,True,False,False,False,True,False,False,True,True
closed-624,JUP/USDT,1785369741.2278616,1786018190.1896732,False,0.1981,0.1822,39.0625,-3.135253659767794,True,True,True,True,True,True,False,True,True
open-17,ACE/USDT,1785440391.5781527,1788977626.024947,True,0.063,0.1738,19.53125,34.35019841269841,True,False,True,True,True,True,False,False,False
open-18,CAKE/USDT,1785499560.7041657,1788977626.024947,True,1.478,2.267,39.0625,20.852714817320706,True,True,True,True,True,True,False,True,True
closed-632,AAVE/USDT,1785532016.462338,1786463368.0609703,False,94.45,86.6,39.0625,-3.246592112228696,True,True,True,False,False,True,False,False,False
closed-621,INJ/USDT,1785556959.1757183,1785891930.927656,False,4.844,4.842,78.125,-0.032256399669705234,True,True,True,True,True,True,False,True,True
closed-619,HYPER/USDT,1785631351.6740508,1785716628.5932615,False,0.0644,0.0637,11.71875,-0.12737771739130294,True,True,True,True,True,True,False,True,True
closed-620,HYPER/USDT,1785716707.378861,1785847860.9385912,False,0.0637,0.0586,11.71875,-0.9382358712715868,True,False,False,False,False,False,False,False,False
closed-622,VVV/USDT,1785787566.5668435,1785929960.3882284,False,12.454,11.293,39.0625,-3.641525814999201,True,True,True,True,True,True,False,True,True
open-19,HYPER/USDT,1785847939.902237,1788977626.024947,True,0.0586,0.072904,11.71875,2.8604948805460753,True,True,True,False,False,True,False,True,True
closed-626,INJ/USDT,1785892007.6691916,1786184292.3952162,False,4.842,4.447,39.0625,-3.1866351714167664,True,False,False,False,False,False,False,False,False
closed-623,HMSTR/USDT,1785960268.6308312,1785992224.0452156,False,0.0001961,0.0001956,19.53125,-0.04979920958694395,True,True,True,True,True,True,False,True,True
closed-625,HMSTR/USDT,1785992301.1575217,1786158493.653208,False,0.0001956,0.0001947,39.0625,-0.17973542944785711,True,False,False,False,False,False,False,False,False
closed-655,GMX/USDT,1786075388.889229,1787040369.095622,False,6.46,6.4586,58.59375,-0.012698335913315324,True,True,True,True,True,True,False,True,True
closed-635,BONK/USDT,1786118688.6852303,1786536716.1107192,False,2.46e-06,2.26e-06,19.53125,-1.5879065040650422,True,True,True,True,True,True,False,True,True
closed-627,HMSTR/USDT,1786158572.5481765,1786297011.9119968,False,0.0001947,0.0001944,78.125,-0.12037750385207219,True,True,True,False,False,True,False,True,True
closed-649,STABLE/USDT,1786183822.3444536,1786858363.804993,False,0.03279,0.029939,19.53125,-1.6981882814882583,True,True,True,True,True,True,False,True,True
closed-628,HMSTR/USDT,1786297090.9603467,1786337646.5352714,False,0.0001944,0.0001941,78.125,-0.1205632716049412,True,False,False,True,False,False,False,False,False
closed-629,CHILLGUY/USDT,1786305971.8250794,1786346488.0335228,False,0.011933,0.010962,39.0625,-3.1785542193916023,True,True,True,True,True,True,False,True,True
closed-630,GRIFFAIN/USDT,1786305971.8689485,1786374202.2065203,False,0.011439,0.011304,58.59375000000001,-0.6915076711250969,True,True,True,True,True,True,False,True,True
closed-638,HMSTR/USDT,1786337725.4918458,1786554649.8527498,False,0.0001941,0.0001785,78.125,-6.278979907264297,True,True,False,False,False,False,False,False,False
closed-656,JTO/USDT,1786348922.4082553,1787056728.997328,False,0.5649,0.56388,39.0625,-0.07053239511417328,True,True,True,True,True,True,False,True,True
closed-631,GRIFFAIN/USDT,1786374284.6118248,1786463022.515442,False,0.011304,0.011284,78.125,-0.13822540693559238,True,False,False,False,False,False,False,False,False
closed-745,PAXG/USDT,1786392464.4821825,1788251864.6502802,False,4379.06,4375.3,39.0625,-0.03354030317008867,True,True,True,True,True,True,False,True,True
closed-641,GRIFFAIN/USDT,1786463111.6804478,1786645650.0858176,False,0.011284,0.011256,78.125,-0.19385856079404637,True,True,True,False,False,True,False,True,True
closed-636,KAITO/USDT,1786528991.197213,1786539212.6309724,False,0.5334,0.4905,19.53125,-1.5708485658042743,True,False,False,False,False,False,False,False,False
open-20,LINK/USDT,1786536716.159359,1788977626.024947,True,8.867,11.992,39.0625,13.766810928160597,True,True,True,True,True,True,False,True,True
closed-637,KAITO/USDT,1786539289.400969,1786549970.5762408,False,0.4905,0.451,19.53125,-1.5728529561671756,True,False,False,False,False,False,False,False,False
closed-640,KAITO/USDT,1786550052.0121503,1786580526.3171945,False,0.451,0.4503,19.53125,-0.030314578713970426,True,True,False,False,False,False,False,False,False
closed-643,KAITO/USDT,1786580611.9872696,1786684431.604457,False,0.4503,0.4135,11.71875,-0.957694870086609,True,False,False,False,False,False,False,False,False
closed-646,INJ/USDT,1786594563.1878557,1786719650.3122907,False,4.677,4.238,58.59375,-5.499819595894794,True,True,True,True,True,True,False,True,True
closed-642,CHILLGUY/USDT,1786608452.482141,1786646585.89958,False,0.01174,0.010739,58.59375,-4.995940694207837,True,True,True,True,False,True,False,True,True
open-21,VVV/USDT,1786608452.5302684,1788977626.024947,True,12.419,24.561,39.0625,38.191229164989124,True,True,True,True,True,True,False,True,True
open-22,BONK/USDT,1786637063.9546716,1788977626.024947,True,2.34e-06,3e-06,19.53125,5.508814102564105,True,True,True,False,False,True,False,True,True
open-23,BCH/USDT,1786644169.5905697,1788977626.024947,True,205.6,257.86,19.53125,4.964509362840471,True,True,True,True,True,True,False,True,True
closed-743,GRIFFAIN/USDT,1786645729.2611578,1788240944.404377,False,0.011256,0.011232,78.125,-0.16657782515991273,True,False,False,True,False,False,False,False,False
closed-648,KAITO/USDT,1786684508.3852868,1786834650.8625288,False,0.4135,0.36521,11.71875,-1.3685572853688028,True,True,True,False,False,True,False,True,True
closed-653,PIXEL/USDT,1786728312.629756,1786949456.2665522,False,0.00479,0.00471,19.53125,-0.3262004175365353,True,True,True,True,True,True,True,True,True
closed-650,HEMI/USDT,1786853877.180719,1786878556.8057334,False,0.007899,0.007819,58.59375,-0.5934295480440578,True,True,True,True,True,True,False,True,True
closed-694,STABLE/USDT,1786858683.4968398,1787538823.5157135,False,0.029939,0.029603,19.53125,-0.2191956979191019,True,False,False,False,False,False,False,False,False
closed-651,HEMI/USDT,1786878878.200589,1786879518.7230535,False,0.007819,0.006563,58.59375,-9.412169075329322,True,False,False,False,False,False,False,False,False
closed-652,HEMI/USDT,1786879837.834288,1786891736.4806454,False,0.006563,0.006006,58.59375,-4.972835403016915,True,False,False,False,False,False,False,False,False
closed-654,WLD/USDT,1786930216.0583718,1787026253.0600965,False,0.36777,0.32694,78.125,-8.673474590097067,True,True,True,True,True,True,False,True,True
closed-657,HEMI/USDT,1786987757.442123,1787064439.6142116,False,0.007213,0.006581,58.59375,-5.133959517537777,True,True,True,False,False,True,False,True,True
closed-689,JTO/USDT,1787057048.5121198,1787463733.018082,False,0.56388,0.56371,78.125,-0.02355332694899672,True,False,False,False,False,False,False,False,False
open-25,GMX/USDT,1787069249.816467,1788977626.024947,True,6.5498,8.0939,78.125,18.41778565757733,True,True,False,False,False,False,False,True,True
closed-705,HEMI/USDT,1787102917.9680986,1787687118.4858208,False,0.007009,0.007008,58.59375,-0.008359787416173057,True,True,False,True,False,False,False,True,True
open-26,VINE/USDT,1787105487.6929123,1788977626.024947,True,0.007235,0.007965,11.71875,1.1824032480995168,True,True,True,True,False,True,False,True,True
open-27,ETH/USDT,1787155565.3985307,1788977626.024947,True,2084.8,2492.0,39.0625,7.629628741366076,True,True,True,True,True,True,True,True,True
open-28,AAVE/USDT,1787160381.2779498,1788977626.024947,True,91.95,129.02,39.0625,15.748198749320286,True,True,True,True,True,True,False,True,True
open-29,UNI/USDT,1787160381.3346653,1788977626.024947,True,3.4872,6.602,58.59375,52.33649131108053,True,True,True,True,False,True,False,True,True
open-30,BTC/USDT,1787170638.0881615,1788977626.024947,True,68608.0,78748.0,58.59375,8.659932150769587,True,True,True,True,True,True,False,True,True
open-31,BNB/USDT,1787179310.8495047,1788977626.024947,True,630.04,740.15,58.59375,10.240235243000443,True,True,True,True,True,True,False,True,True
open-32,SPX/USDT,1787179310.8930006,1788977626.024947,True,0.3619,0.52004,39.0625,17.069200746062446,True,True,True,True,True,True,False,True,True
open-33,LDO/USDT,1787179310.943622,1788977626.024947,True,0.33181,0.3824,58.59375,8.9335999894518,True,True,True,True,True,True,False,True,True
closed-736,ONDO/USDT,1787179310.9892206,1788133071.1906521,False,0.34686,0.3441,39.0625,-0.3108242518595381,True,True,True,True,True,True,False,True,True
closed-725,COMP/USDT,1787198553.4763155,1787926816.7198436,False,18.94,18.88,58.59375,-0.18561906019008095,True,True,True,True,True,True,False,True,True
closed-678,ASTER/USDT,1787217826.342816,1787387663.1870599,False,0.67359,0.66445,39.0625,-0.5300423848335061,True,True,True,True,True,True,False,True,True
closed-666,CHILLGUY/USDT,1787217826.4009047,1787376110.878324,False,0.012019,0.011891,58.59375,-0.6240119810300341,True,True,True,True,True,True,False,True,True
closed-662,KAITO/USDT,1787221072.8077412,1787260860.9836473,False,0.34704,0.34578,11.71875,-0.04254732883817559,True,True,True,True,True,True,False,True,True
closed-658,XRP/USDT,1787237121.7186184,1787252837.4153068,False,1.2375,1.228,39.0625,-0.2998737373737394,True,True,True,True,True,True,True,True,True
closed-747,MON/USDT,1787237121.7899277,1788285226.3372793,False,0.02598,0.02595,78.125,-0.09021362586604713,True,True,True,True,True,True,False,True,True
closed-659,XLM/USDT,1787237441.916199,1787252837.4662867,False,0.1809,0.1787,19.53125,-0.2375276395798792,True,True,True,True,True,True,False,True,True
open-34,ENA/USDT,1787242256.1318283,1788977626.024947,True,0.10197,0.15692,39.0625,21.050155683044025,True,True,True,True,True,True,False,True,True
open-35,XRP/USDT,1787253158.4770386,1788977626.024947,True,1.228,1.4198,58.59375,9.151694828990228,True,False,False,False,False,False,False,False,False
closed-716,XLM/USDT,1787253158.5286036,1787756781.980412,False,0.1787,0.1781,39.0625,-0.13115556799104414,True,False,False,False,False,False,False,False,False
open-36,FLOKI/USDT,1787256048.972188,1788977626.024947,True,2.317e-05,2.5764e-05,78.125,8.74649331031506,True,True,True,True,True,True,False,True,True
closed-691,FARTCOIN/USDT,1787257012.0257638,1787471762.5315058,False,0.16936,0.16901,58.59375,-0.12109005963628361,True,True,True,True,True,True,False,True,True
closed-756,INJ/USDT,1787257012.0682034,1788385054.1737638,False,4.7554,4.752,39.0625,-0.02792877570761718,True,True,True,True,False,True,False,True,True
open-37,SKY/USDT,1787257012.1127574,1788977626.024947,True,0.06192,0.063671,58.59375,1.6569388929263624,True,True,True,True,True,True,False,True,True
closed-693,KAITO/USDT,1787261180.5908942,1787538823.4446368,False,0.34578,0.34073,11.71875,-0.17114838191913928,True,False,False,False,False,False,False,False,False
closed-686,AR/USDT,1787276574.8004525,1787459882.172845,False,2.062,2.061,58.59375,-0.028415979631422672,True,True,True,True,True,True,False,True,True
open-38,PENDLE/USDT,1787276574.8620646,1788977626.024947,True,1.5459,2.0749,39.0625,13.367011126204797,True,True,True,True,True,True,False,True,True
open-39,VIRTUAL/USDT,1787276574.9256353,1788977626.024947,True,0.6426,0.69134,58.59375,4.444225606909436,True,True,True,True,True,True,False,True,True
closed-690,WLD/USDT,1787276574.9872198,1787465015.8051527,False,0.371,0.3704,78.125,-0.12634770889487645,True,True,True,True,False,True,False,True,True
closed-688,JUP/USDT,1787296143.476965,1787460843.840193,False,0.19457,0.1944,58.59375,-0.05119462147299277,True,True,True,True,True,True,False,True,True
closed-724,SYRUP/USDT,1787296143.531936,1787923608.5315394,False,0.183,0.1815,58.59375,-0.48027663934426273,True,True,True,True,True,True,True,True,True
closed-672,TURBO/USDT,1787306088.5451221,1787376433.2074847,False,0.001081,0.000988,39.0625,-3.3606036077705825,True,True,True,True,True,True,False,True,True
open-40,WIF/USDT,1787316031.5413108,1788977626.024947,True,0.1857,0.21198,58.59375,8.292104200323097,True,True,True,True,True,True,False,True,True
closed-682,ARB/USDT,1787316031.607199,1787436445.4172454,False,0.09681,0.09674,39.0625,-0.02824475777295199,True,True,True,True,True,True,False,True,True
closed-679,HMSTR/USDT,1787316031.6526325,1787393763.4409587,False,0.000192,0.000192,58.593792,0.0,True,True,True,True,True,True,False,True,True
closed-670,ICP/USDT,1787316031.7026362,1787376111.0793548,False,2.4679,2.4551,58.59374999999999,-0.3039021030025615,True,True,True,True,True,True,False,True,True
closed-707,LTC/USDT,1787316031.752325,1787691289.0841475,False,50.44,50.17,58.59375,-0.31364616375891685,True,True,True,True,True,True,True,True,True
open-41,MINA/USDT,1787316031.7994938,1788977626.024947,True,0.050529,0.087546,58.59375,42.92514880068871,True,True,True,True,True,True,False,True,True
closed-681,TIA/USDT,1787316031.8481514,1787414625.3088999,False,0.3764,0.3755,58.59374999999999,-0.14010195270988493,True,True,True,True,True,True,False,True,True
closed-752,TRB/USDT,1787316031.898211,1788343972.7481065,False,16.35,16.35,58.593495000000004,0.0,True,True,True,True,True,True,False,True,True
closed-674,XPL/USDT,1787316031.9495687,1787376433.3033106,False,0.10111,0.09423,58.59375,-3.9869943625754196,True,True,True,True,True,True,False,True,True
closed-754,ENS/USDT,1787330533.7404306,1788351029.1034825,False,5.3742,5.364,58.59375,-0.11120841241487332,True,True,True,True,True,True,False,True,True
closed-668,EIGEN/USDT,1787335674.933256,1787376110.977692,False,0.2159,0.2158,39.0625,-0.018092867068090105,True,True,True,True,True,True,False,True,True
closed-709,DASH/USDT,1787348509.3227394,1787692257.2431467,False,38.079,37.894,58.59375,-0.28466723784763603,True,True,True,True,True,True,False,True,True
closed-663,AVAX/USDT,1787355247.4307506,1787376110.7247288,False,7.8877,7.6919,39.0625,-0.9696663792994122,True,True,True,True,True,True,True,True,True
closed-664,SUI/USDT,1787355247.5039132,1787376110.7796724,False,0.85385,0.84165,58.59375,-0.8372006207179239,True,True,True,True,True,True,False,True,True
closed-665,ALGO/USDT,1787355247.8064127,1787376110.8289063,False,0.097594,0.096088,58.59375,-0.9041763581777529,True,True,True,True,True,True,False,True,True
closed-667,DOGE/USDT,1787355247.865448,1787376110.9288719,False,0.092489,0.090182,58.59375000000001,-1.461533601293129,True,True,True,True,True,True,False,True,True
closed-710,ETC/USDT,1787355247.9277246,1787692257.3147435,False,8.298,7.543,58.59375,-5.331198029645696,True,True,True,True,True,True,False,True,True
closed-669,HBAR/USDT,1787355247.990655,1787376111.0267005,False,0.080468,0.079147,58.59375,-0.9619021691852683,True,True,True,True,True,True,False,True,True
closed-671,TAO/USDT,1787355248.0483787,1787376433.1582885,False,233.0,228.5,58.59375,-1.1316389484978542,True,True,True,True,True,True,False,True,True
closed-675,ZEN/USDT,1787355248.110739,1787376433.3585331,False,5.3395,5.2784,58.59375,-0.670489395074442,True,True,True,True,True,True,False,True,True
open-42,TRUMP/USDT,1787366154.2547374,1788977626.024947,True,2.097,2.1776,39.0625,1.5014008106819297,True,True,True,True,True,True,False,True,True
closed-676,FIL/USDT,1787375150.025655,1787377394.4848084,False,0.85667,0.78679,39.0625,-3.1863932436060582,True,True,True,True,True,True,False,True,True
closed-680,KAS/USDT,1787375150.0972967,1787393763.5045707,False,0.031633,0.029069,58.59375,-4.749292669048145,True,True,True,True,True,True,False,True,True
open-43,STX/USDT,1787375150.1669824,1788977626.024947,True,0.2001,0.27401,39.0625,14.42833270864567,True,True,True,True,True,True,False,True,True
closed-684,SUPER/USDT,1787375150.237171,1787457959.3496432,False,0.1058,0.0967,58.59374999999999,-5.039727079395091,True,True,True,True,True,True,False,True,True
closed-677,TNSR/USDT,1787375150.3003032,1787379320.8906484,False,0.0384,0.0352,58.59374999999999,-4.882812499999992,True,True,True,True,True,True,False,True,True
closed-673,WLFI/USDT,1787375150.3591092,1787376433.253495,False,0.0719,0.0624,58.59375,-7.741872392211412,True,True,True,True,True,True,False,True,True
open-44,AVAX/USDT,1787376432.6316948,1788977626.024947,True,7.6919,7.9277,39.0625,1.197485341723108,True,False,False,False,False,False,False,False,False
closed-712,SUI/USDT,1787376432.7132037,1787701560.3684723,False,0.84165,0.75855,58.59375,-5.785232133309575,True,False,False,False,False,False,False,False,False
closed-717,ALGO/USDT,1787376432.7861915,1787761914.8450506,False,0.096088,0.08781,58.59375000000001,-5.04786302660062,True,False,False,False,False,False,False,False,False
closed-733,CHILLGUY/USDT,1787376432.8564944,1788122171.3260415,False,0.011891,0.011836,78.125,-0.3613552266420062,True,False,False,False,False,False,False,False,False
closed-687,DOGE/USDT,1787376432.9275753,1787460843.7557864,False,0.090182,0.089635,58.59374999999999,-0.3554010916812615,True,False,False,False,False,False,False,False,False
closed-702,EIGEN/USDT,1787376432.9893923,1787653408.4315777,False,0.2158,0.2152,39.0625,-0.10860750695087854,True,False,False,False,False,False,False,False,False
closed-704,HBAR/USDT,1787376433.0464966,1787687118.4065325,False,0.079147,0.078974,58.59375,-0.12807457957976381,True,False,False,False,False,False,False,False,False
closed-758,ICP/USDT,1787376433.1042967,1788387946.682192,False,2.4551,2.4513,58.59375,-0.0906913160360073,True,False,False,False,False,False,False,False,False
closed-711,TAO/USDT,1787376753.0640965,1787692257.3674452,False,228.5,225.9,78.125,-0.8889496717724269,True,False,False,False,False,False,False,False,False
closed-708,TURBO/USDT,1787376753.4304183,1787691289.146117,False,0.000988,0.000987,58.59375,-0.05930541497975211,True,False,False,False,False,False,False,False,False
closed-685,WLFI/USDT,1787376753.4893186,1787457959.4139576,False,0.0624,0.0572,58.59375,-4.8828124999999964,True,False,False,False,False,False,False,False,False
closed-701,XPL/USDT,1787376753.547128,1787649557.4402645,False,0.09423,0.09388,78.12500000000001,-0.2901809402525646,True,False,False,False,False,False,False,False,False
closed-683,ZEN/USDT,1787376753.6091766,1787455692.163963,False,5.2784,5.265,58.59375,-0.14874891065475213,True,False,False,False,False,False,False,False,False
closed-713,FIL/USDT,1787377715.8645763,1787701560.4522235,False,0.78679,0.71184,39.0625,-3.7211128445963966,True,False,False,False,False,False,False,False,False
closed-744,TNSR/USDT,1787379642.6392272,1788245112.2978292,False,0.0352,0.0352,58.59392,0.0,True,False,False,False,False,False,False,False,False
open-45,ASTER/USDT,1787387984.7033122,1788977626.024947,True,0.66445,0.74298,58.59375,6.925076661148314,True,False,False,False,False,False,False,False,False
closed-735,HMSTR/USDT,1787394083.4562736,1788125054.165711,False,0.000192,0.000175,78.125,-6.917317708333336,True,False,False,False,False,True,False,False,False
closed-731,TIA/USDT,1787414948.078544,1787944148.4818118,False,0.3755,0.34,58.59375,-5.539489014647133,True,False,False,False,False,False,False,False,False
closed-698,ARB/USDT,1787436767.1914432,1787603663.3879664,False,0.09674,0.09665,39.0625,-0.03634096547447036,True,False,False,False,False,False,False,False,False
closed-692,ZRO/USDT,1787437410.9899712,1787523427.578337,False,1.181,1.1748,58.59375,-0.3076047840812862,True,True,True,True,True,True,False,True,True
closed-703,ZEN/USDT,1787456013.774626,1787671073.8053315,False,5.265,5.2593,58.59375000000001,-0.0634348290598295,True,True,False,False,False,False,False,False,False
closed-730,AR/USDT,1787460201.760092,1787941904.3174171,False,2.061,2.057,58.59375,-0.11371906841339166,True,False,False,False,False,False,False,False,False
closed-697,DOGE/USDT,1787461169.249383,1787592441.9141643,False,0.089635,0.089015,78.125,-0.5403860099291653,True,True,False,False,False,False,False,False,False
open-46,JUP/USDT,1787461169.3169212,1788977626.024947,True,0.1944,0.24724,58.59375,15.92640817901235,True,False,False,False,False,False,False,False,False
closed-696,JTO/USDT,1787464052.961138,1787579269.2347763,False,0.56371,0.56166,39.0625,-0.14205553387380007,True,True,True,True,False,True,False,False,False
closed-738,WLD/USDT,1787465335.4180343,1788133071.3166823,False,0.3704,0.3615,78.125,-1.877193574514043,True,False,False,False,False,False,False,False,False
closed-749,FARTCOIN/USDT,1787472084.5583196,1788288110.3458478,False,0.16901,0.16669,78.125,-1.0724217501922912,True,False,False,False,False,False,False,False,False
closed-715,SUPER/USDT,1787518614.9741669,1787755820.6301594,False,0.1075,0.1075,58.59394999999999,0.0,True,True,False,False,False,False,False,True,True
closed-699,ZRO/USDT,1787523750.8194785,1787644421.7933943,False,1.1748,1.0744,78.125,-6.676668369084101,True,False,False,False,False,False,False,False,False
closed-726,STABLE/USDT,1787555196.2889938,1787927778.6662662,False,0.029603,0.026291,19.53125,-2.185167043880689,True,True,True,True,True,True,False,True,True
closed-695,GRASS/USDT,1787559050.7811475,1787574132.4044147,False,0.3778,0.34622,58.59374999999999,-4.897804724722073,True,True,True,True,True,True,False,True,True
closed-700,JTO/USDT,1787579589.5833778,1787647310.7419324,False,0.56166,0.56107,39.0625,-0.04103349891393998,True,False,False,False,False,False,False,False,False
closed-741,DOGE/USDT,1787592763.0673716,1788145264.2301683,False,0.089015,0.08159,58.59375,-4.88747507442566,True,False,True,True,False,True,False,False,False
closed-718,ARB/USDT,1787603982.510226,1787761914.9006243,False,0.09665,0.08863,39.0625,-3.2413993792033104,True,True,True,False,False,True,False,True,True
closed-706,GRASS/USDT,1787620032.3998373,1787688404.3274841,False,0.37144,0.33981,78.125,-6.652740011845788,True,True,False,False,False,False,False,True,True
closed-732,ZRO/USDT,1787644743.3121128,1787970452.9039638,False,1.0744,1.0737,78.125,-0.05090050260610013,True,True,True,False,False,True,False,False,False
closed-720,JTO/USDT,1787647630.5436575,1787761915.0052087,False,0.56107,0.50968,19.53125,-1.7889228393961516,True,True,False,False,False,False,False,True,True
closed-721,XPL/USDT,1787649878.6262581,1787761915.0561056,False,0.09388,0.08401,78.125,-8.213610460161911,True,True,True,True,False,True,False,True,True
closed-719,EIGEN/USDT,1787653734.2918935,1787761914.9519312,False,0.2152,0.1962,39.0625,-3.4488266728624515,True,True,True,True,False,True,False,True,True
closed-739,ZEN/USDT,1787671393.3663554,1788134352.2745242,False,5.2593,5.2295,58.59375,-0.33200116935713686,True,False,True,True,False,True,False,False,False
closed-771,HBAR/USDT,1787687441.4946203,1788914302.9170012,False,0.078974,0.078845,58.59375,-0.0957099013599443,True,True,True,True,False,True,False,True,True
closed-714,HEMI/USDT,1787687441.5580835,1787754858.5570233,False,0.007008,0.007001,39.0625,-0.039017908105023175,True,False,True,False,True,True,False,False,False
open-47,LTC/USDT,1787691612.36279,1788977626.024947,True,50.17,54.447,78.125,6.660167929041262,True,False,False,False,False,False,False,False,False
closed-723,TURBO/USDT,1787691612.4212477,1787885115.3221166,False,0.000987,0.000982,58.59375,-0.296827507598785,True,True,True,True,False,True,False,True,True
closed-727,DASH/USDT,1787692577.1249502,1787933875.6318846,False,37.894,37.66,78.125,-0.48243125560775163,True,False,False,False,False,False,False,False,False
closed-728,ETC/USDT,1787692577.1906445,1787933875.7071302,False,7.543,7.4745,58.59375,-0.5321055117327341,True,False,False,False,False,False,False,False,False
closed-740,TAO/USDT,1787692577.2622232,1788135319.233328,False,225.9,225.6,78.125,-0.10375166002656434,True,True,True,True,False,True,False,True,True
closed-737,SUPER/USDT,1787756140.6619825,1788133071.2623105,False,0.1075,0.1057,58.59375,-0.9811046511627886,True,False,True,True,False,True,False,False,False
closed-729,XLM/USDT,1787757103.8053007,1787933875.7826982,False,0.1781,0.1781,78.12534600000001,0.0,True,True,True,True,False,True,False,True,True
closed-751,GRASS/USDT,1787782118.7022953,1788325025.8708887,False,0.37537,0.34419,58.59375,-4.867072821482802,True,True,True,True,False,True,False,True,True
closed-722,HEMI/USDT,1787861705.5252905,1787885115.2618735,False,0.01004,0.010037,39.0625,-0.011672061752986221,True,True,True,True,False,True,False,True,True
closed-766,HEMI/USDT,1787885436.9595757,1788755258.2887301,False,0.010037,0.009943,39.0625,-0.365833914516291,True,False,False,False,False,False,False,False,False
closed-734,TURBO/USDT,1787885437.0485935,1788123131.7263014,False,0.000982,0.000982,78.124974,0.0,True,False,False,False,False,False,False,False,False
open-48,COMP/USDT,1787927138.1229908,1788977626.024947,True,18.88,20.197,78.125,5.449715307203392,True,False,False,False,False,False,False,False,False
open-49,DASH/USDT,1787934197.633956,1788977626.024947,True,37.66,64.729,78.125,56.154158921933096,True,True,True,True,False,True,False,False,False
open-50,AR/USDT,1787942223.6466575,1788977626.024947,True,2.057,2.8179,78.125,28.89903378706855,True,True,True,True,False,True,False,False,False
closed-762,ZRO/USDT,1787970773.8208308,1788526750.9931068,False,1.0737,1.0576,78.125,-1.1714748067430383,True,False,False,True,False,False,False,True,True
closed-750,CHILLGUY/USDT,1788122490.6389694,1788288110.4033659,False,0.011836,0.010872,39.0625,-3.181501351808042,True,True,True,True,True,True,False,True,True
closed-769,TURBO/USDT,1788123452.6694498,1788875150.5290868,False,0.000982,0.000981,39.0625,-0.03977851323828586,True,True,True,True,True,True,False,True,True
closed-757,SUPER/USDT,1788133390.811674,1788386980.6799479,False,0.1057,0.1057,78.124984,0.0,True,True,False,False,True,False,False,False,False
open-51,ZEN/USDT,1788134671.7252111,1788977626.024947,True,5.2295,7.8035,78.125,38.45372406539822,True,True,False,False,True,False,False,True,True
closed-755,ANIME/USDT,1788137884.9913085,1788385054.112423,False,0.002988,0.002738,19.53125,-1.6341407295850081,True,True,True,True,True,True,False,True,True
closed-742,ZORA/USDT,1788143655.4969327,1788222969.8660395,False,0.008656,0.008611,19.53125,-0.10153722851201456,True,True,True,True,True,True,False,True,True
closed-748,ZORA/USDT,1788223289.4604514,1788285226.409023,False,0.008611,0.007781,19.53125,-1.882584775287425,True,False,False,False,False,False,False,False,False
closed-753,ARB/USDT,1788265018.407485,1788344934.7932074,False,0.11189,0.1113,78.125,-0.41195593886853665,True,True,True,True,True,True,False,True,True
open-52,TRX/USDT,1788282019.7236366,1788977626.024947,True,0.32254,0.33985,19.53125,1.048198479258384,True,True,False,False,True,False,False,True,True
closed-759,MON/USDT,1788285545.5100086,1788526750.8175113,False,0.02595,0.02576,39.0625,-0.2860067437379564,True,False,False,False,False,False,False,False,False
open-53,SYRUP/USDT,1788322135.0739396,1788977626.024947,True,0.1935,0.22649,78.125,13.319605943152446,True,True,True,True,False,True,False,True,True
open-54,TRB/USDT,1788344294.105202,1788977626.024947,True,16.35,18.084,78.125,8.285550458715582,True,False,False,False,False,True,False,False,False
open-55,ARB/USDT,1788345254.9830918,1788977626.024947,True,0.1113,0.15329,78.125,29.474112758310877,True,False,False,False,False,False,False,False,False
open-56,SUPER/USDT,1788387304.3382876,1788977626.024947,True,0.1057,0.12788,39.0625,8.196842478713341,True,False,True,True,False,True,False,True,True
closed-763,ICP/USDT,1788388266.1440485,1788532851.1641378,False,2.4513,2.4505,39.0625,-0.012748337616773369,True,True,True,True,True,True,False,True,True
closed-764,ONDO/USDT,1788404962.542912,1788533812.262478,False,0.3517,0.3516,39.0625,-0.0111067671310764,True,True,True,True,False,True,False,True,True
open-57,PAXG/USDT,1788422952.1824617,1788977626.024947,True,4445.1,4415.1,78.125,-0.527265978268205,True,True,True,False,False,True,False,True,True
closed-760,WLD/USDT,1788445106.2243848,1788526750.8821988,False,0.3775,0.3775,58.59555,0.0,True,True,True,True,True,True,False,True,True
closed-761,XPL/USDT,1788445106.2824805,1788526750.9336545,False,0.0932,0.093,39.0625,-0.08382510729613973,True,True,True,True,True,True,False,True,True
open-58,ETC/USDT,1788464996.6536446,1788977626.024947,True,7.6277,8.1595,39.0625,2.723420887030164,True,True,True,True,True,True,False,True,True
open-59,TIA/USDT,1788464996.7185879,1788977626.024947,True,0.3704,0.39283,39.0625,2.3654748245140365,True,True,True,True,True,True,False,True,True
open-60,XLM/USDT,1788464996.773688,1788977626.024947,True,0.1869,0.1853,58.59375,-0.501605136436602,True,True,True,True,True,True,False,True,True
open-61,INJ/USDT,1788484913.967507,1788977626.024947,True,4.9955,6.17,19.53125,4.592023446101491,True,True,True,False,True,True,False,True,True
open-62,CHILLGUY/USDT,1788495178.881841,1788977626.024947,True,0.011806,0.013548999999999999,39.0625,5.767062298831097,True,True,True,True,False,True,False,True,True
open-63,DOGE/USDT,1788495178.9360287,1788977626.024947,True,0.087135,0.089048,78.125,1.7151905089803077,True,True,True,True,True,True,False,True,True
closed-767,GRIFFAIN/USDT,1788495178.9890077,1788795876.5666797,False,0.012499,0.011489,78.125,-6.313005040403236,True,True,True,True,True,True,False,True,True
closed-765,FARTCOIN/USDT,1788509300.8572931,1788746910.7077298,False,0.17199,0.17191,39.0625,-0.018169661026803143,True,True,True,True,True,True,False,True,True
open-64,WLD/USDT,1788527072.4744844,1788977626.024947,True,0.3775,0.43544,39.0625,5.995447019867547,True,False,False,False,False,True,False,False,False
open-65,XPL/USDT,1788527072.5389056,1788977626.024947,True,0.093,0.096304,78.125,2.775537634408607,True,False,False,False,False,False,False,False,False
open-66,ZRO/USDT,1788527072.598937,1788977626.024947,True,1.0576,1.1474,39.0625,3.316766736006045,True,True,True,False,True,True,False,False,False
open-67,ICP/USDT,1788533170.9087477,1788977626.024947,True,2.4505,2.8753,39.0625,6.771577229136918,True,False,False,False,False,False,False,False,False
open-68,ONDO/USDT,1788534134.044687,1788977626.024947,True,0.3516,0.37013,39.0625,2.0586692974971545,True,False,False,False,False,False,False,False,False
open-69,ENS/USDT,1788537676.3739579,1788977626.024947,True,5.769,5.9854,39.0625,1.4652669440110966,True,True,True,True,False,True,False,True,True
open-70,ZORA/USDT,1788538959.5661368,1788977626.024947,True,0.007504,0.008294,19.53125,2.056195029317694,True,True,True,True,False,True,False,True,True
open-71,TAO/USDT,1788606807.5615346,1788977626.024947,True,238.4,258.64,39.0625,3.3163800335570413,True,True,True,True,True,True,False,True,True
open-72,TNSR/USDT,1788606807.636956,1788977626.024947,True,0.0367,0.03688,39.0625,0.19158719346048894,True,True,True,True,True,True,False,True,True
open-73,KAS/USDT,1788626707.8555727,1788977626.024947,True,0.030425,0.035505,58.59375,9.783278553820873,True,True,True,True,True,True,False,True,True
open-74,ALGO/USDT,1788646909.7915192,1788977626.024947,True,0.095755,0.10009,58.59375,2.6526437914469163,True,True,True,True,True,True,False,True,True
closed-768,MON/USDT,1788668078.9320529,1788849470.748906,False,0.02559,0.02547,19.53125,-0.09158851113716451,True,True,True,True,False,True,False,True,True
open-75,DOT/USDT,1788740491.247526,1788977626.024947,True,0.99899,1.1302,58.59375,7.695858754842399,True,True,True,True,True,True,False,True,True
open-76,EIGEN/USDT,1788740491.3399923,1788977626.024947,True,0.2192,0.2125,78.125,-2.387944799270075,True,True,True,True,True,True,False,True,True
closed-774,LINEA/USDT,1788740491.4145417,1788967918.5498927,False,0.002873,0.002629,58.59375,-4.97628785241908,True,True,True,True,True,True,False,True,True
open-77,FARTCOIN/USDT,1788747232.5460517,1788977626.024947,True,0.17191,0.16059,39.0625,-2.572203478564362,True,False,False,False,False,False,False,False,False
closed-770,HEMI/USDT,1788757913.4787083,1788887360.047821,False,0.008892,0.008116,11.71875,-1.0226889338731453,True,True,True,True,True,True,False,True,True
open-78,SUI/USDT,1788784316.4884982,1788977626.024947,True,0.82623,0.79751,58.59375,-2.036736138847537,True,True,True,True,True,True,False,True,True
open-79,FIL/USDT,1788784316.5659244,1788977626.024947,True,0.82865,0.84559,58.59375,1.1978255294756461,True,True,True,True,True,True,False,True,True
open-80,GRIFFAIN/USDT,1788796197.8987024,1788977626.024947,True,0.011489,0.01108,39.0625,-1.3905964400731141,True,False,False,False,False,False,False,False,False
open-81,FET/USDT,1788805186.8357105,1788977626.024947,True,0.18143,0.17563,58.59375,-1.873139778426939,True,True,True,True,True,True,False,True,True
open-82,MON/USDT,1788849790.3524666,1788977626.024947,True,0.02547,0.025563,39.0625,0.14263103651354464,True,False,False,False,False,False,False,False,False
open-83,TURBO/USDT,1788875477.5566816,1788977626.024947,True,0.000981,0.001009,39.0625,1.1149337410805253,True,False,False,False,False,False,False,False,False
closed-772,HEMI/USDT,1788887679.502532,1788917513.1580367,False,0.008116,0.007455,11.71875,-0.9544225911779204,True,False,False,False,False,False,False,False,False
open-84,HBAR/USDT,1788914622.2874842,1788977626.024947,True,0.078845,0.078056,39.0625,-0.390897488743735,True,False,False,False,True,False,False,False,False
closed-775,HEMI/USDT,1788917832.2965813,1788971486.6242065,False,0.007455,0.007295,11.71875,-0.25150905432595505,True,True,False,False,False,False,False,False,False
open-85,NEO/USDT,1788949306.8638747,1788977626.024947,True,2.2625,2.2348,39.0625,-0.47824585635359784,True,True,True,True,True,True,False,True,True
open-86,KPEPE/USDT,1788958467.1165001,1788977626.024947,True,0.003729,0.003616,78.125,-2.367424242424249,True,True,True,True,True,True,True,True,True
open-87,KSHIB/USDT,1788958467.1789548,1788977626.024947,True,0.005456,0.005388,78.125,-0.9736986803518967,True,True,True,True,True,True,True,True,True
open-88,KFLOKI/USDT,1788958546.2017484,1788977626.024947,True,0.026372,0.025764,78.125,-1.801152737752167,True,True,True,True,True,True,True,True,True
open-89,ANIME/USDT,1788958625.9422479,1788977626.024947,True,0.003084,0.00302,19.53125,-0.40531776913099726,True,True,True,True,False,True,False,True,True
open-90,YGG/USDT,1788959146.5514233,1788977626.024947,True,0.023268,0.023234,19.53125,-0.028539732680075633,True,True,True,True,True,True,False,True,True
open-91,GRASS/USDT,1788971486.543854,1788977626.024947,True,0.36995,0.38355,58.59375,2.15400729828355,True,True,True,True,True,True,False,True,True
open-92,HEMI/USDT,1788971564.2751281,1788977626.024947,True,0.007295,0.007286,11.71875,-0.014457676490747806,True,False,False,False,False,False,False,True,True
open-93,POLYX/USDT,1788975722.0147963,1788977626.024947,True,0.037464,0.037464,58.59375,0.0,True,True,True,True,True,True,False,True,True
open-94,ZETA/USDT,1788975799.18871,1788977626.024947,True,0.03442,0.03442,78.125,0.0,True,True,True,True,True,True,False,True,True
open-95,ZK/USDT,1788975799.2512863,1788977626.024947,True,0.010694,0.010694,58.59375,0.0,True,True,True,True,True,True,True,True,True
open-96,RENDER/USDT,1788975799.3098478,1788977626.024947,True,1.5356,1.5356,78.125,0.0,True,True,True,True,True,True,False,True,True
open-97,LINEA/USDT,1788975876.3849204,1788977626.024947,True,0.002737,0.002737,78.125,0.0,True,False,False,False,False,False,False,True,False
